q1,q2,cost,valid_flag,projection_error,dist_proj_to_goal_proj,stage2_pos_error,stage2_pose_error,o4_proj_x,o4_proj_y,o4_proj_z
-1.390000,-1.740000,inf,0,inf,inf,inf,inf,0.000000,0.000000,0.000000
-1.390000,-1.696500,inf,0,inf,inf,inf,inf,0.000000,0.000000,0.000000
-1.390000,-1.653000,inf,0,inf,inf,inf,inf,0.000000,0.000000,0.000000
-1.390000,-1.609500,inf,0,inf,inf,inf,inf,0.000000,0.000000,0.000000
-1.390000,-1.566000,inf,0,inf,inf,inf,inf,0.000000,0.000000,0.000000
-1.390000,-1.522500,inf,0,inf,inf,inf,inf,0.000000,0.000000,0.000000
-1.390000,-1.479000,inf,0,inf,inf,inf,inf,0.000000,0.000000,0.000000
-1.390000,-1.435500,inf,0,inf,inf,inf,inf,0.000000,0.000000,0.000000
-1.390000,-1.392000,inf,0,inf,inf,inf,inf,0.000000,0.000000,0.000000
-1.390000,-1.348500,inf,0,inf,inf,inf,inf,0.000000,0.000000,0.000000
-1.390000,-1.305000,inf,0,inf,inf,inf,inf,0.000000,0.000000,0.000000
-1.390000,-1.261500,inf,0,inf,inf,inf,inf,0.000000,0.000000,0.000000
-1.390000,-1.218000,inf,0,inf,inf,inf,inf,0.000000,0.000000,0.000000
-1.390000,-1.174500,inf,0,inf,inf,inf,inf,0.000000,0.000000,0.000000
-1.390000,-1.131000,inf,0,inf,inf,inf,inf,0.000000,0.000000,0.000000
-1.390000,-1.087500,inf,0,inf,inf,inf,inf,0.000000,0.000000,0.000000
-1.390000,-1.044000,inf,0,inf,inf,inf,inf,0.000000,0.000000,0.000000
-1.390000,-1.000500,inf,0,inf,inf,inf,inf,0.000000,0.000000,0.000000
-1.390000,-0.957000,inf,0,inf,inf,inf,inf,0.000000,0.000000,0.000000
-1.390000,-0.913500,inf,0,inf,inf,inf,inf,0.000000,0.000000,0.000000
-1.390000,-0.870000,inf,0,inf,inf,inf,inf,0.000000,0.000000,0.000000
-1.390000,-0.826500,inf,0,inf,inf,inf,inf,0.000000,0.000000,0.000000
-1.390000,-0.783000,inf,0,inf,inf,inf,inf,0.000000,0.000000,0.000000
-1.390000,-0.739500,inf,0,inf,inf,inf,inf,0.000000,0.000000,0.000000
-1.390000,-0.696000,inf,0,inf,inf,inf,inf,0.000000,0.000000,0.000000
-1.390000,-0.652500,inf,0,inf,inf,inf,inf,0.000000,0.000000,0.000000
-1.390000,-0.609000,inf,0,inf,inf,inf,inf,0.000000,0.000000,0.000000
-1.390000,-0.565500,inf,0,inf,inf,inf,inf,0.000000,0.000000,0.000000
-1.390000,-0.522000,inf,0,inf,inf,inf,inf,0.000000,0.000000,0.000000
-1.390000,-0.478500,inf,0,inf,inf,inf,inf,0.000000,0.000000,0.000000
-1.390000,-0.435000,inf,0,inf,inf,inf,inf,0.000000,0.000000,0.000000
-1.390000,-0.391500,inf,0,inf,inf,inf,inf,0.000000,0.000000,0.000000
-1.390000,-0.348000,2.826960,1,0.358683,0.358683,0.389340,0.230866,0.384079,0.001150,0.098073
-1.390000,-0.304500,2.644102,1,0.353557,0.353557,0.381612,0.214916,0.385245,0.001150,0.106035
-1.390000,-0.261000,2.477264,1,0.348271,0.348271,0.373760,0.199745,0.386064,0.001150,0.114040
-1.390000,-0.217500,2.326565,1,0.342827,0.342827,0.365790,0.185367,0.386534,0.001150,0.122073
-1.390000,-0.174000,2.192123,1,0.337228,0.337228,0.357712,0.171793,0.386654,0.001150,0.130119
-1.390000,-0.130500,2.074058,1,0.331478,0.331478,0.349533,0.159032,0.386425,0.001150,0.138163
-1.390000,-0.087000,1.972485,1,0.325579,0.325579,0.341261,0.147097,0.385845,0.001150,0.146189
-1.390000,-0.043500,1.887519,1,0.319535,0.319535,0.332906,0.135997,0.384918,0.001150,0.154182
-1.390000,0.000000,1.819259,1,0.313349,0.313349,0.324479,0.125745,0.383643,0.001150,0.162127
-1.390000,0.043500,1.759319,1,0.307024,0.307024,0.315990,0.116349,0.382025,0.001150,0.170009
-1.390000,0.087000,1.700698,1,0.300565,0.300565,0.307450,0.107821,0.380065,0.001150,0.177814
-1.390000,0.130500,1.643504,1,0.293975,0.293975,0.298872,0.100171,0.377767,0.001150,0.185526
-1.390000,0.174000,1.587843,1,0.287257,0.287257,0.290270,0.093408,0.375136,0.001150,0.193131
-1.390000,0.217500,1.533819,1,0.280417,0.280417,0.281659,0.087542,0.372177,0.001150,0.200614
-1.390000,0.261000,1.481532,1,0.273457,0.273457,0.273054,0.082582,0.368896,0.001150,0.207961
-1.390000,0.304500,1.431080,1,0.266383,0.266383,0.264473,0.078538,0.365298,0.001150,0.215159
-1.390000,0.348000,1.382557,1,0.259199,0.259199,0.255936,0.075418,0.361390,0.001150,0.222193
-1.390000,0.391500,1.336054,1,0.251909,0.251909,0.247465,0.073230,0.357181,0.001151,0.229051
-1.390000,0.435000,1.291659,1,0.244519,0.244519,0.239082,0.070073,0.352677,0.001151,0.235719
-1.390000,0.478500,1.249457,1,0.237035,0.237035,0.230816,0.064700,0.347887,0.001151,0.242185
-1.390000,0.522000,1.209526,1,0.229460,0.229460,0.222694,0.060294,0.342821,0.001151,0.248437
-1.390000,0.565500,1.171945,1,0.221803,0.221803,0.214750,0.056864,0.337487,0.001151,0.254463
-1.390000,0.609000,1.136785,1,0.214068,0.214068,0.207020,0.054419,0.331897,0.001151,0.260250
-1.390000,0.652500,1.104114,1,0.206262,0.206262,0.199544,0.052966,0.326060,0.001151,0.265790
-1.390000,0.696000,1.071371,1,0.198394,0.198394,0.191683,0.048957,0.319988,0.001151,0.271070
-1.390000,0.739500,1.037178,1,0.190470,0.190470,0.183011,0.044437,0.313692,0.001151,0.276081
-1.390000,0.783000,1.005857,1,0.182500,0.182500,0.174646,0.040942,0.307184,0.001151,0.280814
-1.390000,0.826500,0.977471,1,0.174493,0.174493,0.166650,0.038478,0.300476,0.001151,0.285259
-1.390000,0.870000,0.952076,1,0.166461,0.166461,0.159096,0.037053,0.293581,0.001151,0.289408
-1.390000,0.913500,0.929724,1,0.158415,0.158415,0.152066,0.035953,0.286513,0.001151,0.293254
-1.390000,0.957000,0.903954,1,0.150371,0.150371,0.143396,0.031543,0.279284,0.001151,0.296788
-1.390000,1.000500,0.881192,1,0.142345,0.142345,0.135165,0.028198,0.271908,0.001151,0.300005
-1.390000,1.044000,0.861804,1,0.134356,0.134356,0.127597,0.025926,0.264399,0.001151,0.302898
-1.390000,1.087500,0.845833,1,0.126428,0.126428,0.120835,0.024731,0.256772,0.001151,0.305462
-1.390000,1.131000,0.830691,1,0.118591,0.118591,0.113888,0.024619,0.249040,0.001151,0.307691
-1.390000,1.174500,0.814695,1,0.110879,0.110879,0.105926,0.022078,0.241218,0.001151,0.309583
-1.390000,1.218000,0.802391,1,0.103337,0.103337,0.099021,0.019064,0.233322,0.001151,0.311132
-1.390000,1.261500,0.793808,1,0.096020,0.096020,0.093421,0.017155,0.225366,0.001151,0.312336
-1.390000,1.305000,0.785252,1,0.089001,0.089001,0.087278,0.016352,0.217365,0.001151,0.313194
-1.390000,1.348500,0.776928,1,0.082370,0.082370,0.080595,0.016660,0.209334,0.001151,0.313702
-1.390000,1.392000,0.772538,1,0.076242,0.076242,0.075708,0.016392,0.201289,0.001151,0.313861
-1.390000,1.435500,0.778501,1,0.070761,0.070761,0.072017,0.013842,0.193244,0.001151,0.313670
-1.390000,1.479000,0.797838,1,0.066101,0.066101,0.066182,0.012418,0.185215,0.001151,0.313129
-1.390000,1.522500,0.836888,1,0.062454,0.062454,0.062825,0.012122,0.177218,0.001151,0.312240
-1.390000,1.566000,0.893827,1,0.060013,0.060013,0.060863,0.012954,0.169267,0.001151,0.311004
-1.390000,1.609500,0.964431,1,0.058933,0.058933,0.056830,0.014699,0.161376,0.001151,0.309423
-1.390000,1.653000,1.054842,1,0.059291,0.059291,0.056010,0.012696,0.153563,0.001151,0.307500
-1.390000,1.696500,1.161108,1,0.061060,0.061060,0.055061,0.011829,0.145840,0.001151,0.305240
-1.390000,1.740000,1.283074,1,0.064120,0.064120,0.053831,0.012099,0.138223,0.001151,0.302646
-1.355250,-1.740000,inf,0,inf,inf,inf,inf,0.000000,0.000000,0.000000
-1.355250,-1.696500,inf,0,inf,inf,inf,inf,0.000000,0.000000,0.000000
-1.355250,-1.653000,inf,0,inf,inf,inf,inf,0.000000,0.000000,0.000000
-1.355250,-1.609500,inf,0,inf,inf,inf,inf,0.000000,0.000000,0.000000
-1.355250,-1.566000,inf,0,inf,inf,inf,inf,0.000000,0.000000,0.000000
-1.355250,-1.522500,inf,0,inf,inf,inf,inf,0.000000,0.000000,0.000000
-1.355250,-1.479000,inf,0,inf,inf,inf,inf,0.000000,0.000000,0.000000
-1.355250,-1.435500,inf,0,inf,inf,inf,inf,0.000000,0.000000,0.000000
-1.355250,-1.392000,inf,0,inf,inf,inf,inf,0.000000,0.000000,0.000000
-1.355250,-1.348500,inf,0,inf,inf,inf,inf,0.000000,0.000000,0.000000
-1.355250,-1.305000,inf,0,inf,inf,inf,inf,0.000000,0.000000,0.000000
-1.355250,-1.261500,inf,0,inf,inf,inf,inf,0.000000,0.000000,0.000000
-1.355250,-1.218000,inf,0,inf,inf,inf,inf,0.000000,0.000000,0.000000
-1.355250,-1.174500,inf,0,inf,inf,inf,inf,0.000000,0.000000,0.000000
-1.355250,-1.131000,inf,0,inf,inf,inf,inf,0.000000,0.000000,0.000000
-1.355250,-1.087500,inf,0,inf,inf,inf,inf,0.000000,0.000000,0.000000
-1.355250,-1.044000,inf,0,inf,inf,inf,inf,0.000000,0.000000,0.000000
-1.355250,-1.000500,inf,0,inf,inf,inf,inf,0.000000,0.000000,0.000000
-1.355250,-0.957000,inf,0,inf,inf,inf,inf,0.000000,0.000000,0.000000
-1.355250,-0.913500,inf,0,inf,inf,inf,inf,0.000000,0.000000,0.000000
-1.355250,-0.870000,inf,0,inf,inf,inf,inf,0.000000,0.000000,0.000000
-1.355250,-0.826500,inf,0,inf,inf,inf,inf,0.000000,0.000000,0.000000
-1.355250,-0.783000,inf,0,inf,inf,inf,inf,0.000000,0.000000,0.000000
-1.355250,-0.739500,inf,0,inf,inf,inf,inf,0.000000,0.000000,0.000000
-1.355250,-0.696000,inf,0,inf,inf,inf,inf,0.000000,0.000000,0.000000
-1.355250,-0.652500,inf,0,inf,inf,inf,inf,0.000000,0.000000,0.000000
-1.355250,-0.609000,inf,0,inf,inf,inf,inf,0.000000,0.000000,0.000000
-1.355250,-0.565500,inf,0,inf,inf,inf,inf,0.000000,0.000000,0.000000
-1.355250,-0.522000,inf,0,inf,inf,inf,inf,0.000000,0.000000,0.000000
-1.355250,-0.478500,inf,0,inf,inf,inf,inf,0.000000,0.000000,0.000000
-1.355250,-0.435000,inf,0,inf,inf,inf,inf,0.000000,0.000000,0.000000
-1.355250,-0.391500,inf,0,inf,inf,inf,inf,0.000000,0.000000,0.000000
-1.355250,-0.348000,2.512766,1,0.348518,0.348518,0.377690,0.213887,0.383636,0.001150,0.111413
-1.355250,-0.304500,2.343839,1,0.343329,0.343329,0.369906,0.198677,0.384525,0.001150,0.119411
-1.355250,-0.261000,2.191014,1,0.337984,0.337984,0.362002,0.184256,0.385065,0.001150,0.127440
-1.355250,-0.217500,2.054407,1,0.332485,0.332485,0.353985,0.170634,0.385256,0.001150,0.135484
-1.355250,-0.174000,1.934135,1,0.326834,0.326834,0.345862,0.157822,0.385097,0.001150,0.143529
-1.355250,-0.130500,1.830310,1,0.321036,0.321036,0.337643,0.145832,0.384588,0.001150,0.151560
-1.355250,-0.087000,1.743047,1,0.315092,0.315092,0.329336,0.134672,0.383730,0.001150,0.159561
-1.355250,-0.043500,1.672458,1,0.309007,0.309007,0.320951,0.124355,0.382525,0.001150,0.167517
-1.355250,0.000000,1.613078,1,0.302783,0.302783,0.312497,0.114890,0.380975,0.001150,0.175414
-1.355250,0.043500,1.555152,1,0.296423,0.296423,0.303986,0.106287,0.379084,0.001150,0.183235
-1.355250,0.087000,1.498601,1,0.289933,0.289933,0.295429,0.098557,0.376854,0.001150,0.190967
-1.355250,0.130500,1.443529,1,0.283314,0.283314,0.286840,0.091709,0.374290,0.001150,0.198594
-1.355250,0.174000,1.390036,1,0.276572,0.276572,0.278232,0.085752,0.371396,0.001150,0.206103
-1.355250,0.217500,1.338223,1,0.269709,0.269709,0.269621,0.080697,0.368179,0.001150,0.213479
-1.355250,0.261000,1.288185,1,0.262730,0.262730,0.261024,0.076551,0.364644,0.001150,0.220708
-1.355250,0.304500,1.240017,1,0.255639,0.255639,0.252458,0.073323,0.360799,0.001151,0.227776
-1.355250,0.348000,1.193808,1,0.248441,0.248441,0.243945,0.071022,0.356649,0.001151,0.234670
-1.355250,0.391500,1.149644,1,0.241140,0.241140,0.235507,0.068936,0.352203,0.001151,0.241378
-1.355250,0.435000,1.107610,1,0.233741,0.233741,0.227169,0.063450,0.347471,0.001151,0.247886
-1.355250,0.478500,1.067785,1,0.226249,0.226249,0.218959,0.058925,0.342459,0.001151,0.254181
-1.355250,0.522000,1.030245,1,0.218670,0.218670,0.210909,0.055369,0.337179,0.001151,0.260253
-1.355250,0.565500,0.995061,1,0.211009,0.211009,0.203054,0.052792,0.331639,0.001151,0.266090
-1.355250,0.609000,0.962301,1,0.203272,0.203272,0.195433,0.051199,0.325851,0.001151,0.271680
-1.355250,0.652500,0.932030,1,0.195466,0.195466,0.188090,0.048237,0.319825,0.001151,0.277013
-1.355250,0.696000,0.898952,1,0.187597,0.187597,0.179589,0.043576,0.313573,0.001151,0.282079
-1.355250,0.739500,0.867424,1,0.179674,0.179674,0.171032,0.039933,0.307107,0.001151,0.286869
-1.355250,0.783000,0.838757,1,0.171705,0.171705,0.162813,0.037314,0.300438,0.001151,0.291372
-1.355250,0.826500,0.813009,1,0.163700,0.163700,0.155003,0.035726,0.293580,0.001151,0.295582
-1.355250,0.870000,0.790233,1,0.155668,0.155668,0.147681,0.035174,0.286546,0.001151,0.299489
-1.355250,0.913500,0.767866,1,0.147623,0.147623,0.140011,0.031063,0.279348,0.001151,0.303087
-1.355250,0.957000,0.744618,1,0.139578,0.139578,0.131441,0.027546,0.272000,0.001151,0.306368
-1.355250,1.000500,0.724667,1,0.131551,0.131551,0.123480,0.025093,0.264517,0.001151,0.309326
-1.355250,1.044000,0.708055,1,0.123560,0.123560,0.116273,0.023709,0.256912,0.001151,0.311957
-1.355250,1.087500,0.694819,1,0.115632,0.115632,0.109981,0.023399,0.249200,0.001151,0.314254
-1.355250,1.131000,0.679245,1,0.107795,0.107795,0.102005,0.021843,0.241396,0.001151,0.316213
-1.355250,1.174500,0.666161,1,0.100088,0.100088,0.094495,0.018629,0.233513,0.001151,0.317832
-1.355250,1.218000,0.656718,1,0.092559,0.092559,0.088225,0.016511,0.225568,0.001151,0.319106
-1.355250,1.261500,0.650790,1,0.085273,0.085273,0.083397,0.015493,0.217575,0.001151,0.320033
-1.355250,1.305000,0.641554,1,0.078313,0.078313,0.075903,0.015578,0.209549,0.001151,0.320612
-1.355250,1.348500,0.636171,1,0.071788,0.071788,0.070127,0.016256,0.201505,0.001151,0.320841
-1.355250,1.392000,0.634658,1,0.065842,0.065842,0.066530,0.013481,0.193459,0.001151,0.320721
-1.355250,1.435500,0.639172,1,0.060658,0.060658,0.060999,0.011823,0.185426,0.001151,0.320250
-1.355250,1.479000,0.661482,1,0.056458,0.056458,0.056546,0.011284,0.177421,0.001151,0.319431
-1.355250,1.522500,0.703432,1,0.053482,0.053482,0.055138,0.011867,0.169459,0.001151,0.318264
-1.355250,1.566000,0.758318,1,0.051948,0.051948,0.050778,0.013570,0.161555,0.001151,0.316752
-1.355250,1.609500,0.831880,1,0.051987,0.051987,0.048850,0.012269,0.153725,0.001151,0.314898
-1.355250,1.653000,0.923689,1,0.053594,0.053594,0.049203,0.011143,0.145983,0.001151,0.312705
-1.355250,1.696500,1.028798,1,0.056634,0.056634,0.046771,0.011146,0.138343,0.001151,0.310178
-1.355250,1.740000,1.153659,1,0.060887,0.060887,0.048285,0.012277,0.130821,0.001151,0.307321
-1.320500,-1.740000,inf,0,inf,inf,inf,inf,0.000000,0.000000,0.000000
-1.320500,-1.696500,inf,0,inf,inf,inf,inf,0.000000,0.000000,0.000000
-1.320500,-1.653000,inf,0,inf,inf,inf,inf,0.000000,0.000000,0.000000
-1.320500,-1.609500,inf,0,inf,inf,inf,inf,0.000000,0.000000,0.000000
-1.320500,-1.566000,inf,0,inf,inf,inf,inf,0.000000,0.000000,0.000000
-1.320500,-1.522500,inf,0,inf,inf,inf,inf,0.000000,0.000000,0.000000
-1.320500,-1.479000,inf,0,inf,inf,inf,inf,0.000000,0.000000,0.000000
-1.320500,-1.435500,inf,0,inf,inf,inf,inf,0.000000,0.000000,0.000000
-1.320500,-1.392000,inf,0,inf,inf,inf,inf,0.000000,0.000000,0.000000
-1.320500,-1.348500,inf,0,inf,inf,inf,inf,0.000000,0.000000,0.000000
-1.320500,-1.305000,inf,0,inf,inf,inf,inf,0.000000,0.000000,0.000000
-1.320500,-1.261500,inf,0,inf,inf,inf,inf,0.000000,0.000000,0.000000
-1.320500,-1.218000,inf,0,inf,inf,inf,inf,0.000000,0.000000,0.000000
-1.320500,-1.174500,inf,0,inf,inf,inf,inf,0.000000,0.000000,0.000000
-1.320500,-1.131000,inf,0,inf,inf,inf,inf,0.000000,0.000000,0.000000
-1.320500,-1.087500,inf,0,inf,inf,inf,inf,0.000000,0.000000,0.000000
-1.320500,-1.044000,inf,0,inf,inf,inf,inf,0.000000,0.000000,0.000000
-1.320500,-1.000500,inf,0,inf,inf,inf,inf,0.000000,0.000000,0.000000
-1.320500,-0.957000,inf,0,inf,inf,inf,inf,0.000000,0.000000,0.000000
-1.320500,-0.913500,inf,0,inf,inf,inf,inf,0.000000,0.000000,0.000000
-1.320500,-0.870000,inf,0,inf,inf,inf,inf,0.000000,0.000000,0.000000
-1.320500,-0.826500,inf,0,inf,inf,inf,inf,0.000000,0.000000,0.000000
-1.320500,-0.783000,inf,0,inf,inf,inf,inf,0.000000,0.000000,0.000000
-1.320500,-0.739500,inf,0,inf,inf,inf,inf,0.000000,0.000000,0.000000
-1.320500,-0.696000,inf,0,inf,inf,inf,inf,0.000000,0.000000,0.000000
-1.320500,-0.652500,inf,0,inf,inf,inf,inf,0.000000,0.000000,0.000000
-1.320500,-0.609000,inf,0,inf,inf,inf,inf,0.000000,0.000000,0.000000
-1.320500,-0.565500,inf,0,inf,inf,inf,inf,0.000000,0.000000,0.000000
-1.320500,-0.522000,inf,0,inf,inf,inf,inf,0.000000,0.000000,0.000000
-1.320500,-0.478500,inf,0,inf,inf,inf,inf,0.000000,0.000000,0.000000
-1.320500,-0.435000,inf,0,inf,inf,inf,inf,0.000000,0.000000,0.000000
-1.320500,-0.391500,2.397331,1,0.343357,0.343357,0.373642,0.212825,0.381771,0.001150,0.116741
-1.320500,-0.348000,2.226334,1,0.338265,0.338265,0.365928,0.197578,0.382730,0.001150,0.124730
-1.320500,-0.304500,2.071405,1,0.333018,0.333018,0.358091,0.183116,0.383340,0.001150,0.132754
-1.320500,-0.261000,1.932657,1,0.327617,0.327617,0.350137,0.169450,0.383601,0.001150,0.140797
-1.320500,-0.217500,1.810203,1,0.322066,0.322066,0.342074,0.156590,0.383513,0.001150,0.148843
-1.320500,-0.174000,1.704157,1,0.316367,0.316367,0.333910,0.144546,0.383074,0.001150,0.156878
-1.320500,-0.130500,1.614629,1,0.310524,0.310524,0.325654,0.133330,0.382286,0.001150,0.164886
-1.320500,-0.087000,1.541730,1,0.304539,0.304539,0.317314,0.122951,0.381151,0.001150,0.172852
-1.320500,-0.043500,1.482331,1,0.298416,0.298416,0.308899,0.113420,0.379670,0.001150,0.180762
-1.320500,0.000000,1.425142,1,0.292158,0.292158,0.300421,0.104747,0.377847,0.001150,0.188600
-1.320500,0.043500,1.369276,1,0.285769,0.285769,0.291891,0.096941,0.375685,0.001150,0.196350
-1.320500,0.087000,1.314836,1,0.279251,0.279251,0.283320,0.090013,0.373188,0.001150,0.204000
-1.320500,0.130500,1.261922,1,0.272608,0.272608,0.274722,0.083970,0.370360,0.001150,0.211534
-1.320500,0.174000,1.210632,1,0.265845,0.265845,0.266111,0.078823,0.367208,0.001150,0.218937
-1.320500,0.217500,1.161061,1,0.258964,0.258964,0.257503,0.074581,0.363736,0.001151,0.226197
-1.320500,0.261000,1.113301,1,0.251970,0.251970,0.248916,0.071251,0.359953,0.001151,0.233299
-1.320500,0.304500,1.067441,1,0.244867,0.244867,0.240368,0.068842,0.355863,0.001151,0.240229
-1.320500,0.348000,1.023566,1,0.237660,0.237660,0.231882,0.067362,0.351477,0.001151,0.246975
-1.320500,0.391500,0.981759,1,0.230352,0.230352,0.223481,0.062222,0.346801,0.001151,0.253524
-1.320500,0.435000,0.942100,1,0.222948,0.222948,0.215192,0.057584,0.341845,0.001151,0.259864
-1.320500,0.478500,0.904662,1,0.215454,0.215454,0.207045,0.053909,0.336618,0.001151,0.265982
-1.320500,0.522000,0.869518,1,0.207873,0.207873,0.199074,0.051205,0.331129,0.001151,0.271866
-1.320500,0.565500,0.836735,1,0.200213,0.200213,0.191318,0.049480,0.325390,0.001151,0.277507
-1.320500,0.609000,0.806375,1,0.192478,0.192478,0.183817,0.047554,0.319412,0.001151,0.282893
-1.320500,0.652500,0.776965,1,0.184675,0.184675,0.176186,0.042760,0.313204,0.001151,0.288013
-1.320500,0.696000,0.745303,1,0.176810,0.176810,0.167453,0.038976,0.306780,0.001151,0.292859
-1.320500,0.739500,0.716431,1,0.168891,0.168891,0.159024,0.036209,0.300151,0.001151,0.297421
-1.320500,0.783000,0.690406,1,0.160926,0.160926,0.150970,0.034465,0.293330,0.001151,0.301690
-1.320500,0.826500,0.667282,1,0.152924,0.152924,0.143368,0.033750,0.286330,0.001151,0.305659
-1.320500,0.870000,0.647104,1,0.144894,0.144894,0.136312,0.030649,0.279164,0.001151,0.309319
-1.320500,0.913500,0.624602,1,0.136850,0.136850,0.127841,0.026967,0.271845,0.001151,0.312664
-1.320500,0.957000,0.604172,1,0.128805,0.128805,0.119504,0.024341,0.264388,0.001151,0.315688
-1.320500,1.000500,0.587004,1,0.120774,0.120774,0.111862,0.022777,0.256807,0.001151,0.318385
-1.320500,1.044000,0.573135,1,0.112779,0.112779,0.105082,0.022279,0.249115,0.001151,0.320750
-1.320500,1.087500,0.560542,1,0.104844,0.104844,0.098316,0.021696,0.241328,0.001151,0.322778
-1.320500,1.131000,0.546769,1,0.097001,0.097001,0.090214,0.018292,0.233460,0.001151,0.324465
-1.320500,1.174500,0.536558,1,0.089291,0.089291,0.083268,0.015976,0.225526,0.001151,0.325808
-1.320500,1.218000,0.529933,1,0.081768,0.081768,0.077804,0.014751,0.217541,0.001151,0.326806
-1.320500,1.261500,0.523133,1,0.074505,0.074505,0.071566,0.014621,0.209521,0.001151,0.327455
-1.320500,1.305000,0.516852,1,0.067601,0.067601,0.064865,0.015587,0.201479,0.001151,0.327754
-1.320500,1.348500,0.514359,1,0.061195,0.061195,0.060312,0.013245,0.193433,0.001151,0.327704
-1.320500,1.392000,0.513196,1,0.055472,0.055472,0.056267,0.011362,0.185396,0.001151,0.327304
-1.320500,1.435500,0.518864,1,0.050677,0.050677,0.050611,0.010591,0.177384,0.001151,0.326555
-1.320500,1.479000,0.544090,1,0.047104,0.047104,0.048117,0.010932,0.169412,0.001151,0.325458
-1.320500,1.522500,0.585004,1,0.045054,0.045054,0.045172,0.012387,0.161496,0.001151,0.324015
-1.320500,1.566000,0.641818,1,0.044738,0.044738,0.041932,0.011995,0.153649,0.001151,0.322230
-1.320500,1.609500,0.718275,1,0.046195,0.046195,0.042927,0.010620,0.145888,0.001151,0.320105
-1.320500,1.653000,0.807428,1,0.049264,0.049264,0.039993,0.010365,0.138227,0.001151,0.317644
-1.320500,1.696500,0.915448,1,0.053663,0.053663,0.040564,0.011231,0.130679,0.001151,0.314853
-1.320500,1.740000,1.040402,1,0.059091,0.059091,0.042278,0.013215,0.123261,0.001151,0.311736
-1.285750,-1.740000,inf,0,inf,inf,inf,inf,0.000000,0.000000,0.000000
-1.285750,-1.696500,inf,0,inf,inf,inf,inf,0.000000,0.000000,0.000000
-1.285750,-1.653000,inf,0,inf,inf,inf,inf,0.000000,0.000000,0.000000
-1.285750,-1.609500,inf,0,inf,inf,inf,inf,0.000000,0.000000,0.000000
-1.285750,-1.566000,inf,0,inf,inf,inf,inf,0.000000,0.000000,0.000000
-1.285750,-1.522500,inf,0,inf,inf,inf,inf,0.000000,0.000000,0.000000
-1.285750,-1.479000,inf,0,inf,inf,inf,inf,0.000000,0.000000,0.000000
-1.285750,-1.435500,inf,0,inf,inf,inf,inf,0.000000,0.000000,0.000000
-1.285750,-1.392000,inf,0,inf,inf,inf,inf,0.000000,0.000000,0.000000
-1.285750,-1.348500,inf,0,inf,inf,inf,inf,0.000000,0.000000,0.000000
-1.285750,-1.305000,inf,0,inf,inf,inf,inf,0.000000,0.000000,0.000000
-1.285750,-1.261500,inf,0,inf,inf,inf,inf,0.000000,0.000000,0.000000
-1.285750,-1.218000,inf,0,inf,inf,inf,inf,0.000000,0.000000,0.000000
-1.285750,-1.174500,inf,0,inf,inf,inf,inf,0.000000,0.000000,0.000000
-1.285750,-1.131000,inf,0,inf,inf,inf,inf,0.000000,0.000000,0.000000
-1.285750,-1.087500,inf,0,inf,inf,inf,inf,0.000000,0.000000,0.000000
-1.285750,-1.044000,inf,0,inf,inf,inf,inf,0.000000,0.000000,0.000000
-1.285750,-1.000500,inf,0,inf,inf,inf,inf,0.000000,0.000000,0.000000
-1.285750,-0.957000,inf,0,inf,inf,inf,inf,0.000000,0.000000,0.000000
-1.285750,-0.913500,inf,0,inf,inf,inf,inf,0.000000,0.000000,0.000000
-1.285750,-0.870000,inf,0,inf,inf,inf,inf,0.000000,0.000000,0.000000
-1.285750,-0.826500,inf,0,inf,inf,inf,inf,0.000000,0.000000,0.000000
-1.285750,-0.783000,inf,0,inf,inf,inf,inf,0.000000,0.000000,0.000000
-1.285750,-0.739500,inf,0,inf,inf,inf,inf,0.000000,0.000000,0.000000
-1.285750,-0.696000,inf,0,inf,inf,inf,inf,0.000000,0.000000,0.000000
-1.285750,-0.652500,inf,0,inf,inf,inf,inf,0.000000,0.000000,0.000000
-1.285750,-0.609000,inf,0,inf,inf,inf,inf,0.000000,0.000000,0.000000
-1.285750,-0.565500,inf,0,inf,inf,inf,inf,0.000000,0.000000,0.000000
-1.285750,-0.522000,inf,0,inf,inf,inf,inf,0.000000,0.000000,0.000000
-1.285750,-0.478500,inf,0,inf,inf,inf,inf,0.000000,0.000000,0.000000
-1.285750,-0.435000,2.297848,1,0.338079,0.338079,0.369469,0.211735,0.379652,0.001150,0.122009
-1.285750,-0.391500,2.124796,1,0.333082,0.333082,0.361827,0.196453,0.380681,0.001150,0.129990
-1.285750,-0.348000,1.967780,1,0.327931,0.327931,0.354058,0.181952,0.381361,0.001150,0.138008
-1.285750,-0.304500,1.826911,1,0.322628,0.322628,0.346170,0.168243,0.381693,0.001150,0.146048
-1.285750,-0.261000,1.702302,1,0.317175,0.317175,0.338169,0.155337,0.381674,0.001150,0.154095
-1.285750,-0.217500,1.594060,1,0.311576,0.311576,0.330063,0.143243,0.381306,0.001150,0.162133
-1.285750,-0.174000,1.502297,1,0.305833,0.305833,0.321860,0.131973,0.380588,0.001150,0.170148
-1.285750,-0.130500,1.427120,1,0.299949,0.299949,0.313568,0.121537,0.379523,0.001150,0.178124
-1.285750,-0.087000,1.367105,1,0.293928,0.293928,0.305197,0.111944,0.378112,0.001150,0.186046
-1.285750,-0.043500,1.310689,1,0.287771,0.287771,0.296756,0.103203,0.376357,0.001150,0.193899
-1.285750,0.000000,1.255549,1,0.281484,0.281484,0.288256,0.095326,0.374263,0.001150,0.201669
-1.285750,0.043500,1.201784,1,0.275068,0.275068,0.279708,0.088321,0.371833,0.001150,0.209340
-1.285750,0.087000,1.149494,1,0.268527,0.268527,0.271125,0.082197,0.369071,0.001150,0.216898
-1.285750,0.130500,1.098775,1,0.261865,0.261865,0.262520,0.076963,0.365984,0.001151,0.224329
-1.285750,0.174000,1.049719,1,0.255085,0.255085,0.253909,0.072629,0.362576,0.001151,0.231619
-1.285750,0.217500,1.002418,1,0.248192,0.248192,0.245307,0.069202,0.358854,0.001151,0.238753
-1.285750,0.261000,0.956960,1,0.241188,0.241188,0.236732,0.066690,0.354826,0.001151,0.245719
-1.285750,0.304500,0.913429,1,0.234078,0.234078,0.228206,0.065102,0.350499,0.001151,0.252503
-1.285750,0.348000,0.871907,1,0.226865,0.226865,0.219751,0.061015,0.345880,0.001151,0.259093
-1.285750,0.391500,0.832472,1,0.219555,0.219555,0.211392,0.056270,0.340980,0.001151,0.265476
-1.285750,0.435000,0.795198,1,0.212152,0.212152,0.203157,0.052482,0.335806,0.001151,0.271639
-1.285750,0.478500,0.760155,1,0.204660,0.204660,0.195080,0.049658,0.330370,0.001151,0.277572
-1.285750,0.522000,0.727411,1,0.197084,0.197084,0.187196,0.047807,0.324680,0.001151,0.283262
-1.285750,0.565500,0.697029,1,0.189429,0.189429,0.179548,0.046906,0.318749,0.001151,0.288700
-1.285750,0.609000,0.669066,1,0.181701,0.181701,0.172182,0.041986,0.312587,0.001151,0.293875
-1.285750,0.652500,0.639482,1,0.173905,0.173905,0.163906,0.038068,0.306205,0.001151,0.298776
-1.285750,0.696000,0.610479,1,0.166049,0.166049,0.155282,0.035160,0.299616,0.001151,0.303396
-1.285750,0.739500,0.584252,1,0.158137,0.158137,0.146997,0.033269,0.292833,0.001151,0.307725
-1.285750,0.783000,0.560855,1,0.150180,0.150180,0.139128,0.032399,0.285868,0.001151,0.311755
-1.285750,0.826500,0.540335,1,0.142183,0.142183,0.131766,0.030297,0.278734,0.001151,0.315478
-1.285750,0.870000,0.521120,1,0.134159,0.134159,0.124369,0.026458,0.271445,0.001151,0.318887
-1.285750,0.913500,0.500293,1,0.126116,0.126116,0.115674,0.023668,0.264015,0.001151,0.321976
-1.285750,0.957000,0.482653,1,0.118070,0.118070,0.107610,0.021931,0.256457,0.001151,0.324739
-1.285750,1.000500,0.468237,1,0.110035,0.110035,0.100349,0.021254,0.248786,0.001151,0.327171
-1.285750,1.044000,0.457077,1,0.102032,0.102032,0.094090,0.021636,0.241017,0.001151,0.329267
-1.285750,1.087500,0.444185,1,0.094085,0.094085,0.086198,0.018050,0.233164,0.001151,0.331023
-1.285750,1.131000,0.433295,1,0.086227,0.086227,0.078576,0.015544,0.225243,0.001151,0.332436
-1.285750,1.174500,0.425912,1,0.078502,0.078502,0.072358,0.014121,0.217267,0.001151,0.333503
-1.285750,1.218000,0.421627,1,0.070971,0.070971,0.067627,0.013785,0.209252,0.001151,0.334222
-1.285750,1.261500,0.414543,1,0.063719,0.063719,0.059978,0.014538,0.201214,0.001151,0.334592
-1.285750,1.305000,0.411165,1,0.056869,0.056869,0.054387,0.013130,0.193167,0.001151,0.334612
-1.285750,1.348500,0.411507,1,0.050601,0.050601,0.051540,0.011032,0.185127,0.001151,0.334282
-1.285750,1.392000,0.408995,1,0.045170,0.045170,0.045113,0.010037,0.177109,0.001151,0.333603
-1.285750,1.435500,0.417594,1,0.040924,0.040924,0.041344,0.010148,0.169128,0.001151,0.332576
-1.285750,1.479000,0.444449,1,0.038269,0.038269,0.040152,0.011363,0.161199,0.001151,0.331203
-1.285750,1.522500,0.484615,1,0.037549,0.037549,0.035344,0.011871,0.153337,0.001151,0.329486
-1.285750,1.566000,0.544339,1,0.038873,0.038873,0.035285,0.010255,0.145558,0.001151,0.327429
-1.285750,1.609500,0.618920,1,0.042045,0.042045,0.033608,0.009752,0.137875,0.001151,0.325035
-1.285750,1.653000,0.710201,1,0.046687,0.046687,0.032971,0.010363,0.130304,0.001151,0.322310
-1.285750,1.696500,0.819965,1,0.052401,0.052401,0.036001,0.012084,0.122858,0.001151,0.319258
-1.285750,1.740000,0.942805,1,0.058866,0.058866,0.034871,0.014320,0.115552,0.001151,0.315886
-1.251000,-1.740000,inf,0,inf,inf,inf,inf,0.000000,0.000000,0.000000
-1.251000,-1.696500,inf,0,inf,inf,inf,inf,0.000000,0.000000,0.000000
-1.251000,-1.653000,inf,0,inf,inf,inf,inf,0.000000,0.000000,0.000000
-1.251000,-1.609500,inf,0,inf,inf,inf,inf,0.000000,0.000000,0.000000
-1.251000,-1.566000,inf,0,inf,inf,inf,inf,0.000000,0.000000,0.000000
-1.251000,-1.522500,inf,0,inf,inf,inf,inf,0.000000,0.000000,0.000000
-1.251000,-1.479000,inf,0,inf,inf,inf,inf,0.000000,0.000000,0.000000
-1.251000,-1.435500,inf,0,inf,inf,inf,inf,0.000000,0.000000,0.000000
-1.251000,-1.392000,inf,0,inf,inf,inf,inf,0.000000,0.000000,0.000000
-1.251000,-1.348500,inf,0,inf,inf,inf,inf,0.000000,0.000000,0.000000
-1.251000,-1.305000,inf,0,inf,inf,inf,inf,0.000000,0.000000,0.000000
-1.251000,-1.261500,inf,0,inf,inf,inf,inf,0.000000,0.000000,0.000000
-1.251000,-1.218000,inf,0,inf,inf,inf,inf,0.000000,0.000000,0.000000
-1.251000,-1.174500,inf,0,inf,inf,inf,inf,0.000000,0.000000,0.000000
-1.251000,-1.131000,inf,0,inf,inf,inf,inf,0.000000,0.000000,0.000000
-1.251000,-1.087500,inf,0,inf,inf,inf,inf,0.000000,0.000000,0.000000
-1.251000,-1.044000,inf,0,inf,inf,inf,inf,0.000000,0.000000,0.000000
-1.251000,-1.000500,inf,0,inf,inf,inf,inf,0.000000,0.000000,0.000000
-1.251000,-0.957000,inf,0,inf,inf,inf,inf,0.000000,0.000000,0.000000
-1.251000,-0.913500,inf,0,inf,inf,inf,inf,0.000000,0.000000,0.000000
-1.251000,-0.870000,inf,0,inf,inf,inf,inf,0.000000,0.000000,0.000000
-1.251000,-0.826500,inf,0,inf,inf,inf,inf,0.000000,0.000000,0.000000
-1.251000,-0.783000,inf,0,inf,inf,inf,inf,0.000000,0.000000,0.000000
-1.251000,-0.739500,inf,0,inf,inf,inf,inf,0.000000,0.000000,0.000000
-1.251000,-0.696000,inf,0,inf,inf,inf,inf,0.000000,0.000000,0.000000
-1.251000,-0.652500,inf,0,inf,inf,inf,inf,0.000000,0.000000,0.000000
-1.251000,-0.609000,inf,0,inf,inf,inf,inf,0.000000,0.000000,0.000000
-1.251000,-0.565500,inf,0,inf,inf,inf,inf,0.000000,0.000000,0.000000
-1.251000,-0.522000,inf,0,inf,inf,inf,inf,0.000000,0.000000,0.000000
-1.251000,-0.478500,2.214368,1,0.332688,0.332688,0.365175,0.210621,0.377281,0.001150,0.127209
-1.251000,-0.435000,2.039273,1,0.327784,0.327784,0.357605,0.195304,0.378380,0.001150,0.135181
-1.251000,-0.391500,1.880186,1,0.322727,0.322727,0.349906,0.180766,0.379131,0.001150,0.143193
-1.251000,-0.348000,1.737215,1,0.317520,0.317520,0.342085,0.167017,0.379533,0.001150,0.151230
-1.251000,-0.304500,1.610469,1,0.312165,0.312165,0.334148,0.154067,0.379585,0.001150,0.159276
-1.251000,-0.261000,1.500057,1,0.306664,0.306664,0.326102,0.141927,0.379287,0.001150,0.167318
-1.251000,-0.217500,1.406085,1,0.301021,0.301021,0.317955,0.130606,0.378639,0.001150,0.175338
-1.251000,-0.174000,1.328658,1,0.295237,0.295237,0.309715,0.120114,0.377644,0.001150,0.183323
-1.251000,-0.130500,1.267427,1,0.289317,0.289317,0.301390,0.110462,0.376302,0.001150,0.191258
-1.251000,-0.087000,1.211820,1,0.283263,0.283263,0.292990,0.101658,0.374616,0.001150,0.199126
-1.251000,-0.043500,1.157443,1,0.277078,0.277078,0.284525,0.093713,0.372590,0.001150,0.206913
-1.251000,0.000000,1.104393,1,0.270766,0.270766,0.276005,0.086635,0.370227,0.001150,0.214606
-1.251000,0.043500,1.052769,1,0.264328,0.264328,0.267442,0.080434,0.367532,0.001150,0.222188
-1.251000,0.087000,1.002664,1,0.257770,0.257770,0.258849,0.075118,0.364509,0.001151,0.229645
-1.251000,0.130500,0.954171,1,0.251093,0.251093,0.250240,0.070696,0.361165,0.001151,0.236964
-1.251000,0.174000,0.907379,1,0.244303,0.244303,0.241630,0.067176,0.357506,0.001151,0.244131
-1.251000,0.217500,0.862374,1,0.237401,0.237401,0.233036,0.064567,0.353539,0.001151,0.251132
-1.251000,0.261000,0.819241,1,0.230393,0.230393,0.224478,0.062875,0.349271,0.001151,0.257954
-1.251000,0.304500,0.778059,1,0.223281,0.223281,0.215976,0.059829,0.344711,0.001151,0.264584
-1.251000,0.348000,0.738904,1,0.216070,0.216070,0.207556,0.054983,0.339866,0.001151,0.271009
-1.251000,0.391500,0.701852,1,0.208764,0.208764,0.199243,0.051088,0.334747,0.001151,0.277218
-1.251000,0.435000,0.666971,1,0.201366,0.201366,0.191068,0.048151,0.329362,0.001151,0.283197
-1.251000,0.478500,0.634328,1,0.193882,0.193882,0.183068,0.046179,0.323723,0.001151,0.288938
-1.251000,0.522000,0.603985,1,0.186316,0.186316,0.175282,0.045181,0.317839,0.001151,0.294427
-1.251000,0.565500,0.576000,1,0.178673,0.178673,0.167755,0.041253,0.311723,0.001151,0.299655
-1.251000,0.609000,0.549949,1,0.170958,0.170958,0.160390,0.037209,0.305384,0.001151,0.304613
-1.251000,0.652500,0.520886,1,0.163175,0.163175,0.151586,0.034167,0.298836,0.001151,0.309290
-1.251000,0.696000,0.494532,1,0.155332,0.155332,0.143085,0.032135,0.292091,0.001151,0.313678
-1.251000,0.739500,0.470937,1,0.147434,0.147434,0.134962,0.031118,0.285161,0.001151,0.317769
-1.251000,0.783000,0.450149,1,0.139488,0.139488,0.127306,0.030005,0.278060,0.001151,0.321554
-1.251000,0.826500,0.432210,1,0.131503,0.131503,0.120222,0.026017,0.270801,0.001151,0.325027
-1.251000,0.870000,0.413008,1,0.123485,0.123485,0.111993,0.023071,0.263398,0.001151,0.328181
-1.251000,0.913500,0.394979,1,0.115448,0.115448,0.103526,0.021171,0.255865,0.001151,0.331010
-1.251000,0.957000,0.380099,1,0.107401,0.107401,0.095792,0.020321,0.248216,0.001151,0.333509
-1.251000,1.000500,0.368400,1,0.099360,0.099360,0.088999,0.020527,0.240466,0.001151,0.335672
-1.251000,1.044000,0.358376,1,0.091345,0.091345,0.082465,0.017899,0.232628,0.001151,0.337497
-1.251000,1.087500,0.346898,1,0.083379,0.083379,0.074177,0.015212,0.224719,0.001151,0.338979
-1.251000,1.131000,0.338847,1,0.075495,0.075495,0.067186,0.013600,0.216753,0.001151,0.340116
-1.251000,1.174500,0.334247,1,0.067741,0.067741,0.061948,0.013068,0.208745,0.001151,0.340905
-1.251000,1.218000,0.329208,1,0.060184,0.060184,0.055534,0.013616,0.200710,0.001151,0.341346
-1.251000,1.261500,0.325040,1,0.052924,0.052924,0.048827,0.013134,0.192664,0.001151,0.341436
-1.251000,1.305000,0.324512,1,0.046121,0.046121,0.044881,0.010829,0.184621,0.001151,0.341177
-1.251000,1.348500,0.324022,1,0.040022,0.040022,0.040184,0.009620,0.176597,0.001151,0.340568
-1.251000,1.392000,0.323904,1,0.035014,0.035014,0.034907,0.009508,0.168608,0.001151,0.339611
-1.251000,1.435500,0.335372,1,0.031629,0.031629,0.034141,0.010494,0.160667,0.001151,0.338307
-1.251000,1.479000,0.360227,1,0.030421,0.030421,0.029239,0.011892,0.152791,0.001151,0.336659
-1.251000,1.522500,0.403320,1,0.031644,0.031644,0.027777,0.010045,0.144994,0.001151,0.334670
-1.251000,1.566000,0.463231,1,0.035041,0.035041,0.027812,0.009304,0.137290,0.001151,0.332344
-1.251000,1.609500,0.537873,1,0.040058,0.040058,0.025537,0.009667,0.129695,0.001151,0.329685
-1.251000,1.653000,0.632015,1,0.046162,0.046162,0.029739,0.011135,0.122223,0.001151,0.326698
-1.251000,1.696500,0.738553,1,0.052969,0.052969,0.027567,0.013704,0.114888,0.001151,0.323390
-1.251000,1.740000,0.864231,1,0.060231,0.060231,0.030877,0.012863,0.107704,0.001151,0.319765
-1.216250,-1.740000,inf,0,inf,inf,inf,inf,0.000000,0.000000,0.000000
-1.216250,-1.696500,inf,0,inf,inf,inf,inf,0.000000,0.000000,0.000000
-1.216250,-1.653000,inf,0,inf,inf,inf,inf,0.000000,0.000000,0.000000
-1.216250,-1.609500,inf,0,inf,inf,inf,inf,0.000000,0.000000,0.000000
-1.216250,-1.566000,inf,0,inf,inf,inf,inf,0.000000,0.000000,0.000000
-1.216250,-1.522500,inf,0,inf,inf,inf,inf,0.000000,0.000000,0.000000
-1.216250,-1.479000,inf,0,inf,inf,inf,inf,0.000000,0.000000,0.000000
-1.216250,-1.435500,inf,0,inf,inf,inf,inf,0.000000,0.000000,0.000000
-1.216250,-1.392000,inf,0,inf,inf,inf,inf,0.000000,0.000000,0.000000
-1.216250,-1.348500,inf,0,inf,inf,inf,inf,0.000000,0.000000,0.000000
-1.216250,-1.305000,inf,0,inf,inf,inf,inf,0.000000,0.000000,0.000000
-1.216250,-1.261500,inf,0,inf,inf,inf,inf,0.000000,0.000000,0.000000
-1.216250,-1.218000,inf,0,inf,inf,inf,inf,0.000000,0.000000,0.000000
-1.216250,-1.174500,inf,0,inf,inf,inf,inf,0.000000,0.000000,0.000000
-1.216250,-1.131000,inf,0,inf,inf,inf,inf,0.000000,0.000000,0.000000
-1.216250,-1.087500,inf,0,inf,inf,inf,inf,0.000000,0.000000,0.000000
-1.216250,-1.044000,inf,0,inf,inf,inf,inf,0.000000,0.000000,0.000000
-1.216250,-1.000500,inf,0,inf,inf,inf,inf,0.000000,0.000000,0.000000
-1.216250,-0.957000,inf,0,inf,inf,inf,inf,0.000000,0.000000,0.000000
-1.216250,-0.913500,inf,0,inf,inf,inf,inf,0.000000,0.000000,0.000000
-1.216250,-0.870000,inf,0,inf,inf,inf,inf,0.000000,0.000000,0.000000
-1.216250,-0.826500,inf,0,inf,inf,inf,inf,0.000000,0.000000,0.000000
-1.216250,-0.783000,inf,0,inf,inf,inf,inf,0.000000,0.000000,0.000000
-1.216250,-0.739500,inf,0,inf,inf,inf,inf,0.000000,0.000000,0.000000
-1.216250,-0.696000,inf,0,inf,inf,inf,inf,0.000000,0.000000,0.000000
-1.216250,-0.652500,inf,0,inf,inf,inf,inf,0.000000,0.000000,0.000000
-1.216250,-0.609000,inf,0,inf,inf,inf,inf,0.000000,0.000000,0.000000
-1.216250,-0.565500,inf,0,inf,inf,inf,inf,0.000000,0.000000,0.000000
-1.216250,-0.522000,2.146944,1,0.327188,0.327188,0.360760,0.209488,0.374662,0.001150,0.132334
-1.216250,-0.478500,1.969816,1,0.322375,0.322375,0.353264,0.194138,0.375830,0.001150,0.140296
-1.216250,-0.435000,1.808669,1,0.317411,0.317411,0.345636,0.179564,0.376651,0.001150,0.148301
-1.216250,-0.391500,1.663610,1,0.312297,0.312297,0.337883,0.165776,0.377124,0.001150,0.156334
-1.216250,-0.348000,1.534747,1,0.307038,0.307038,0.330011,0.152785,0.377246,0.001150,0.164380
-1.216250,-0.304500,1.422184,1,0.301634,0.301634,0.322028,0.140599,0.377018,0.001150,0.172424
-1.216250,-0.261000,1.326027,1,0.296090,0.296090,0.313940,0.129229,0.376441,0.001150,0.180450
-1.216250,-0.217500,1.246378,1,0.290407,0.290407,0.305754,0.118686,0.375515,0.001150,0.188443
-1.216250,-0.174000,1.183328,1,0.284588,0.284588,0.297479,0.108977,0.374243,0.001150,0.196389
-1.216250,-0.130500,1.128562,1,0.278636,0.278636,0.289124,0.100113,0.372626,0.001150,0.204271
-1.216250,-0.087000,1.074981,1,0.272554,0.272554,0.280698,0.092103,0.370668,0.001150,0.212076
-1.216250,-0.043500,1.022684,1,0.266345,0.266345,0.272210,0.084957,0.368372,0.001150,0.219789
-1.216250,0.000000,0.971765,1,0.260013,0.260013,0.263673,0.078682,0.365744,0.001151,0.227394
-1.216250,0.043500,0.922317,1,0.253559,0.253559,0.255097,0.073288,0.362787,0.001151,0.234878
-1.216250,0.087000,0.874431,1,0.246989,0.246989,0.246496,0.068783,0.359507,0.001151,0.242226
-1.216250,0.130500,0.828194,1,0.240304,0.240304,0.237885,0.065176,0.355911,0.001151,0.249425
-1.216250,0.174000,0.783692,1,0.233508,0.233508,0.229279,0.062473,0.352005,0.001151,0.256460
-1.216250,0.217500,0.741007,1,0.226605,0.226605,0.220696,0.060684,0.347797,0.001151,0.263319
-1.216250,0.261000,0.700217,1,0.219598,0.219598,0.212156,0.058665,0.343295,0.001151,0.269989
-1.216250,0.304500,0.661400,1,0.212491,0.212491,0.203682,0.053724,0.338507,0.001151,0.276456
-1.216250,0.348000,0.624626,1,0.205287,0.205287,0.195300,0.049727,0.333442,0.001151,0.282709
-1.216250,0.391500,0.589965,1,0.197991,0.197991,0.187039,0.046682,0.328110,0.001151,0.288736
-1.216250,0.435000,0.557483,1,0.190607,0.190607,0.178931,0.044597,0.322521,0.001151,0.294525
-1.216250,0.478500,0.527240,1,0.183138,0.183138,0.171017,0.043478,0.316685,0.001151,0.300066
-1.216250,0.522000,0.499296,1,0.175589,0.175589,0.163338,0.040559,0.310615,0.001151,0.305348
-1.216250,0.565500,0.473702,1,0.167965,0.167965,0.155947,0.036396,0.304320,0.001151,0.310360
-1.216250,0.609000,0.447640,1,0.160269,0.160269,0.147934,0.033228,0.297813,0.001151,0.315095
-1.216250,0.652500,0.421230,1,0.152507,0.152507,0.139233,0.031063,0.291106,0.001151,0.319541
-1.216250,0.696000,0.397510,1,0.144685,0.144685,0.130870,0.029906,0.284213,0.001151,0.323692
-1.216250,0.739500,0.376529,1,0.136807,0.136807,0.122933,0.029762,0.277145,0.001151,0.327540
-1.216250,0.783000,0.358329,1,0.128880,0.128880,0.115524,0.025642,0.269917,0.001151,0.331076
-1.216250,0.826500,0.342291,1,0.120911,0.120911,0.108467,0.022547,0.262542,0.001151,0.334295
-1.216250,0.870000,0.323955,1,0.112907,0.112907,0.099618,0.020491,0.255034,0.001151,0.337189
-1.216250,0.913500,0.308695,1,0.104878,0.104878,0.091425,0.019479,0.247407,0.001151,0.339755
-1.216250,0.957000,0.296541,1,0.096834,0.096834,0.084099,0.019514,0.239676,0.001151,0.341987
-1.216250,1.000500,0.287522,1,0.088788,0.088788,0.077899,0.017837,0.231855,0.001151,0.343880
-1.216250,1.044000,0.277332,1,0.080758,0.080758,0.070105,0.014977,0.223959,0.001151,0.345431
-1.216250,1.087500,0.268705,1,0.072766,0.072766,0.062331,0.013186,0.216003,0.001151,0.346638
-1.216250,1.131000,0.263449,1,0.064844,0.064844,0.056214,0.012465,0.208002,0.001151,0.347497
-1.216250,1.174500,0.260808,1,0.057040,0.057040,0.051610,0.012818,0.199971,0.001151,0.348008
-1.216250,1.218000,0.255946,1,0.049428,0.049428,0.043727,0.013251,0.191926,0.001151,0.348169
-1.216250,1.261500,0.254641,1,0.042130,0.042130,0.038512,0.010750,0.183881,0.001151,0.347979
-1.216250,1.305000,0.256088,1,0.035358,0.035358,0.036001,0.009336,0.175853,0.001151,0.347441
-1.216250,1.348500,0.255165,1,0.029496,0.029496,0.028960,0.009011,0.167855,0.001151,0.346553
-1.216250,1.392000,0.257933,1,0.025200,0.025200,0.026775,0.009776,0.159903,0.001151,0.345319
-1.216250,1.435500,0.268610,1,0.023362,0.023362,0.023902,0.011631,0.152013,0.001151,0.343740
-1.216250,1.479000,0.295171,1,0.024542,0.024542,0.020448,0.009986,0.144198,0.001151,0.341819
-1.216250,1.522500,0.340316,1,0.028366,0.028366,0.022962,0.009015,0.136475,0.001151,0.339561
-1.216250,1.566000,0.398420,1,0.033945,0.033945,0.018342,0.009142,0.128857,0.001151,0.336969
-1.216250,1.609500,0.475940,1,0.040553,0.040553,0.022166,0.010365,0.121359,0.001151,0.334047
-1.216250,1.653000,0.567176,1,0.047757,0.047757,0.020540,0.012682,0.113995,0.001151,0.330803
-1.216250,1.696500,0.676237,1,0.055311,0.055311,0.023224,0.012695,0.106780,0.001151,0.327242
-1.216250,1.740000,0.801920,1,0.063080,0.063080,0.026898,0.012183,0.099726,0.001151,0.323370
-1.181500,-1.740000,inf,0,inf,inf,inf,inf,0.000000,0.000000,0.000000
-1.181500,-1.696500,inf,0,inf,inf,inf,inf,0.000000,0.000000,0.000000
-1.181500,-1.653000,inf,0,inf,inf,inf,inf,0.000000,0.000000,0.000000
-1.181500,-1.609500,inf,0,inf,inf,inf,inf,0.000000,0.000000,0.000000
-1.181500,-1.566000,inf,0,inf,inf,inf,inf,0.000000,0.000000,0.000000
-1.181500,-1.522500,inf,0,inf,inf,inf,inf,0.000000,0.000000,0.000000
-1.181500,-1.479000,inf,0,inf,inf,inf,inf,0.000000,0.000000,0.000000
-1.181500,-1.435500,inf,0,inf,inf,inf,inf,0.000000,0.000000,0.000000
-1.181500,-1.392000,inf,0,inf,inf,inf,inf,0.000000,0.000000,0.000000
-1.181500,-1.348500,inf,0,inf,inf,inf,inf,0.000000,0.000000,0.000000
-1.181500,-1.305000,inf,0,inf,inf,inf,inf,0.000000,0.000000,0.000000
-1.181500,-1.261500,inf,0,inf,inf,inf,inf,0.000000,0.000000,0.000000
-1.181500,-1.218000,inf,0,inf,inf,inf,inf,0.000000,0.000000,0.000000
-1.181500,-1.174500,inf,0,inf,inf,inf,inf,0.000000,0.000000,0.000000
-1.181500,-1.131000,inf,0,inf,inf,inf,inf,0.000000,0.000000,0.000000
-1.181500,-1.087500,inf,0,inf,inf,inf,inf,0.000000,0.000000,0.000000
-1.181500,-1.044000,inf,0,inf,inf,inf,inf,0.000000,0.000000,0.000000
-1.181500,-1.000500,inf,0,inf,inf,inf,inf,0.000000,0.000000,0.000000
-1.181500,-0.957000,inf,0,inf,inf,inf,inf,0.000000,0.000000,0.000000
-1.181500,-0.913500,inf,0,inf,inf,inf,inf,0.000000,0.000000,0.000000
-1.181500,-0.870000,inf,0,inf,inf,inf,inf,0.000000,0.000000,0.000000
-1.181500,-0.826500,inf,0,inf,inf,inf,inf,0.000000,0.000000,0.000000
-1.181500,-0.783000,inf,0,inf,inf,inf,inf,0.000000,0.000000,0.000000
-1.181500,-0.739500,inf,0,inf,inf,inf,inf,0.000000,0.000000,0.000000
-1.181500,-0.696000,inf,0,inf,inf,inf,inf,0.000000,0.000000,0.000000
-1.181500,-0.652500,inf,0,inf,inf,inf,inf,0.000000,0.000000,0.000000
-1.181500,-0.609000,inf,0,inf,inf,inf,inf,0.000000,0.000000,0.000000
-1.181500,-0.565500,inf,0,inf,inf,inf,inf,0.000000,0.000000,0.000000
-1.181500,-0.522000,1.916476,1,0.316858,0.316858,0.348805,0.192958,0.373035,0.001150,0.145327
-1.181500,-0.478500,1.753278,1,0.311984,0.311984,0.341249,0.178350,0.373926,0.001150,0.153324
-1.181500,-0.435000,1.606144,1,0.306963,0.306963,0.333566,0.164525,0.374468,0.001150,0.161353
-1.181500,-0.391500,1.475178,1,0.301798,0.301798,0.325762,0.151493,0.374661,0.001150,0.169397
-1.181500,-0.348000,1.360483,1,0.296490,0.296490,0.317842,0.139264,0.374503,0.001150,0.177443
-1.181500,-0.304500,1.262160,1,0.291043,0.291043,0.309814,0.127848,0.373996,0.001150,0.185474
-1.181500,-0.261000,1.180313,1,0.285459,0.285459,0.301686,0.117254,0.373141,0.001150,0.193475
-1.181500,-0.217500,1.115040,1,0.279741,0.279741,0.293464,0.107492,0.371938,0.001150,0.201431
-1.181500,-0.174000,1.060941,1,0.273891,0.273891,0.285157,0.098571,0.370390,0.001150,0.209328
-1.181500,-0.130500,1.008190,1,0.267913,0.267913,0.276773,0.090500,0.368500,0.001150,0.217150
-1.181500,-0.087000,0.956679,1,0.261808,0.261808,0.268323,0.083288,0.366272,0.001151,0.224882
-1.181500,-0.043500,0.906502,1,0.255581,0.255581,0.259815,0.076944,0.363710,0.001151,0.232510
-1.181500,0.000000,0.857751,1,0.249235,0.249235,0.251262,0.071476,0.360819,0.001151,0.240020
-1.181500,0.043500,0.810514,1,0.242771,0.242771,0.242676,0.066892,0.357604,0.001151,0.247396
-1.181500,0.087000,0.764877,1,0.236194,0.236194,0.234069,0.063201,0.354070,0.001151,0.254626
-1.181500,0.130500,0.720924,1,0.229507,0.229507,0.225458,0.060410,0.350226,0.001151,0.261695
-1.181500,0.174000,0.678736,1,0.222713,0.222713,0.216858,0.058527,0.346079,0.001151,0.268591
-1.181500,0.217500,0.638390,1,0.215815,0.215815,0.208289,0.057522,0.341635,0.001151,0.275299
-1.181500,0.261000,0.599961,1,0.208817,0.208817,0.199771,0.052491,0.336903,0.001151,0.281808
-1.181500,0.304500,0.563520,1,0.201722,0.201722,0.191328,0.048398,0.331894,0.001151,0.288105
-1.181500,0.348000,0.529136,1,0.194534,0.194534,0.182989,0.045252,0.326615,0.001151,0.294179
-1.181500,0.391500,0.496873,1,0.187256,0.187256,0.174785,0.043059,0.321077,0.001151,0.300017
-1.181500,0.435000,0.466792,1,0.179893,0.179893,0.166752,0.041826,0.315290,0.001151,0.305608
-1.181500,0.478500,0.438949,1,0.172448,0.172448,0.158932,0.039903,0.309265,0.001151,0.310943
-1.181500,0.522000,0.413398,1,0.164925,0.164925,0.151376,0.035627,0.303015,0.001151,0.316010
-1.181500,0.565500,0.390188,1,0.157328,0.157328,0.144138,0.032341,0.296550,0.001151,0.320801
-1.181500,0.609000,0.364331,1,0.149662,0.149662,0.135440,0.030049,0.289882,0.001151,0.325307
-1.181500,0.652500,0.340559,1,0.141930,0.141930,0.126854,0.028759,0.283025,0.001151,0.329518
-1.181500,0.696000,0.319458,1,0.134138,0.134138,0.118650,0.028476,0.275992,0.001151,0.333427
-1.181500,0.739500,0.301071,1,0.126290,0.126290,0.110928,0.025329,0.268795,0.001151,0.337026
-1.181500,0.783000,0.285434,1,0.118392,0.118392,0.103815,0.022094,0.261448,0.001151,0.340309
-1.181500,0.826500,0.269556,1,0.110449,0.110449,0.095893,0.019891,0.253965,0.001151,0.343270
-1.181500,0.870000,0.253997,1,0.102468,0.102468,0.087261,0.018723,0.246361,0.001151,0.345902
-1.181500,0.913500,0.241471,1,0.094456,0.094456,0.079409,0.018596,0.238650,0.001151,0.348201
-1.181500,0.957000,0.232007,1,0.086422,0.086422,0.072608,0.017859,0.230846,0.001151,0.350163
-1.181500,1.000500,0.224565,1,0.078376,0.078376,0.066396,0.014836,0.222964,0.001151,0.351783
-1.181500,1.044000,0.215450,1,0.070332,0.070332,0.057844,0.012873,0.215019,0.001151,0.353059
-1.181500,1.087500,0.209628,1,0.062310,0.062310,0.050800,0.011974,0.207026,0.001151,0.353988
-1.181500,1.131000,0.207118,1,0.054337,0.054337,0.045978,0.012140,0.199000,0.001151,0.354569
-1.181500,1.174500,0.203841,1,0.046458,0.046458,0.039221,0.013374,0.190956,0.001151,0.354801
-1.181500,1.218000,0.201855,1,0.038749,0.038749,0.032543,0.010789,0.182910,0.001151,0.354682
-1.181500,1.261500,0.203357,1,0.031356,0.031356,0.029930,0.009179,0.174877,0.001151,0.354213
-1.181500,1.305000,0.203522,1,0.024586,0.024586,0.023788,0.008651,0.166872,0.001151,0.353396
-1.181500,1.348500,0.205500,1,0.019132,0.019132,0.019606,0.009205,0.158910,0.001151,0.352231
-1.181500,1.392000,0.209718,1,0.016380,0.016380,0.019848,0.010841,0.151006,0.001151,0.350722
-1.181500,1.435500,0.219848,1,0.017649,0.017649,0.013431,0.010072,0.143175,0.001151,0.348869
-1.181500,1.479000,0.249287,1,0.022259,0.022259,0.017385,0.008882,0.135432,0.001151,0.346679
-1.181500,1.522500,0.291795,1,0.028635,0.028635,0.011642,0.008781,0.127792,0.001151,0.344153
-1.181500,1.566000,0.352795,1,0.035837,0.035837,0.014918,0.009769,0.120268,0.001151,0.341298
-1.181500,1.609500,0.428628,1,0.043447,0.043447,0.014057,0.011844,0.112877,0.001151,0.338118
-1.181500,1.653000,0.521171,1,0.051272,0.051272,0.015764,0.012700,0.105630,0.001151,0.334619
-1.181500,1.696500,0.630817,1,0.059215,0.059215,0.020360,0.011946,0.098542,0.001151,0.330809
-1.181500,1.740000,0.754975,1,0.067222,0.067222,0.020902,0.012279,0.091627,0.001151,0.326695
-1.146750,-1.740000,inf,0,inf,inf,inf,inf,0.000000,0.000000,0.000000
-1.146750,-1.696500,inf,0,inf,inf,inf,inf,0.000000,0.000000,0.000000
-1.146750,-1.653000,inf,0,inf,inf,inf,inf,0.000000,0.000000,0.000000
-1.146750,-1.609500,inf,0,inf,inf,inf,inf,0.000000,0.000000,0.000000
-1.146750,-1.566000,inf,0,inf,inf,inf,inf,0.000000,0.000000,0.000000
-1.146750,-1.522500,inf,0,inf,inf,inf,inf,0.000000,0.000000,0.000000
-1.146750,-1.479000,inf,0,inf,inf,inf,inf,0.000000,0.000000,0.000000
-1.146750,-1.435500,inf,0,inf,inf,inf,inf,0.000000,0.000000,0.000000
-1.146750,-1.392000,inf,0,inf,inf,inf,inf,0.000000,0.000000,0.000000
-1.146750,-1.348500,inf,0,inf,inf,inf,inf,0.000000,0.000000,0.000000
-1.146750,-1.305000,inf,0,inf,inf,inf,inf,0.000000,0.000000,0.000000
-1.146750,-1.261500,inf,0,inf,inf,inf,inf,0.000000,0.000000,0.000000
-1.146750,-1.218000,inf,0,inf,inf,inf,inf,0.000000,0.000000,0.000000
-1.146750,-1.174500,inf,0,inf,inf,inf,inf,0.000000,0.000000,0.000000
-1.146750,-1.131000,inf,0,inf,inf,inf,inf,0.000000,0.000000,0.000000
-1.146750,-1.087500,inf,0,inf,inf,inf,inf,0.000000,0.000000,0.000000
-1.146750,-1.044000,inf,0,inf,inf,inf,inf,0.000000,0.000000,0.000000
-1.146750,-1.000500,inf,0,inf,inf,inf,inf,0.000000,0.000000,0.000000
-1.146750,-0.957000,inf,0,inf,inf,inf,inf,0.000000,0.000000,0.000000
-1.146750,-0.913500,inf,0,inf,inf,inf,inf,0.000000,0.000000,0.000000
-1.146750,-0.870000,inf,0,inf,inf,inf,inf,0.000000,0.000000,0.000000
-1.146750,-0.826500,inf,0,inf,inf,inf,inf,0.000000,0.000000,0.000000
-1.146750,-0.783000,inf,0,inf,inf,inf,inf,0.000000,0.000000,0.000000
-1.146750,-0.739500,inf,0,inf,inf,inf,inf,0.000000,0.000000,0.000000
-1.146750,-0.696000,inf,0,inf,inf,inf,inf,0.000000,0.000000,0.000000
-1.146750,-0.652500,inf,0,inf,inf,inf,inf,0.000000,0.000000,0.000000
-1.146750,-0.609000,inf,0,inf,inf,inf,inf,0.000000,0.000000,0.000000
-1.146750,-0.565500,1.879308,1,0.311239,0.311239,0.344232,0.191770,0.369996,0.001150,0.150266
-1.146750,-0.522000,1.714066,1,0.306453,0.306453,0.336749,0.177127,0.370957,0.001150,0.158255
-1.146750,-0.478500,1.564865,1,0.301522,0.301522,0.329136,0.163266,0.371569,0.001150,0.166279
-1.146750,-0.435000,1.431807,1,0.296448,0.296448,0.321400,0.150196,0.371832,0.001150,0.174321
-1.146750,-0.391500,1.314994,1,0.291234,0.291234,0.313546,0.137925,0.371745,0.001150,0.182368
-1.146750,-0.348000,1.214525,1,0.285883,0.285883,0.305581,0.126465,0.371309,0.001150,0.190403
-1.146750,-0.304500,1.130499,1,0.280397,0.280397,0.297512,0.115824,0.370523,0.001150,0.198411
-1.146750,-0.261000,1.063014,1,0.274778,0.274778,0.289345,0.106011,0.369390,0.001150,0.206378
-1.146750,-0.217500,1.008989,1,0.269030,0.269030,0.281089,0.097035,0.367911,0.001150,0.214288
-1.146750,-0.174000,0.957095,1,0.263155,0.263155,0.272752,0.088906,0.366090,0.001150,0.222126
-1.146750,-0.130500,0.906403,1,0.257156,0.257156,0.264342,0.081632,0.363930,0.001151,0.229877
-1.146750,-0.087000,0.857003,1,0.251035,0.251035,0.255869,0.075221,0.361435,0.001151,0.237527
-1.146750,-0.043500,0.808985,1,0.244796,0.244796,0.247344,0.069682,0.358609,0.001151,0.245062
-1.146750,0.000000,0.762436,1,0.238442,0.238442,0.238778,0.065024,0.355458,0.001151,0.252466
-1.146750,0.043500,0.717441,1,0.231975,0.231975,0.230182,0.061253,0.351989,0.001151,0.259727
-1.146750,0.087000,0.674081,1,0.225399,0.225399,0.221572,0.058378,0.348207,0.001151,0.266829
-1.146750,0.130500,0.632436,1,0.218717,0.218717,0.212963,0.056406,0.344119,0.001151,0.273761
-1.146750,0.174000,0.592582,1,0.211932,0.211932,0.204372,0.055344,0.339734,0.001151,0.280508
-1.146750,0.217500,0.554593,1,0.205047,0.205047,0.195819,0.051284,0.335060,0.001151,0.287058
-1.146750,0.261000,0.518538,1,0.198066,0.198066,0.187325,0.047101,0.330106,0.001151,0.293399
-1.146750,0.304500,0.484485,1,0.190992,0.190992,0.178918,0.043859,0.324880,0.001151,0.299518
-1.146750,0.348000,0.452498,1,0.183829,0.183829,0.170627,0.041564,0.319393,0.001151,0.305404
-1.146750,0.391500,0.422635,1,0.176579,0.176579,0.162486,0.040224,0.313656,0.001151,0.311046
-1.146750,0.435000,0.394953,1,0.169247,0.169247,0.154536,0.039284,0.307678,0.001151,0.316433
-1.146750,0.478500,0.369506,1,0.161837,0.161837,0.146824,0.034903,0.301472,0.001151,0.321555
-1.146750,0.522000,0.346340,1,0.154351,0.154351,0.139405,0.031503,0.295049,0.001151,0.326403
-1.146750,0.565500,0.323820,1,0.146793,0.146793,0.131707,0.029093,0.288421,0.001151,0.330966
-1.146750,0.609000,0.300067,1,0.139169,0.139169,0.122915,0.027677,0.281601,0.001151,0.335237
-1.146750,0.652500,0.278918,1,0.131480,0.131480,0.114459,0.027261,0.274602,0.001151,0.339208
-1.146750,0.696000,0.260416,1,0.123732,0.123732,0.106438,0.025076,0.267437,0.001151,0.342870
-1.146750,0.739500,0.244598,1,0.115928,0.115928,0.098976,0.021709,0.260119,0.001151,0.346217
-1.146750,0.783000,0.231497,1,0.108074,0.108074,0.092222,0.019366,0.252663,0.001151,0.349243
-1.146750,0.826500,0.215978,1,0.100173,0.100173,0.083315,0.018051,0.245082,0.001151,0.351942
-1.146750,0.870000,0.203162,1,0.092230,0.092230,0.074951,0.017770,0.237391,0.001151,0.354308
-1.146750,0.913500,0.193336,1,0.084252,0.084252,0.067542,0.017962,0.229605,0.001151,0.356338
-1.146750,0.957000,0.186521,1,0.076243,0.076243,0.061450,0.014784,0.221737,0.001151,0.358027
-1.146750,1.000500,0.179047,1,0.068212,0.068212,0.053786,0.012659,0.213803,0.001151,0.359373
-1.146750,1.044000,0.172749,1,0.060168,0.060168,0.045780,0.011589,0.205819,0.001151,0.360372
-1.146750,1.087500,0.169686,1,0.052122,0.052122,0.039878,0.011577,0.197798,0.001151,0.361023
-1.146750,1.131000,0.168686,1,0.044095,0.044095,0.035481,0.012626,0.189757,0.001151,0.361325
-1.146750,1.174500,0.166113,1,0.036118,0.036118,0.027170,0.010943,0.181710,0.001151,0.361276
-1.146750,1.218000,0.166949,1,0.028255,0.028255,0.022935,0.009147,0.173673,0.001151,0.360878
-1.146750,1.261500,0.168928,1,0.020660,0.020660,0.019895,0.008424,0.165661,0.001151,0.360131
-1.146750,1.305000,0.170214,1,0.013810,0.013810,0.012799,0.008775,0.157689,0.001151,0.359036
-1.146750,1.348500,0.175031,1,0.009509,0.009509,0.015885,0.010202,0.149772,0.001151,0.357595
-1.146750,1.392000,0.177303,1,0.011231,0.011231,0.007345,0.010301,0.141926,0.001151,0.355812
-1.146750,1.435500,0.190328,1,0.017257,0.017257,0.010817,0.008900,0.134164,0.001151,0.353689
-1.146750,1.479000,0.217951,1,0.024598,0.024598,0.006704,0.008581,0.126502,0.001151,0.351230
-1.146750,1.522500,0.262530,1,0.032363,0.032363,0.008577,0.009343,0.118954,0.001151,0.348441
-1.146750,1.566000,0.322862,1,0.040298,0.040298,0.009088,0.011184,0.111534,0.001151,0.345326
-1.146750,1.609500,0.398988,1,0.048306,0.048306,0.008738,0.012875,0.104258,0.001151,0.341891
-1.146750,1.653000,0.492500,1,0.056346,0.056346,0.014629,0.011887,0.097137,0.001151,0.338143
-1.146750,1.696500,0.600250,1,0.064393,0.064393,0.013457,0.011980,0.090186,0.001151,0.334089
-1.146750,1.740000,0.727147,1,0.072432,0.072432,0.021648,0.013150,0.083418,0.001151,0.329736
-1.112000,-1.740000,inf,0,inf,inf,inf,inf,0.000000,0.000000,0.000000
-1.112000,-1.696500,inf,0,inf,inf,inf,inf,0.000000,0.000000,0.000000
-1.112000,-1.653000,inf,0,inf,inf,inf,inf,0.000000,0.000000,0.000000
-1.112000,-1.609500,inf,0,inf,inf,inf,inf,0.000000,0.000000,0.000000
-1.112000,-1.566000,inf,0,inf,inf,inf,inf,0.000000,0.000000,0.000000
-1.112000,-1.522500,inf,0,inf,inf,inf,inf,0.000000,0.000000,0.000000
-1.112000,-1.479000,inf,0,inf,inf,inf,inf,0.000000,0.000000,0.000000
-1.112000,-1.435500,inf,0,inf,inf,inf,inf,0.000000,0.000000,0.000000
-1.112000,-1.392000,inf,0,inf,inf,inf,inf,0.000000,0.000000,0.000000
-1.112000,-1.348500,inf,0,inf,inf,inf,inf,0.000000,0.000000,0.000000
-1.112000,-1.305000,inf,0,inf,inf,inf,inf,0.000000,0.000000,0.000000
-1.112000,-1.261500,inf,0,inf,inf,inf,inf,0.000000,0.000000,0.000000
-1.112000,-1.218000,inf,0,inf,inf,inf,inf,0.000000,0.000000,0.000000
-1.112000,-1.174500,inf,0,inf,inf,inf,inf,0.000000,0.000000,0.000000
-1.112000,-1.131000,inf,0,inf,inf,inf,inf,0.000000,0.000000,0.000000
-1.112000,-1.087500,inf,0,inf,inf,inf,inf,0.000000,0.000000,0.000000
-1.112000,-1.044000,inf,0,inf,inf,inf,inf,0.000000,0.000000,0.000000
-1.112000,-1.000500,inf,0,inf,inf,inf,inf,0.000000,0.000000,0.000000
-1.112000,-0.957000,inf,0,inf,inf,inf,inf,0.000000,0.000000,0.000000
-1.112000,-0.913500,inf,0,inf,inf,inf,inf,0.000000,0.000000,0.000000
-1.112000,-0.870000,inf,0,inf,inf,inf,inf,0.000000,0.000000,0.000000
-1.112000,-0.826500,inf,0,inf,inf,inf,inf,0.000000,0.000000,0.000000
-1.112000,-0.783000,inf,0,inf,inf,inf,inf,0.000000,0.000000,0.000000
-1.112000,-0.739500,inf,0,inf,inf,inf,inf,0.000000,0.000000,0.000000
-1.112000,-0.696000,inf,0,inf,inf,inf,inf,0.000000,0.000000,0.000000
-1.112000,-0.652500,inf,0,inf,inf,inf,inf,0.000000,0.000000,0.000000
-1.112000,-0.609000,1.858368,1,0.305523,0.305523,0.339547,0.190578,0.366717,0.001150,0.155105
-1.112000,-0.565500,1.691083,1,0.300821,0.300821,0.332136,0.175902,0.367748,0.001150,0.163085
-1.112000,-0.522000,1.539821,1,0.295976,0.295976,0.324594,0.162005,0.368431,0.001150,0.171103
-1.112000,-0.478500,1.404681,1,0.290992,0.290992,0.316927,0.148897,0.368764,0.001150,0.179143
-1.112000,-0.435000,1.285761,1,0.285870,0.285870,0.309141,0.136587,0.368748,0.001150,0.187190
-1.112000,-0.391500,1.183159,1,0.280613,0.280613,0.301240,0.125084,0.368381,0.001150,0.195229
-1.112000,-0.348000,1.096973,1,0.275223,0.275223,0.293232,0.114397,0.367666,0.001150,0.203244
-1.112000,-0.304500,1.027297,1,0.269703,0.269703,0.285124,0.104535,0.366602,0.001150,0.211220
-1.112000,-0.261000,0.972736,1,0.264056,0.264056,0.276922,0.095507,0.365193,0.001150,0.219142
-1.112000,-0.217500,0.921726,1,0.258283,0.258283,0.268634,0.087322,0.363441,0.001151,0.226996
-1.112000,-0.174000,0.871881,1,0.252389,0.252389,0.260269,0.079989,0.361348,0.001151,0.234766
-1.112000,-0.130500,0.823289,1,0.246375,0.246375,0.251835,0.073515,0.358920,0.001151,0.242438
-1.112000,-0.087000,0.776039,1,0.240244,0.240244,0.243342,0.067909,0.356160,0.001151,0.249997
-1.112000,-0.043500,0.730215,1,0.234000,0.234000,0.234801,0.063180,0.353075,0.001151,0.257428
-1.112000,0.000000,0.685900,1,0.227645,0.227645,0.226223,0.059333,0.349669,0.001151,0.264719
-1.112000,0.043500,0.643175,1,0.221183,0.221183,0.217621,0.056378,0.345949,0.001151,0.271854
-1.112000,0.087000,0.602117,1,0.214616,0.214616,0.209010,0.054321,0.341922,0.001151,0.278821
-1.112000,0.130500,0.562802,1,0.207948,0.207948,0.200405,0.053170,0.337597,0.001151,0.285607
-1.112000,0.174000,0.525300,1,0.201181,0.201181,0.191824,0.050105,0.332980,0.001151,0.292198
-1.112000,0.217500,0.489682,1,0.194319,0.194319,0.183289,0.045836,0.328081,0.001151,0.298581
-1.112000,0.261000,0.456013,1,0.187365,0.187365,0.174824,0.042503,0.322909,0.001151,0.304746
-1.112000,0.304500,0.424355,1,0.180322,0.180322,0.166456,0.040112,0.317474,0.001151,0.310680
-1.112000,0.348000,0.394767,1,0.173195,0.173195,0.158218,0.038670,0.311786,0.001151,0.316372
-1.112000,0.391500,0.367305,1,0.165985,0.165985,0.150148,0.038182,0.305856,0.001151,0.321811
-1.112000,0.435000,0.342020,1,0.158697,0.158697,0.142291,0.034220,0.299695,0.001151,0.326987
-1.112000,0.478500,0.318960,1,0.151334,0.151334,0.134701,0.030715,0.293314,0.001151,0.331891
-1.112000,0.522000,0.298170,1,0.143900,0.143900,0.127441,0.028192,0.286727,0.001151,0.336512
-1.112000,0.565500,0.276017,1,0.136398,0.136398,0.119053,0.026657,0.279945,0.001151,0.340843
-1.112000,0.609000,0.254891,1,0.128831,0.128831,0.110364,0.026115,0.272981,0.001151,0.344874
-1.112000,0.652500,0.236346,1,0.121203,0.121203,0.102059,0.024881,0.265848,0.001151,0.348599
-1.112000,0.696000,0.220420,1,0.113519,0.113519,0.094258,0.021389,0.258560,0.001151,0.352010
-1.112000,0.739500,0.207146,1,0.105781,0.105781,0.087113,0.018914,0.251130,0.001151,0.355101
-1.112000,0.783000,0.194611,1,0.097993,0.097993,0.079603,0.017460,0.243573,0.001151,0.357866
-1.112000,0.826500,0.181586,1,0.090159,0.090159,0.070750,0.017032,0.235903,0.001151,0.360300
-1.112000,0.870000,0.171479,1,0.082283,0.082283,0.062734,0.017633,0.228134,0.001151,0.362397
-1.112000,0.913500,0.164312,1,0.074369,0.074369,0.055937,0.014819,0.220282,0.001151,0.364155
-1.112000,0.957000,0.159460,1,0.066421,0.066421,0.050229,0.012540,0.212360,0.001151,0.365570
-1.112000,1.000500,0.152775,1,0.058442,0.058442,0.041259,0.011308,0.204385,0.001151,0.366639
-1.112000,1.044000,0.149248,1,0.050438,0.050438,0.034147,0.011127,0.196370,0.001151,0.367361
-1.112000,1.087500,0.148891,1,0.042413,0.042413,0.030252,0.011999,0.188332,0.001151,0.367733
-1.112000,1.131000,0.147373,1,0.034373,0.034373,0.022729,0.011208,0.180285,0.001151,0.367755
-1.112000,1.174500,0.147636,1,0.026326,0.026326,0.016258,0.009234,0.172245,0.001151,0.367427
-1.112000,1.218000,0.151233,1,0.018289,0.018289,0.017707,0.008326,0.164227,0.001151,0.366750
-1.112000,1.261500,0.152032,1,0.010318,0.010318,0.007133,0.008485,0.156246,0.001151,0.365725
-1.112000,1.305000,0.156172,1,0.003069,0.003069,0.009508,0.009710,0.148316,0.001151,0.364353
-1.112000,1.348500,0.159676,1,0.006598,0.006598,0.005851,0.010667,0.140454,0.001151,0.362639
-1.112000,1.392000,0.164198,1,0.014448,0.014448,0.006920,0.009065,0.132674,0.001151,0.360583
-1.112000,1.435500,0.176838,1,0.022466,0.022466,0.007749,0.008537,0.124991,0.001151,0.358192
-1.112000,1.479000,0.205098,1,0.030512,0.030512,0.006304,0.009082,0.117419,0.001151,0.355469
-1.112000,1.522500,0.249830,1,0.038556,0.038556,0.008504,0.010699,0.109973,0.001151,0.352419
-1.112000,1.566000,0.309639,1,0.046590,0.046590,0.004282,0.013214,0.102666,0.001151,0.349048
-1.112000,1.609500,0.386922,1,0.054605,0.054605,0.010844,0.012002,0.095513,0.001151,0.345362
-1.112000,1.653000,0.478362,1,0.062596,0.062596,0.006215,0.011864,0.088526,0.001151,0.341369
-1.112000,1.696500,0.588869,1,0.070559,0.070559,0.016507,0.012796,0.081720,0.001151,0.337076
-1.112000,1.740000,0.712787,1,0.078491,0.078491,0.015935,0.014795,0.075108,0.001151,0.332491
-1.077250,-1.740000,inf,0,inf,inf,inf,inf,0.000000,0.000000,0.000000
-1.077250,-1.696500,inf,0,inf,inf,inf,inf,0.000000,0.000000,0.000000
-1.077250,-1.653000,inf,0,inf,inf,inf,inf,0.000000,0.000000,0.000000
-1.077250,-1.609500,inf,0,inf,inf,inf,inf,0.000000,0.000000,0.000000
-1.077250,-1.566000,inf,0,inf,inf,inf,inf,0.000000,0.000000,0.000000
-1.077250,-1.522500,inf,0,inf,inf,inf,inf,0.000000,0.000000,0.000000
-1.077250,-1.479000,inf,0,inf,inf,inf,inf,0.000000,0.000000,0.000000
-1.077250,-1.435500,inf,0,inf,inf,inf,inf,0.000000,0.000000,0.000000
-1.077250,-1.392000,inf,0,inf,inf,inf,inf,0.000000,0.000000,0.000000
-1.077250,-1.348500,inf,0,inf,inf,inf,inf,0.000000,0.000000,0.000000
-1.077250,-1.305000,inf,0,inf,inf,inf,inf,0.000000,0.000000,0.000000
-1.077250,-1.261500,inf,0,inf,inf,inf,inf,0.000000,0.000000,0.000000
-1.077250,-1.218000,inf,0,inf,inf,inf,inf,0.000000,0.000000,0.000000
-1.077250,-1.174500,inf,0,inf,inf,inf,inf,0.000000,0.000000,0.000000
-1.077250,-1.131000,inf,0,inf,inf,inf,inf,0.000000,0.000000,0.000000
-1.077250,-1.087500,inf,0,inf,inf,inf,inf,0.000000,0.000000,0.000000
-1.077250,-1.044000,inf,0,inf,inf,inf,inf,0.000000,0.000000,0.000000
-1.077250,-1.000500,inf,0,inf,inf,inf,inf,0.000000,0.000000,0.000000
-1.077250,-0.957000,inf,0,inf,inf,inf,inf,0.000000,0.000000,0.000000
-1.077250,-0.913500,inf,0,inf,inf,inf,inf,0.000000,0.000000,0.000000
-1.077250,-0.870000,inf,0,inf,inf,inf,inf,0.000000,0.000000,0.000000
-1.077250,-0.826500,inf,0,inf,inf,inf,inf,0.000000,0.000000,0.000000
-1.077250,-0.783000,inf,0,inf,inf,inf,inf,0.000000,0.000000,0.000000
-1.077250,-0.739500,inf,0,inf,inf,inf,inf,0.000000,0.000000,0.000000
-1.077250,-0.696000,inf,0,inf,inf,inf,inf,0.000000,0.000000,0.000000
-1.077250,-0.652500,1.845900,1,0.299714,0.299714,0.334752,0.189387,0.363203,0.001150,0.159836
-1.077250,-0.609000,1.676573,1,0.295093,0.295093,0.327414,0.174678,0.364303,0.001150,0.167808
-1.077250,-0.565500,1.523252,1,0.290333,0.290333,0.319944,0.160746,0.365056,0.001150,0.175819
-1.077250,-0.522000,1.386035,1,0.285435,0.285435,0.312347,0.147601,0.365460,0.001150,0.183856
-1.077250,-0.478500,1.265017,1,0.280402,0.280402,0.304628,0.135252,0.365514,0.001150,0.191903
-1.077250,-0.435000,1.160294,1,0.275237,0.275237,0.296793,0.123708,0.365218,0.001150,0.199944
-1.077250,-0.391500,1.071961,1,0.269942,0.269942,0.288849,0.112977,0.364573,0.001150,0.207965
-1.077250,-0.348000,1.000111,1,0.264518,0.264518,0.280800,0.103068,0.363579,0.001150,0.215950
-1.077250,-0.304500,0.944402,1,0.258970,0.258970,0.272655,0.093990,0.362239,0.001151,0.223885
-1.077250,-0.261000,0.894300,1,0.253300,0.253300,0.264420,0.085752,0.360555,0.001151,0.231754
-1.077250,-0.217500,0.845327,1,0.247509,0.247509,0.256103,0.078362,0.358531,0.001151,0.239542
-1.077250,-0.174000,0.797572,1,0.241602,0.241602,0.247712,0.071828,0.356170,0.001151,0.247234
-1.077250,-0.130500,0.751121,1,0.235581,0.235581,0.239257,0.066159,0.353477,0.001151,0.254817
-1.077250,-0.087000,0.706055,1,0.229448,0.229448,0.230746,0.061361,0.350456,0.001151,0.262275
-1.077250,-0.043500,0.662458,1,0.223207,0.223207,0.222191,0.057443,0.347114,0.001151,0.269595
-1.077250,0.000000,0.620406,1,0.216860,0.216860,0.213604,0.054411,0.343457,0.001151,0.276763
-1.077250,0.043500,0.579977,1,0.210411,0.210411,0.204997,0.052274,0.339491,0.001151,0.283765
-1.077250,0.087000,0.541244,1,0.203862,0.203862,0.196385,0.051037,0.335225,0.001151,0.290588
-1.077250,0.130500,0.504277,1,0.197217,0.197217,0.187786,0.048952,0.330666,0.001151,0.297219
-1.077250,0.174000,0.469143,1,0.190479,0.190479,0.179219,0.044603,0.325823,0.001151,0.303645
-1.077250,0.217500,0.435908,1,0.183651,0.183651,0.170705,0.041185,0.320706,0.001151,0.309855
-1.077250,0.261000,0.404632,1,0.176736,0.176736,0.162270,0.038703,0.315323,0.001151,0.315836
-1.077250,0.304500,0.375374,1,0.169738,0.169738,0.153946,0.037164,0.309685,0.001151,0.321578
-1.077250,0.348000,0.348187,1,0.162660,0.162660,0.145767,0.036574,0.303802,0.001151,0.327069
-1.077250,0.391500,0.323122,1,0.155506,0.155506,0.137776,0.033577,0.297687,0.001151,0.332299
-1.077250,0.435000,0.300227,1,0.148278,0.148278,0.130025,0.029973,0.291350,0.001151,0.337258
-1.077250,0.478500,0.279545,1,0.140980,0.140980,0.122576,0.027344,0.284803,0.001151,0.341937
-1.077250,0.522000,0.260581,1,0.133616,0.133616,0.115269,0.025697,0.278059,0.001151,0.346326
-1.077250,0.565500,0.239546,1,0.126190,0.126190,0.106367,0.025037,0.271130,0.001151,0.350419
-1.077250,0.609000,0.221029,1,0.118704,0.118704,0.097796,0.024741,0.264030,0.001151,0.354206
-1.077250,0.652500,0.205067,1,0.111163,0.111163,0.089671,0.021131,0.256772,0.001151,0.357680
-1.077250,0.696000,0.191691,1,0.103570,0.103570,0.082140,0.018532,0.249370,0.001151,0.360836
-1.077250,0.739500,0.180930,1,0.095930,0.095930,0.075399,0.016947,0.241837,0.001151,0.363667
-1.077250,0.783000,0.168900,1,0.088246,0.088246,0.066832,0.016380,0.234189,0.001151,0.366168
-1.077250,0.826500,0.158593,1,0.080521,0.080521,0.058225,0.016836,0.226439,0.001151,0.368334
-1.077250,0.870000,0.151156,1,0.072761,0.072761,0.050699,0.014936,0.218602,0.001151,0.370160
-1.077250,0.913500,0.146607,1,0.064970,0.064970,0.044820,0.012511,0.210694,0.001151,0.371644
-1.077250,0.957000,0.141856,1,0.057153,0.057153,0.037369,0.011127,0.202728,0.001151,0.372783
-1.077250,1.000500,0.137954,1,0.049316,0.049316,0.028946,0.010785,0.194720,0.001151,0.373575
-1.077250,1.044000,0.137146,1,0.041466,0.041466,0.023615,0.011489,0.186685,0.001151,0.374017
-1.077250,1.087500,0.137778,1,0.033615,0.033615,0.019754,0.011580,0.178639,0.001151,0.374109
-1.077250,1.131000,0.137563,1,0.025783,0.025783,0.010329,0.009437,0.170596,0.001151,0.373852
-1.077250,1.174500,0.140603,1,0.018021,0.018021,0.010828,0.008353,0.162572,0.001151,0.373245
-1.077250,1.218000,0.143091,1,0.010512,0.010512,0.006411,0.008327,0.154582,0.001151,0.372290
-1.077250,1.261500,0.146653,1,0.004740,0.004740,0.006390,0.009361,0.146641,0.001151,0.370988
-1.077250,1.305000,0.151291,1,0.007797,0.007797,0.010797,0.011166,0.138765,0.001151,0.369342
-1.077250,1.348500,0.155224,1,0.015014,0.015014,0.009498,0.009372,0.130967,0.001151,0.367355
-1.077250,1.392000,0.160594,1,0.022716,0.022716,0.013270,0.008644,0.123263,0.001151,0.365031
-1.077250,1.435500,0.172634,1,0.030530,0.030530,0.010785,0.008982,0.115667,0.001151,0.362374
-1.077250,1.479000,0.201670,1,0.038376,0.038376,0.012733,0.010385,0.108194,0.001151,0.359389
-1.077250,1.522500,0.245261,1,0.046228,0.046228,0.008353,0.012850,0.100859,0.001151,0.356082
-1.077250,1.566000,0.306224,1,0.054072,0.054072,0.010996,0.012287,0.093673,0.001151,0.352459
-1.077250,1.609500,0.381452,1,0.061897,0.061897,0.002240,0.011926,0.086652,0.001151,0.348528
-1.077250,1.653000,0.475666,1,0.069699,0.069699,0.013942,0.012629,0.079809,0.001151,0.344294
-1.077250,1.696500,0.582734,1,0.077472,0.077472,0.008719,0.014392,0.073156,0.001151,0.339767
-1.077250,1.740000,0.708631,1,0.085211,0.085211,0.015738,0.017212,0.066707,0.001151,0.334955
-1.042500,-1.740000,inf,0,inf,inf,inf,inf,0.000000,0.000000,0.000000
-1.042500,-1.696500,inf,0,inf,inf,inf,inf,0.000000,0.000000,0.000000
-1.042500,-1.653000,inf,0,inf,inf,inf,inf,0.000000,0.000000,0.000000
-1.042500,-1.609500,inf,0,inf,inf,inf,inf,0.000000,0.000000,0.000000
-1.042500,-1.566000,inf,0,inf,inf,inf,inf,0.000000,0.000000,0.000000
-1.042500,-1.522500,inf,0,inf,inf,inf,inf,0.000000,0.000000,0.000000
-1.042500,-1.479000,inf,0,inf,inf,inf,inf,0.000000,0.000000,0.000000
-1.042500,-1.435500,inf,0,inf,inf,inf,inf,0.000000,0.000000,0.000000
-1.042500,-1.392000,inf,0,inf,inf,inf,inf,0.000000,0.000000,0.000000
-1.042500,-1.348500,inf,0,inf,inf,inf,inf,0.000000,0.000000,0.000000
-1.042500,-1.305000,inf,0,inf,inf,inf,inf,0.000000,0.000000,0.000000
-1.042500,-1.261500,inf,0,inf,inf,inf,inf,0.000000,0.000000,0.000000
-1.042500,-1.218000,inf,0,inf,inf,inf,inf,0.000000,0.000000,0.000000
-1.042500,-1.174500,inf,0,inf,inf,inf,inf,0.000000,0.000000,0.000000
-1.042500,-1.131000,inf,0,inf,inf,inf,inf,0.000000,0.000000,0.000000
-1.042500,-1.087500,inf,0,inf,inf,inf,inf,0.000000,0.000000,0.000000
-1.042500,-1.044000,inf,0,inf,inf,inf,inf,0.000000,0.000000,0.000000
-1.042500,-1.000500,inf,0,inf,inf,inf,inf,0.000000,0.000000,0.000000
-1.042500,-0.957000,inf,0,inf,inf,inf,inf,0.000000,0.000000,0.000000
-1.042500,-0.913500,inf,0,inf,inf,inf,inf,0.000000,0.000000,0.000000
-1.042500,-0.870000,inf,0,inf,inf,inf,inf,0.000000,0.000000,0.000000
-1.042500,-0.826500,inf,0,inf,inf,inf,inf,0.000000,0.000000,0.000000
-1.042500,-0.783000,inf,0,inf,inf,inf,inf,0.000000,0.000000,0.000000
-1.042500,-0.739500,inf,0,inf,inf,inf,inf,0.000000,0.000000,0.000000
-1.042500,-0.696000,1.834151,1,0.293819,0.293819,0.329852,0.188202,0.359456,0.001150,0.164453
-1.042500,-0.652500,1.662777,1,0.289275,0.289275,0.322586,0.173460,0.360627,0.001150,0.172414
-1.042500,-0.609000,1.507397,1,0.284595,0.284595,0.315188,0.159494,0.361450,0.001150,0.180419
-1.042500,-0.565500,1.368105,1,0.279781,0.279781,0.307661,0.146313,0.361924,0.001150,0.188452
-1.042500,-0.522000,1.244995,1,0.274834,0.274834,0.300010,0.133926,0.362048,0.001150,0.196498
-1.042500,-0.478500,1.138160,1,0.269758,0.269758,0.292242,0.122341,0.361822,0.001150,0.204541
-1.042500,-0.435000,1.047691,1,0.264555,0.264555,0.284362,0.111567,0.361247,0.001150,0.212568
-1.042500,-0.391500,0.973681,1,0.259226,0.259226,0.276376,0.101613,0.360323,0.001150,0.220561
-1.042500,-0.348000,0.916210,1,0.253776,0.253776,0.268290,0.092487,0.359053,0.001151,0.228507
-1.042500,-0.304500,0.867035,1,0.248206,0.248206,0.260110,0.084198,0.357438,0.001151,0.236390
-1.042500,-0.261000,0.818958,1,0.242519,0.242519,0.251844,0.076754,0.355482,0.001151,0.244196
-1.042500,-0.217500,0.772066,1,0.236718,0.236718,0.243500,0.070163,0.353188,0.001151,0.251909
-1.042500,-0.174000,0.726441,1,0.230806,0.230806,0.235086,0.064432,0.350562,0.001151,0.259515
-1.042500,-0.130500,0.682166,1,0.224785,0.224785,0.226611,0.059570,0.347606,0.001151,0.267000
-1.042500,-0.087000,0.639319,1,0.218658,0.218658,0.218085,0.055583,0.344329,0.001151,0.274349
-1.042500,-0.043500,0.597978,1,0.212429,0.212429,0.209518,0.052479,0.340734,0.001151,0.281548
-1.042500,0.000000,0.558216,1,0.206100,0.206100,0.200923,0.050265,0.336830,0.001151,0.288584
-1.042500,0.043500,0.520106,1,0.199675,0.199675,0.192313,0.048947,0.332624,0.001151,0.295444
-1.042500,0.087000,0.483717,1,0.193156,0.193156,0.183703,0.047827,0.328123,0.001151,0.302115
-1.042500,0.130500,0.449114,1,0.186546,0.186546,0.175112,0.043402,0.323337,0.001151,0.308583
-1.042500,0.174000,0.416360,1,0.179850,0.179850,0.166559,0.039903,0.318274,0.001151,0.314838
-1.042500,0.217500,0.385517,1,0.173069,0.173069,0.158069,0.037335,0.312943,0.001151,0.320866
-1.042500,0.261000,0.356639,1,0.166209,0.166209,0.149669,0.035705,0.307356,0.001151,0.326657
-1.042500,0.304500,0.329782,1,0.159271,0.159271,0.141392,0.035019,0.301522,0.001151,0.332199
-1.042500,0.348000,0.304993,1,0.152260,0.152260,0.133280,0.032974,0.295452,0.001151,0.337482
-1.042500,0.391500,0.282321,1,0.145179,0.145179,0.125379,0.029276,0.289158,0.001151,0.342496
-1.042500,0.435000,0.261806,1,0.138032,0.138032,0.117750,0.026548,0.282653,0.001151,0.347232
-1.042500,0.478500,0.243489,1,0.130823,0.130823,0.110465,0.024795,0.275947,0.001151,0.351681
-1.042500,0.522000,0.225054,1,0.123555,0.123555,0.102471,0.024023,0.269055,0.001151,0.355833
-1.042500,0.565500,0.206633,1,0.116233,0.116233,0.093655,0.024236,0.261988,0.001151,0.359682
-1.042500,0.609000,0.190704,1,0.108861,0.108861,0.085223,0.020933,0.254761,0.001151,0.363221
-1.042500,0.652500,0.177298,1,0.101443,0.101443,0.077317,0.018217,0.247387,0.001151,0.366441
-1.042500,0.696000,0.166444,1,0.093985,0.093985,0.070135,0.016508,0.239879,0.001151,0.369338
-1.042500,0.739500,0.157263,1,0.086491,0.086491,0.063229,0.015811,0.232253,0.001151,0.371905
-1.042500,0.783000,0.146836,1,0.078969,0.078969,0.054060,0.016129,0.224522,0.001151,0.374139
-1.042500,0.826500,0.139209,1,0.071425,0.071425,0.045795,0.015133,0.216702,0.001151,0.376034
-1.042500,0.870000,0.134400,1,0.063868,0.063868,0.039033,0.012570,0.208806,0.001151,0.377587
-1.042500,0.913500,0.132142,1,0.056311,0.056311,0.034273,0.011041,0.200851,0.001151,0.378796
-1.042500,0.957000,0.127951,1,0.048771,0.048771,0.024536,0.010547,0.192850,0.001151,0.379657
-1.042500,1.000500,0.126782,1,0.041276,0.041276,0.017342,0.011091,0.184819,0.001151,0.380170
-1.042500,1.044000,0.128639,1,0.033874,0.033874,0.016476,0.012053,0.176774,0.001151,0.380333
-1.042500,1.087500,0.128872,1,0.026663,0.026663,0.006988,0.009751,0.168730,0.001151,0.380146
-1.042500,1.131000,0.131449,1,0.019872,0.019872,0.005437,0.008500,0.160701,0.001151,0.379609
-1.042500,1.174500,0.135532,1,0.014143,0.014143,0.011400,0.008299,0.152703,0.001151,0.378723
-1.042500,1.218000,0.138613,1,0.011255,0.011255,0.009950,0.009151,0.144751,0.001151,0.377491
-1.042500,1.261500,0.144287,1,0.013227,0.013227,0.017212,0.011055,0.136860,0.001151,0.375914
-1.042500,1.305000,0.147728,1,0.018569,0.018569,0.015466,0.009816,0.129045,0.001151,0.373996
-1.042500,1.348500,0.153542,1,0.025216,0.025216,0.019706,0.008898,0.121321,0.001151,0.371739
-1.042500,1.392000,0.157275,1,0.032367,0.032367,0.017275,0.009038,0.113703,0.001151,0.369148
-1.042500,1.435500,0.170518,1,0.039740,0.039740,0.018636,0.010235,0.106204,0.001151,0.366229
-1.042500,1.479000,0.197991,1,0.047221,0.047221,0.015030,0.012488,0.098839,0.001151,0.362987
-1.042500,1.522500,0.242545,1,0.054754,0.054754,0.014812,0.012735,0.091623,0.001151,0.359427
-1.042500,1.566000,0.301658,1,0.062309,0.062309,0.008700,0.012163,0.084568,0.001151,0.355557
-1.042500,1.609500,0.378896,1,0.069867,0.069867,0.012320,0.012646,0.077688,0.001151,0.351383
-1.042500,1.653000,0.469811,1,0.077414,0.077414,0.001654,0.014181,0.070995,0.001151,0.346915
-1.042500,1.696500,0.579519,1,0.084942,0.084942,0.011856,0.016767,0.064504,0.001151,0.342159
-1.042500,1.740000,0.704872,1,0.092442,0.092442,0.015830,0.018403,0.058226,0.001151,0.337126
-1.007750,-1.740000,inf,0,inf,inf,inf,inf,0.000000,0.000000,0.000000
-1.007750,-1.696500,inf,0,inf,inf,inf,inf,0.000000,0.000000,0.000000
-1.007750,-1.653000,inf,0,inf,inf,inf,inf,0.000000,0.000000,0.000000
-1.007750,-1.609500,inf,0,inf,inf,inf,inf,0.000000,0.000000,0.000000
-1.007750,-1.566000,inf,0,inf,inf,inf,inf,0.000000,0.000000,0.000000
-1.007750,-1.522500,inf,0,inf,inf,inf,inf,0.000000,0.000000,0.000000
-1.007750,-1.479000,inf,0,inf,inf,inf,inf,0.000000,0.000000,0.000000
-1.007750,-1.435500,inf,0,inf,inf,inf,inf,0.000000,0.000000,0.000000
-1.007750,-1.392000,inf,0,inf,inf,inf,inf,0.000000,0.000000,0.000000
-1.007750,-1.348500,inf,0,inf,inf,inf,inf,0.000000,0.000000,0.000000
-1.007750,-1.305000,inf,0,inf,inf,inf,inf,0.000000,0.000000,0.000000
-1.007750,-1.261500,inf,0,inf,inf,inf,inf,0.000000,0.000000,0.000000
-1.007750,-1.218000,inf,0,inf,inf,inf,inf,0.000000,0.000000,0.000000
-1.007750,-1.174500,inf,0,inf,inf,inf,inf,0.000000,0.000000,0.000000
-1.007750,-1.131000,inf,0,inf,inf,inf,inf,0.000000,0.000000,0.000000
-1.007750,-1.087500,inf,0,inf,inf,inf,inf,0.000000,0.000000,0.000000
-1.007750,-1.044000,inf,0,inf,inf,inf,inf,0.000000,0.000000,0.000000
-1.007750,-1.000500,inf,0,inf,inf,inf,inf,0.000000,0.000000,0.000000
-1.007750,-0.957000,inf,0,inf,inf,inf,inf,0.000000,0.000000,0.000000
-1.007750,-0.913500,inf,0,inf,inf,inf,inf,0.000000,0.000000,0.000000
-1.007750,-0.870000,inf,0,inf,inf,inf,inf,0.000000,0.000000,0.000000
-1.007750,-0.826500,inf,0,inf,inf,inf,inf,0.000000,0.000000,0.000000
-1.007750,-0.783000,inf,0,inf,inf,inf,inf,0.000000,0.000000,0.000000
-1.007750,-0.739500,inf,0,inf,inf,inf,inf,0.000000,0.000000,0.000000
-1.007750,-0.696000,1.649755,1,0.283374,0.283374,0.317655,0.172254,0.356722,0.001150,0.176898
-1.007750,-0.652500,1.492312,1,0.278769,0.278769,0.310327,0.158254,0.357615,0.001150,0.184895
-1.007750,-0.609000,1.350944,1,0.274034,0.274034,0.302871,0.145036,0.358159,0.001150,0.192923
-1.007750,-0.565500,1.225744,1,0.269171,0.269171,0.295290,0.132611,0.358354,0.001150,0.200968
-1.007750,-0.522000,1.116801,1,0.264180,0.264180,0.287589,0.120987,0.358199,0.001150,0.209013
-1.007750,-0.478500,1.024206,1,0.259066,0.259066,0.279775,0.110171,0.357694,0.001150,0.217044
-1.007750,-0.435000,0.948047,1,0.253831,0.253831,0.271852,0.100174,0.356840,0.001151,0.225046
-1.007750,-0.391500,0.888413,1,0.248476,0.248476,0.263826,0.091002,0.355639,0.001151,0.233002
-1.007750,-0.348000,0.839964,1,0.243005,0.243005,0.255705,0.082663,0.354094,0.001151,0.240899
-1.007750,-0.304500,0.792803,1,0.237421,0.237421,0.247493,0.075167,0.352206,0.001151,0.248722
-1.007750,-0.261000,0.746795,1,0.231725,0.231725,0.239200,0.068521,0.349980,0.001151,0.256455
-1.007750,-0.217500,0.702024,1,0.225922,0.225922,0.230831,0.062732,0.347420,0.001151,0.264083
-1.007750,-0.174000,0.658567,1,0.220013,0.220013,0.222396,0.057807,0.344530,0.001151,0.271593
-1.007750,-0.130500,0.616502,1,0.214002,0.214002,0.213903,0.053755,0.341317,0.001151,0.278971
-1.007750,-0.087000,0.575904,1,0.207892,0.207892,0.205363,0.050582,0.337785,0.001151,0.286201
-1.007750,-0.043500,0.536846,1,0.201685,0.201685,0.196786,0.048295,0.333943,0.001151,0.293272
-1.007750,0.000000,0.499398,1,0.195385,0.195385,0.188185,0.046900,0.329797,0.001151,0.300168
-1.007750,0.043500,0.463627,1,0.188995,0.188995,0.179573,0.046404,0.325355,0.001151,0.306878
-1.007750,0.087000,0.429598,1,0.182519,0.182519,0.170967,0.042233,0.320625,0.001151,0.313388
-1.007750,0.130500,0.397373,1,0.175960,0.175960,0.162386,0.038658,0.315617,0.001151,0.319686
-1.007750,0.174000,0.367009,1,0.169320,0.169320,0.153850,0.036009,0.310339,0.001151,0.325761
-1.007750,0.217500,0.338563,1,0.162605,0.162605,0.145385,0.034293,0.304803,0.001151,0.331600
-1.007750,0.261000,0.312086,1,0.155816,0.155816,0.137023,0.033515,0.299017,0.001151,0.337193
-1.007750,0.304500,0.287628,1,0.148959,0.148959,0.128800,0.032410,0.292994,0.001151,0.342529
-1.007750,0.348000,0.265233,1,0.142038,0.142038,0.120762,0.028624,0.286745,0.001151,0.347599
-1.007750,0.391500,0.244944,1,0.135055,0.135055,0.112966,0.025803,0.280281,0.001151,0.352391
-1.007750,0.435000,0.226798,1,0.128017,0.128017,0.105480,0.023951,0.273615,0.001151,0.356898
-1.007750,0.478500,0.210830,1,0.120926,0.120926,0.098392,0.023073,0.266759,0.001151,0.361111
-1.007750,0.522000,0.193138,1,0.113790,0.113790,0.089643,0.023174,0.259726,0.001151,0.365022
-1.007750,0.565500,0.177311,1,0.106612,0.106612,0.080924,0.020793,0.252530,0.001151,0.368623
-1.007750,0.609000,0.163946,1,0.099399,0.099399,0.072659,0.017967,0.245184,0.001151,0.371908
-1.007750,0.652500,0.153069,1,0.092158,0.092158,0.065039,0.016141,0.237702,0.001151,0.374870
-1.007750,0.696000,0.144703,1,0.084898,0.084898,0.058332,0.015321,0.230099,0.001151,0.377504
-1.007750,0.739500,0.136176,1,0.077628,0.077628,0.050298,0.015509,0.222388,0.001151,0.379805
-1.007750,0.783000,0.128438,1,0.070362,0.070362,0.041310,0.015404,0.214584,0.001151,0.381769
-1.007750,0.826500,0.123450,1,0.063117,0.063117,0.033591,0.012713,0.206703,0.001151,0.383391
-1.007750,0.870000,0.121225,1,0.055918,0.055918,0.028222,0.011047,0.198758,0.001151,0.384669
-1.007750,0.913500,0.119201,1,0.048801,0.048801,0.021325,0.010410,0.190765,0.001151,0.385601
-1.007750,0.957000,0.117756,1,0.041825,0.041825,0.011860,0.010803,0.182739,0.001151,0.386184
-1.007750,1.000500,0.119266,1,0.035091,0.035091,0.009572,0.012228,0.174696,0.001151,0.386417
-1.007750,1.044000,0.121519,1,0.028789,0.028789,0.009301,0.010172,0.166650,0.001151,0.386300
-1.007750,1.087500,0.123724,1,0.023285,0.023285,0.006791,0.008762,0.158617,0.001151,0.385834
-1.007750,1.131000,0.129032,1,0.019292,0.019292,0.016892,0.008396,0.150611,0.001151,0.385018
-1.007750,1.174500,0.132002,1,0.017863,0.017863,0.016132,0.009074,0.142649,0.001151,0.383856
-1.007750,1.218000,0.137905,1,0.019570,0.019570,0.022311,0.010797,0.134744,0.001151,0.382348
-1.007750,1.261500,0.141660,1,0.023743,0.023743,0.022134,0.010392,0.126913,0.001151,0.380498
-1.007750,1.305000,0.147819,1,0.029344,0.029344,0.026302,0.009293,0.119170,0.001151,0.378309
-1.007750,1.348500,0.151156,1,0.035698,0.035698,0.024107,0.009245,0.111529,0.001151,0.375785
-1.007750,1.392000,0.156325,1,0.042460,0.042460,0.024961,0.010246,0.104005,0.001151,0.372932
-1.007750,1.435500,0.167777,1,0.049452,0.049452,0.021950,0.012295,0.096612,0.001151,0.369754
-1.007750,1.479000,0.195836,1,0.056579,0.056579,0.020211,0.013343,0.089365,0.001151,0.366257
-1.007750,1.522500,0.238929,1,0.063784,0.063784,0.015685,0.012568,0.082276,0.001151,0.362449
-1.007750,1.566000,0.299077,1,0.071032,0.071032,0.014022,0.012840,0.075360,0.001151,0.358336
-1.007750,1.609500,0.373973,1,0.078299,0.078299,0.005454,0.014158,0.068629,0.001151,0.353926
-1.007750,1.653000,0.467585,1,0.085568,0.085568,0.011938,0.016519,0.062096,0.001151,0.349227
-1.007750,1.696500,0.575352,1,0.092827,0.092827,0.008881,0.018924,0.055774,0.001151,0.344249
-1.007750,1.740000,0.700847,1,0.100065,0.100065,0.014020,0.018438,0.049674,0.001151,0.339001
-0.973000,-1.740000,inf,0,inf,inf,inf,inf,0.000000,0.000000,0.000000
-0.973000,-1.696500,inf,0,inf,inf,inf,inf,0.000000,0.000000,0.000000
-0.973000,-1.653000,inf,0,inf,inf,inf,inf,0.000000,0.000000,0.000000
-0.973000,-1.609500,inf,0,inf,inf,inf,inf,0.000000,0.000000,0.000000
-0.973000,-1.566000,inf,0,inf,inf,inf,inf,0.000000,0.000000,0.000000
-0.973000,-1.522500,inf,0,inf,inf,inf,inf,0.000000,0.000000,0.000000
-0.973000,-1.479000,inf,0,inf,inf,inf,inf,0.000000,0.000000,0.000000
-0.973000,-1.435500,inf,0,inf,inf,inf,inf,0.000000,0.000000,0.000000
-0.973000,-1.392000,inf,0,inf,inf,inf,inf,0.000000,0.000000,0.000000
-0.973000,-1.348500,inf,0,inf,inf,inf,inf,0.000000,0.000000,0.000000
-0.973000,-1.305000,inf,0,inf,inf,inf,inf,0.000000,0.000000,0.000000
-0.973000,-1.261500,inf,0,inf,inf,inf,inf,0.000000,0.000000,0.000000
-0.973000,-1.218000,inf,0,inf,inf,inf,inf,0.000000,0.000000,0.000000
-0.973000,-1.174500,inf,0,inf,inf,inf,inf,0.000000,0.000000,0.000000
-0.973000,-1.131000,inf,0,inf,inf,inf,inf,0.000000,0.000000,0.000000
-0.973000,-1.087500,inf,0,inf,inf,inf,inf,0.000000,0.000000,0.000000
-0.973000,-1.044000,inf,0,inf,inf,inf,inf,0.000000,0.000000,0.000000
-0.973000,-1.000500,inf,0,inf,inf,inf,inf,0.000000,0.000000,0.000000
-0.973000,-0.957000,inf,0,inf,inf,inf,inf,0.000000,0.000000,0.000000
-0.973000,-0.913500,inf,0,inf,inf,inf,inf,0.000000,0.000000,0.000000
-0.973000,-0.870000,inf,0,inf,inf,inf,inf,0.000000,0.000000,0.000000
-0.973000,-0.826500,inf,0,inf,inf,inf,inf,0.000000,0.000000,0.000000
-0.973000,-0.783000,inf,0,inf,inf,inf,inf,0.000000,0.000000,0.000000
-0.973000,-0.739500,1.637563,1,0.277394,0.277394,0.312624,0.171065,0.352594,0.001150,0.181251
-0.973000,-0.696000,1.478050,1,0.272861,0.272861,0.305367,0.157029,0.353557,0.001150,0.189240
-0.973000,-0.652500,1.334604,1,0.268202,0.268202,0.297980,0.143776,0.354172,0.001150,0.197263
-0.973000,-0.609000,1.207312,1,0.263417,0.263417,0.290468,0.131314,0.354437,0.001150,0.205306
-0.973000,-0.565500,1.096264,1,0.258509,0.258509,0.282836,0.119650,0.354352,0.001150,0.213352
-0.973000,-0.522000,1.001547,1,0.253481,0.253481,0.275088,0.108794,0.353917,0.001150,0.221387
-0.973000,-0.478500,0.923248,1,0.248335,0.248335,0.267230,0.098753,0.353134,0.001151,0.229396
-0.973000,-0.435000,0.861452,1,0.243074,0.243074,0.259267,0.089536,0.352002,0.001151,0.237363
-0.973000,-0.391500,0.813121,1,0.237700,0.237700,0.251205,0.081150,0.350526,0.001151,0.245273
-0.973000,-0.348000,0.766892,1,0.232216,0.232216,0.243051,0.073604,0.348707,0.001151,0.253112
-0.973000,-0.304500,0.721790,1,0.226625,0.226625,0.234810,0.066904,0.346548,0.001151,0.260864
-0.973000,-0.261000,0.677893,1,0.220930,0.220930,0.226491,0.061059,0.344055,0.001151,0.268515
-0.973000,-0.217500,0.635280,1,0.215133,0.215133,0.218100,0.056076,0.341231,0.001151,0.276050
-0.973000,-0.174000,0.594025,1,0.209238,0.209238,0.209646,0.051961,0.338082,0.001151,0.283455
-0.973000,-0.130500,0.554202,1,0.203247,0.203247,0.201138,0.048722,0.334615,0.001151,0.290716
-0.973000,-0.087000,0.515881,1,0.197165,0.197165,0.192586,0.046365,0.330834,0.001151,0.297820
-0.973000,-0.043500,0.479131,1,0.190993,0.190993,0.184000,0.044896,0.326749,0.001151,0.304752
-0.973000,0.000000,0.444017,1,0.184736,0.184736,0.175395,0.044323,0.322365,0.001151,0.311501
-0.973000,0.043500,0.410603,1,0.178397,0.178397,0.166783,0.041097,0.317693,0.001151,0.318052
-0.973000,0.087000,0.378948,1,0.171980,0.171980,0.158182,0.037450,0.312740,0.001151,0.324394
-0.973000,0.130500,0.349110,1,0.165487,0.165487,0.149611,0.034725,0.307516,0.001151,0.330514
-0.973000,0.174000,0.321143,1,0.158924,0.158924,0.141094,0.032927,0.302030,0.001151,0.336402
-0.973000,0.217500,0.295097,1,0.152294,0.152294,0.132658,0.032063,0.296294,0.001151,0.342045
-0.973000,0.261000,0.271020,1,0.145602,0.145602,0.124337,0.031882,0.290318,0.001151,0.347434
-0.973000,0.304500,0.248957,1,0.138851,0.138851,0.116174,0.028015,0.284113,0.001151,0.352558
-0.973000,0.348000,0.228948,1,0.132048,0.132048,0.108222,0.025106,0.277691,0.001151,0.357407
-0.973000,0.391500,0.211031,1,0.125196,0.125196,0.100547,0.023160,0.271065,0.001151,0.361972
-0.973000,0.435000,0.195238,1,0.118302,0.118302,0.093234,0.022184,0.264246,0.001151,0.366245
-0.973000,0.478500,0.180526,1,0.111373,0.111373,0.085766,0.022180,0.257248,0.001151,0.370217
-0.973000,0.522000,0.164868,1,0.104416,0.104416,0.076788,0.020707,0.250084,0.001151,0.373881
-0.973000,0.565500,0.151610,1,0.097438,0.097438,0.068184,0.017778,0.242767,0.001151,0.377230
-0.973000,0.609000,0.140781,1,0.090451,0.090451,0.060133,0.015844,0.235311,0.001151,0.380257
-0.973000,0.652500,0.132402,1,0.083467,0.083467,0.052906,0.014907,0.227731,0.001151,0.382958
-0.973000,0.696000,0.126490,1,0.076501,0.076501,0.046904,0.014973,0.220041,0.001151,0.385326
-0.973000,0.739500,0.118812,1,0.069574,0.069574,0.037352,0.015748,0.212255,0.001151,0.387358
-0.973000,0.783000,0.113724,1,0.062715,0.062715,0.028635,0.012936,0.204387,0.001151,0.389049
-0.973000,0.826500,0.111330,1,0.055964,0.055964,0.022016,0.011142,0.196454,0.001151,0.390397
-0.973000,0.870000,0.111640,1,0.049380,0.049380,0.019749,0.010369,0.188470,0.001151,0.391398
-0.973000,0.913500,0.110029,1,0.043056,0.043056,0.008574,0.010619,0.180449,0.001151,0.392051
-0.973000,0.957000,0.111277,1,0.037138,0.037138,0.003595,0.011895,0.172408,0.001151,0.392355
-0.973000,1.000500,0.115409,1,0.031870,0.031870,0.014516,0.010694,0.164362,0.001151,0.392309
-0.973000,1.044000,0.117382,1,0.027637,0.027637,0.012748,0.009135,0.156325,0.001151,0.391912
-0.973000,1.087500,0.122334,1,0.024980,0.024980,0.019548,0.008612,0.148312,0.001151,0.391167
-0.973000,1.131000,0.126769,1,0.024426,0.024426,0.022798,0.009126,0.140340,0.001151,0.390074
-0.973000,1.174500,0.132303,1,0.026110,0.026110,0.027152,0.010677,0.132423,0.001151,0.388636
-0.973000,1.218000,0.136966,1,0.029649,0.029649,0.028939,0.011095,0.124576,0.001151,0.386854
-0.973000,1.261500,0.142910,1,0.034473,0.034473,0.032180,0.009825,0.116813,0.001151,0.384733
-0.973000,1.305000,0.146411,1,0.040112,0.040112,0.030974,0.009597,0.109151,0.001151,0.382276
-0.973000,1.348500,0.151224,1,0.046262,0.046262,0.031377,0.010412,0.101602,0.001151,0.379489
-0.973000,1.392000,0.154566,1,0.052733,0.052733,0.028854,0.012267,0.094182,0.001151,0.376375
-0.973000,1.435500,0.166047,1,0.059412,0.059412,0.026144,0.014106,0.086904,0.001151,0.372942
-0.973000,1.479000,0.193216,1,0.066225,0.066225,0.022610,0.013136,0.079782,0.001151,0.369196
-0.973000,1.522500,0.236204,1,0.073123,0.073123,0.018131,0.013207,0.072830,0.001151,0.365144
-0.973000,1.566000,0.295172,1,0.080072,0.080072,0.012356,0.014317,0.066061,0.001151,0.360793
-0.973000,1.609500,0.371909,1,0.087050,0.087050,0.012719,0.016462,0.059487,0.001151,0.356152
-0.973000,1.653000,0.462903,1,0.094037,0.094037,0.002294,0.019625,0.053122,0.001151,0.351230
-0.973000,1.696500,0.572391,1,0.101021,0.101021,0.010350,0.018925,0.046976,0.001151,0.346035
-0.973000,1.740000,0.699588,1,0.107989,0.107989,0.019722,0.019255,0.041062,0.001151,0.340578
-0.938250,-1.740000,inf,0,inf,inf,inf,inf,0.000000,0.000000,0.000000
-0.938250,-1.696500,inf,0,inf,inf,inf,inf,0.000000,0.000000,0.000000
-0.938250,-1.653000,inf,0,inf,inf,inf,inf,0.000000,0.000000,0.000000
-0.938250,-1.609500,inf,0,inf,inf,inf,inf,0.000000,0.000000,0.000000
-0.938250,-1.566000,inf,0,inf,inf,inf,inf,0.000000,0.000000,0.000000
-0.938250,-1.522500,inf,0,inf,inf,inf,inf,0.000000,0.000000,0.000000
-0.938250,-1.479000,inf,0,inf,inf,inf,inf,0.000000,0.000000,0.000000
-0.938250,-1.435500,inf,0,inf,inf,inf,inf,0.000000,0.000000,0.000000
-0.938250,-1.392000,inf,0,inf,inf,inf,inf,0.000000,0.000000,0.000000
-0.938250,-1.348500,inf,0,inf,inf,inf,inf,0.000000,0.000000,0.000000
-0.938250,-1.305000,inf,0,inf,inf,inf,inf,0.000000,0.000000,0.000000
-0.938250,-1.261500,inf,0,inf,inf,inf,inf,0.000000,0.000000,0.000000
-0.938250,-1.218000,inf,0,inf,inf,inf,inf,0.000000,0.000000,0.000000
-0.938250,-1.174500,inf,0,inf,inf,inf,inf,0.000000,0.000000,0.000000
-0.938250,-1.131000,inf,0,inf,inf,inf,inf,0.000000,0.000000,0.000000
-0.938250,-1.087500,inf,0,inf,inf,inf,inf,0.000000,0.000000,0.000000
-0.938250,-1.044000,inf,0,inf,inf,inf,inf,0.000000,0.000000,0.000000
-0.938250,-1.000500,inf,0,inf,inf,inf,inf,0.000000,0.000000,0.000000
-0.938250,-0.957000,inf,0,inf,inf,inf,inf,0.000000,0.000000,0.000000
-0.938250,-0.913500,inf,0,inf,inf,inf,inf,0.000000,0.000000,0.000000
-0.938250,-0.870000,inf,0,inf,inf,inf,inf,0.000000,0.000000,0.000000
-0.938250,-0.826500,inf,0,inf,inf,inf,inf,0.000000,0.000000,0.000000
-0.938250,-0.783000,1.626262,1,0.271344,0.271344,0.307497,0.169898,0.348248,0.001150,0.185467
-0.938250,-0.739500,1.464670,1,0.266878,0.266878,0.300310,0.155827,0.349280,0.001150,0.193447
-0.938250,-0.696000,1.319138,1,0.262288,0.262288,0.292992,0.142537,0.349965,0.001150,0.201465
-0.938250,-0.652500,1.189751,1,0.257578,0.257578,0.285549,0.130037,0.350301,0.001150,0.209505
-0.938250,-0.609000,1.076597,1,0.252749,0.252749,0.277984,0.118335,0.350286,0.001150,0.217552
-0.938250,-0.565500,0.979760,1,0.247803,0.247803,0.270303,0.107438,0.349922,0.001151,0.225590
-0.938250,-0.522000,0.899325,1,0.242743,0.242743,0.262511,0.097355,0.349208,0.001151,0.233606
-0.938250,-0.478500,0.835376,1,0.237572,0.237572,0.254612,0.088094,0.348147,0.001151,0.241582
-0.938250,-0.435000,0.786542,1,0.232293,0.232293,0.246612,0.079662,0.346740,0.001151,0.249505
-0.938250,-0.391500,0.741259,1,0.226908,0.226908,0.238517,0.072067,0.344989,0.001151,0.257359
-0.938250,-0.348000,0.697078,1,0.221419,0.221419,0.230333,0.065317,0.342899,0.001151,0.265130
-0.938250,-0.304500,0.654077,1,0.215831,0.215831,0.222066,0.059418,0.340472,0.001151,0.272802
-0.938250,-0.261000,0.612329,1,0.210146,0.210146,0.213723,0.054377,0.337714,0.001151,0.280362
-0.938250,-0.217500,0.571909,1,0.204367,0.204367,0.205313,0.050203,0.334631,0.001151,0.287794
-0.938250,-0.174000,0.532888,1,0.198497,0.198497,0.196842,0.046900,0.331226,0.001151,0.295085
-0.938250,-0.130500,0.495335,1,0.192540,0.192540,0.188320,0.044477,0.327509,0.001151,0.302222
-0.938250,-0.087000,0.459316,1,0.186499,0.186499,0.179758,0.042938,0.323484,0.001151,0.309190
-0.938250,-0.043500,0.424895,1,0.180378,0.180378,0.171166,0.042290,0.319160,0.001151,0.315976
-0.938250,0.000000,0.392134,1,0.174180,0.174180,0.162558,0.039992,0.314545,0.001151,0.322568
-0.938250,0.043500,0.361091,1,0.167910,0.167910,0.153947,0.036278,0.309647,0.001151,0.328953
-0.938250,0.087000,0.331821,1,0.161570,0.161570,0.145352,0.033481,0.304477,0.001151,0.335119
-0.938250,0.130500,0.304378,1,0.155167,0.155167,0.136793,0.031607,0.299043,0.001151,0.341054
-0.938250,0.174000,0.278811,1,0.148704,0.148704,0.128296,0.030662,0.293357,0.001151,0.346748
-0.938250,0.217500,0.255166,1,0.142186,0.142186,0.119891,0.030651,0.287428,0.001151,0.352189
-0.938250,0.261000,0.233486,1,0.135619,0.135619,0.111616,0.027447,0.281268,0.001151,0.357366
-0.938250,0.304500,0.213810,1,0.129008,0.129008,0.103521,0.024456,0.274889,0.001151,0.362271
-0.938250,0.348000,0.196176,1,0.122361,0.122361,0.095668,0.022423,0.268303,0.001151,0.366894
-0.938250,0.391500,0.180616,1,0.115683,0.115683,0.088139,0.021353,0.261522,0.001151,0.371227
-0.938250,0.435000,0.167159,1,0.108984,0.108984,0.081040,0.021251,0.254558,0.001151,0.375260
-0.938250,0.478500,0.153352,1,0.102273,0.102273,0.072828,0.020674,0.247427,0.001151,0.378986
-0.938250,0.522000,0.140270,1,0.095562,0.095562,0.063912,0.017649,0.240139,0.001151,0.382399
-0.938250,0.565500,0.129556,1,0.088864,0.088864,0.055447,0.015612,0.232710,0.001151,0.385492
-0.938250,0.609000,0.121232,1,0.082198,0.082198,0.047692,0.014567,0.225154,0.001151,0.388259
-0.938250,0.652500,0.115315,1,0.075586,0.075586,0.041071,0.014517,0.217485,0.001151,0.390694
-0.938250,0.696000,0.110295,1,0.069058,0.069058,0.034058,0.015466,0.209717,0.001151,0.392794
-0.938250,0.739500,0.105185,1,0.062654,0.062654,0.024395,0.013234,0.201865,0.001151,0.394554
-0.938250,0.783000,0.102704,1,0.056430,0.056430,0.016245,0.011320,0.193944,0.001151,0.395971
-0.938250,0.826500,0.102858,1,0.050469,0.050469,0.012923,0.010420,0.185968,0.001151,0.397042
-0.938250,0.870000,0.103559,1,0.044886,0.044886,0.009764,0.010536,0.177954,0.001151,0.397765
-0.938250,0.913500,0.104631,1,0.039855,0.039855,0.005597,0.011670,0.169916,0.001151,0.398139
-0.938250,0.957000,0.108517,1,0.035622,0.035622,0.014797,0.011315,0.161869,0.001151,0.398164
-0.938250,1.000500,0.112375,1,0.032509,0.032509,0.019345,0.009615,0.153829,0.001151,0.397838
-0.938250,1.044000,0.117063,1,0.030863,0.030863,0.024142,0.008943,0.145810,0.001151,0.397163
-0.938250,1.087500,0.122862,1,0.030924,0.030924,0.029543,0.009302,0.137829,0.001151,0.396139
-0.938250,1.131000,0.128123,1,0.032680,0.032680,0.032850,0.010690,0.129899,0.001151,0.394770
-0.938250,1.174500,0.133593,1,0.035882,0.035882,0.035731,0.011921,0.122037,0.001151,0.393057
-0.938250,1.218000,0.139257,1,0.040180,0.040180,0.038263,0.010488,0.114256,0.001151,0.391004
-0.938250,1.261500,0.142984,1,0.045256,0.045256,0.037791,0.010091,0.106572,0.001151,0.388615
-0.938250,1.305000,0.147352,1,0.050869,0.050869,0.037773,0.010728,0.099000,0.001151,0.385893
-0.938250,1.348500,0.150492,1,0.056852,0.056852,0.035681,0.012398,0.091552,0.001151,0.382845
-0.938250,1.392000,0.153127,1,0.063090,0.063090,0.032246,0.015017,0.084245,0.001151,0.379476
-0.938250,1.435500,0.164467,1,0.069504,0.069504,0.029436,0.013863,0.077091,0.001151,0.375792
-0.938250,1.479000,0.190228,1,0.076039,0.076039,0.023320,0.013742,0.070103,0.001151,0.371801
-0.938250,1.522500,0.233361,1,0.082656,0.082656,0.019158,0.014653,0.063296,0.001151,0.367509
-0.938250,1.566000,0.292334,1,0.089325,0.089325,0.013534,0.016592,0.056682,0.001151,0.362926
-0.938250,1.609500,0.367480,1,0.096024,0.096024,0.005071,0.019555,0.050274,0.001151,0.358059
-0.938250,1.653000,0.461050,1,0.102736,0.102736,0.010951,0.019597,0.044083,0.001151,0.352919
-0.938250,1.696500,0.570045,1,0.109446,0.109446,0.012894,0.019715,0.038122,0.001151,0.347514
-0.938250,1.740000,0.695728,1,0.116144,0.116144,0.017067,0.020852,0.032401,0.001151,0.341854
-0.903500,-1.740000,inf,0,inf,inf,inf,inf,0.000000,0.000000,0.000000
-0.903500,-1.696500,inf,0,inf,inf,inf,inf,0.000000,0.000000,0.000000
-0.903500,-1.653000,inf,0,inf,inf,inf,inf,0.000000,0.000000,0.000000
-0.903500,-1.609500,inf,0,inf,inf,inf,inf,0.000000,0.000000,0.000000
-0.903500,-1.566000,inf,0,inf,inf,inf,inf,0.000000,0.000000,0.000000
-0.903500,-1.522500,inf,0,inf,inf,inf,inf,0.000000,0.000000,0.000000
-0.903500,-1.479000,inf,0,inf,inf,inf,inf,0.000000,0.000000,0.000000
-0.903500,-1.435500,inf,0,inf,inf,inf,inf,0.000000,0.000000,0.000000
-0.903500,-1.392000,inf,0,inf,inf,inf,inf,0.000000,0.000000,0.000000
-0.903500,-1.348500,inf,0,inf,inf,inf,inf,0.000000,0.000000,0.000000
-0.903500,-1.305000,inf,0,inf,inf,inf,inf,0.000000,0.000000,0.000000
-0.903500,-1.261500,inf,0,inf,inf,inf,inf,0.000000,0.000000,0.000000
-0.903500,-1.218000,inf,0,inf,inf,inf,inf,0.000000,0.000000,0.000000
-0.903500,-1.174500,inf,0,inf,inf,inf,inf,0.000000,0.000000,0.000000
-0.903500,-1.131000,inf,0,inf,inf,inf,inf,0.000000,0.000000,0.000000
-0.903500,-1.087500,inf,0,inf,inf,inf,inf,0.000000,0.000000,0.000000
-0.903500,-1.044000,inf,0,inf,inf,inf,inf,0.000000,0.000000,0.000000
-0.903500,-1.000500,inf,0,inf,inf,inf,inf,0.000000,0.000000,0.000000
-0.903500,-0.957000,inf,0,inf,inf,inf,inf,0.000000,0.000000,0.000000
-0.903500,-0.913500,inf,0,inf,inf,inf,inf,0.000000,0.000000,0.000000
-0.903500,-0.870000,inf,0,inf,inf,inf,inf,0.000000,0.000000,0.000000
-0.903500,-0.826500,1.615914,1,0.265230,0.265230,0.302278,0.168758,0.343687,0.001150,0.189539
-0.903500,-0.783000,1.452230,1,0.260825,0.260825,0.295159,0.154651,0.344790,0.001150,0.197510
-0.903500,-0.739500,1.304601,1,0.256301,0.256301,0.287910,0.141324,0.345545,0.001150,0.205521
-0.903500,-0.696000,1.173113,1,0.251660,0.251660,0.280535,0.128786,0.345951,0.001150,0.213558
-0.903500,-0.652500,1.057848,1,0.246905,0.246905,0.273038,0.117045,0.346007,0.001150,0.221604
-0.903500,-0.609000,0.958891,1,0.242037,0.242037,0.265424,0.106108,0.345713,0.001151,0.229646
-0.903500,-0.565500,0.876322,1,0.237060,0.237060,0.257698,0.095984,0.345069,0.001151,0.237667
-0.903500,-0.522000,0.810224,1,0.231976,0.231976,0.249864,0.086679,0.344078,0.001151,0.245653
-0.903500,-0.478500,0.760262,1,0.226788,0.226788,0.241927,0.078202,0.342740,0.001151,0.253587
-0.903500,-0.435000,0.715937,1,0.221499,0.221499,0.233893,0.070560,0.341058,0.001151,0.261457
-0.903500,-0.391500,0.672691,1,0.216111,0.216111,0.225767,0.063760,0.339036,0.001151,0.269245
-0.903500,-0.348000,0.630601,1,0.210629,0.210629,0.217556,0.057809,0.336676,0.001151,0.276938
-0.903500,-0.304500,0.589739,1,0.205054,0.205054,0.209265,0.052714,0.333985,0.001151,0.284522
-0.903500,-0.261000,0.550176,1,0.199391,0.199391,0.200902,0.048481,0.330966,0.001151,0.291981
-0.903500,-0.217500,0.511982,1,0.193642,0.193642,0.192474,0.045118,0.327626,0.001151,0.299302
-0.903500,-0.174000,0.475224,1,0.187811,0.187811,0.183990,0.042631,0.323971,0.001151,0.306471
-0.903500,-0.130500,0.439967,1,0.181903,0.181903,0.175457,0.041025,0.320007,0.001151,0.313474
-0.903500,-0.087000,0.406272,1,0.175920,0.175920,0.166886,0.040306,0.315743,0.001151,0.320297
-0.903500,-0.043500,0.374200,1,0.169867,0.169867,0.158289,0.038921,0.311185,0.001151,0.326930
-0.903500,0.000000,0.343806,1,0.163748,0.163748,0.149679,0.035143,0.306344,0.001151,0.333357
-0.903500,0.043500,0.315146,1,0.157568,0.157568,0.141070,0.032279,0.301228,0.001151,0.339568
-0.903500,0.087000,0.288270,1,0.151332,0.151332,0.132482,0.030333,0.295846,0.001151,0.345551
-0.903500,0.130500,0.263226,1,0.145045,0.145045,0.123936,0.029311,0.290210,0.001151,0.351294
-0.903500,0.174000,0.240059,1,0.138712,0.138712,0.115459,0.029219,0.284329,0.001151,0.356786
-0.903500,0.217500,0.218812,1,0.132340,0.132340,0.107087,0.026919,0.278215,0.001151,0.362018
-0.903500,0.261000,0.199522,1,0.125937,0.125937,0.098864,0.023852,0.271879,0.001151,0.366978
-0.903500,0.304500,0.182225,1,0.119510,0.119510,0.090846,0.021738,0.265333,0.001151,0.371659
-0.903500,0.348000,0.166952,1,0.113068,0.113068,0.083112,0.020581,0.258590,0.001151,0.376050
-0.903500,0.391500,0.153732,1,0.106622,0.106622,0.075766,0.020385,0.251663,0.001151,0.380144
-0.903500,0.435000,0.142590,1,0.100184,0.100184,0.068947,0.020690,0.244563,0.001151,0.383933
-0.903500,0.478500,0.129901,1,0.093770,0.093770,0.059870,0.017576,0.237306,0.001151,0.387409
-0.903500,0.522000,0.119369,1,0.087398,0.087398,0.051020,0.015444,0.229905,0.001151,0.390567
-0.903500,0.565500,0.111168,1,0.081092,0.081092,0.042740,0.014297,0.222373,0.001151,0.393400
-0.903500,0.609000,0.105316,1,0.074882,0.074882,0.035453,0.014139,0.214725,0.001151,0.395902
-0.903500,0.652500,0.101825,1,0.068806,0.068806,0.029912,0.014973,0.206976,0.001151,0.398070
-0.903500,0.696000,0.097800,1,0.062918,0.062918,0.021225,0.013606,0.199140,0.001151,0.399899
-0.903500,0.739500,0.095308,1,0.057288,0.057288,0.011432,0.011579,0.191231,0.001151,0.401385
-0.903500,0.783000,0.095386,1,0.052012,0.052012,0.006248,0.010559,0.183266,0.001151,0.402526
-0.903500,0.826500,0.098037,1,0.047221,0.047221,0.013255,0.010549,0.175258,0.001151,0.403319
-0.903500,0.870000,0.099284,1,0.043086,0.043086,0.011946,0.011549,0.167223,0.001151,0.403763
-0.903500,0.913500,0.103008,1,0.039822,0.039822,0.018118,0.012028,0.159177,0.001151,0.403858
-0.903500,0.957000,0.108654,1,0.037662,0.037662,0.026013,0.010196,0.151134,0.001151,0.403603
-0.903500,1.000500,0.113169,1,0.036807,0.036807,0.029713,0.009385,0.143110,0.001151,0.402998
-0.903500,1.044000,0.120230,1,0.037348,0.037348,0.036254,0.009597,0.135120,0.001151,0.402044
-0.903500,1.087500,0.125311,1,0.039225,0.039225,0.038966,0.010831,0.127179,0.001151,0.400744
-0.903500,1.131000,0.131486,1,0.042257,0.042257,0.042458,0.012864,0.119302,0.001151,0.399100
-0.903500,1.174500,0.136967,1,0.046214,0.046214,0.044591,0.011278,0.111503,0.001151,0.397115
-0.903500,1.218000,0.140822,1,0.050873,0.050873,0.044522,0.010719,0.103799,0.001151,0.394793
-0.903500,1.261500,0.144655,1,0.056052,0.056052,0.044101,0.011188,0.096203,0.001151,0.392138
-0.903500,1.305000,0.147688,1,0.061611,0.061611,0.042409,0.012683,0.088729,0.001151,0.389155
-0.903500,1.348500,0.149214,1,0.067447,0.067447,0.038375,0.015202,0.081392,0.001151,0.385850
-0.903500,1.392000,0.152204,1,0.073485,0.073485,0.035561,0.014742,0.074206,0.001151,0.382229
-0.903500,1.435500,0.161102,1,0.079668,0.079668,0.028938,0.014439,0.067184,0.001151,0.378299
-0.903500,1.479000,0.188489,1,0.085955,0.085955,0.025852,0.015160,0.060340,0.001151,0.374067
-0.903500,1.522500,0.229657,1,0.092314,0.092314,0.016930,0.016902,0.053686,0.001151,0.369542
-0.903500,1.566000,0.289041,1,0.098721,0.098721,0.011670,0.019661,0.047235,0.001151,0.364732
-0.903500,1.609500,0.365891,1,0.105154,0.105154,0.011919,0.020449,0.041000,0.001151,0.359645
-0.903500,1.653000,0.457542,1,0.111600,0.111600,0.006178,0.020364,0.034992,0.001151,0.354293
-0.903500,1.696500,0.567374,1,0.118044,0.118044,0.012750,0.021291,0.029222,0.001151,0.348684
-0.903500,1.740000,0.695380,1,0.124475,0.124475,0.022695,0.023226,0.023701,0.001151,0.342829
-0.868750,-1.740000,inf,0,inf,inf,inf,inf,0.000000,0.000000,0.000000
-0.868750,-1.696500,inf,0,inf,inf,inf,inf,0.000000,0.000000,0.000000
-0.868750,-1.653000,inf,0,inf,inf,inf,inf,0.000000,0.000000,0.000000
-0.868750,-1.609500,inf,0,inf,inf,inf,inf,0.000000,0.000000,0.000000
-0.868750,-1.566000,inf,0,inf,inf,inf,inf,0.000000,0.000000,0.000000
-0.868750,-1.522500,inf,0,inf,inf,inf,inf,0.000000,0.000000,0.000000
-0.868750,-1.479000,inf,0,inf,inf,inf,inf,0.000000,0.000000,0.000000
-0.868750,-1.435500,inf,0,inf,inf,inf,inf,0.000000,0.000000,0.000000
-0.868750,-1.392000,inf,0,inf,inf,inf,inf,0.000000,0.000000,0.000000
-0.868750,-1.348500,inf,0,inf,inf,inf,inf,0.000000,0.000000,0.000000
-0.868750,-1.305000,inf,0,inf,inf,inf,inf,0.000000,0.000000,0.000000
-0.868750,-1.261500,inf,0,inf,inf,inf,inf,0.000000,0.000000,0.000000
-0.868750,-1.218000,inf,0,inf,inf,inf,inf,0.000000,0.000000,0.000000
-0.868750,-1.174500,inf,0,inf,inf,inf,inf,0.000000,0.000000,0.000000
-0.868750,-1.131000,inf,0,inf,inf,inf,inf,0.000000,0.000000,0.000000
-0.868750,-1.087500,inf,0,inf,inf,inf,inf,0.000000,0.000000,0.000000
-0.868750,-1.044000,inf,0,inf,inf,inf,inf,0.000000,0.000000,0.000000
-0.868750,-1.000500,inf,0,inf,inf,inf,inf,0.000000,0.000000,0.000000
-0.868750,-0.957000,inf,0,inf,inf,inf,inf,0.000000,0.000000,0.000000
-0.868750,-0.913500,inf,0,inf,inf,inf,inf,0.000000,0.000000,0.000000
-0.868750,-0.870000,1.606581,1,0.259062,0.259062,0.296972,0.167652,0.338919,0.001150,0.193460
-0.868750,-0.826500,1.440788,1,0.254712,0.254712,0.289919,0.153507,0.340091,0.001150,0.201421
-0.868750,-0.783000,1.291051,1,0.250248,0.250248,0.282737,0.140142,0.340916,0.001150,0.209425
-0.868750,-0.739500,1.157451,1,0.245671,0.245671,0.275429,0.127566,0.341392,0.001150,0.217458
-0.868750,-0.696000,1.040069,1,0.240983,0.240983,0.268000,0.115785,0.341519,0.001151,0.225504
-0.868750,-0.652500,0.938986,1,0.236189,0.236189,0.260453,0.104809,0.341295,0.001151,0.233548
-0.868750,-0.609000,0.854283,1,0.231290,0.231290,0.252792,0.094643,0.340722,0.001151,0.241574
-0.868750,-0.565500,0.786037,1,0.226289,0.226289,0.245023,0.085295,0.339800,0.001151,0.249568
-0.868750,-0.522000,0.734320,1,0.221189,0.221189,0.237151,0.076774,0.338532,0.001151,0.257514
-0.868750,-0.478500,0.690960,1,0.215992,0.215992,0.229180,0.069085,0.336919,0.001151,0.265398
-0.868750,-0.435000,0.648660,1,0.210703,0.210703,0.221115,0.062237,0.334965,0.001151,0.273204
-0.868750,-0.391500,0.607494,1,0.205324,0.205324,0.212962,0.056235,0.332673,0.001151,0.280917
-0.868750,-0.348000,0.567534,1,0.199858,0.199858,0.204726,0.051087,0.330048,0.001151,0.288524
-0.868750,-0.304500,0.528848,1,0.194310,0.194310,0.196415,0.046799,0.327095,0.001151,0.296009
-0.868750,-0.261000,0.491504,1,0.188682,0.188682,0.188035,0.043378,0.323819,0.001151,0.303359
-0.868750,-0.217500,0.455566,1,0.182979,0.182979,0.179592,0.040829,0.320226,0.001151,0.310559
-0.868750,-0.174000,0.421098,1,0.177204,0.177204,0.171095,0.039159,0.316324,0.001151,0.317597
-0.868750,-0.130500,0.388159,1,0.171362,0.171362,0.162553,0.038373,0.312119,0.001151,0.324458
-0.868750,-0.087000,0.356808,1,0.165458,0.165458,0.153976,0.037884,0.307620,0.001151,0.331130
-0.868750,-0.043500,0.327100,1,0.159495,0.159495,0.145375,0.034046,0.302835,0.001151,0.337599
-0.868750,0.000000,0.299087,1,0.153480,0.153480,0.136764,0.031117,0.297774,0.001151,0.343855
-0.868750,0.043500,0.272818,1,0.147418,0.147418,0.128158,0.029104,0.292445,0.001151,0.349884
-0.868750,0.087000,0.248340,1,0.141315,0.141315,0.119576,0.028010,0.286859,0.001151,0.355676
-0.868750,0.130500,0.225697,1,0.135178,0.135178,0.111043,0.027840,0.281026,0.001151,0.361220
-0.868750,0.174000,0.204929,1,0.129014,0.129014,0.102589,0.026431,0.274958,0.001151,0.366505
-0.868750,0.217500,0.186073,1,0.122833,0.122833,0.094252,0.023293,0.268666,0.001151,0.371521
-0.868750,0.261000,0.169164,1,0.116643,0.116643,0.086085,0.021102,0.262161,0.001151,0.376258
-0.868750,0.304500,0.154232,1,0.110457,0.110457,0.078159,0.019863,0.255457,0.001151,0.380708
-0.868750,0.348000,0.141304,1,0.104287,0.104287,0.070574,0.019581,0.248565,0.001151,0.384863
-0.868750,0.391500,0.130405,1,0.098150,0.098150,0.063468,0.020259,0.241500,0.001151,0.388714
-0.868750,0.435000,0.120481,1,0.092064,0.092064,0.056087,0.017557,0.234273,0.001151,0.392253
-0.868750,0.478500,0.110195,1,0.086053,0.086053,0.046899,0.015336,0.226900,0.001151,0.395476
-0.868750,0.522000,0.102184,1,0.080147,0.080147,0.038118,0.014094,0.219393,0.001151,0.398374
-0.868750,0.565500,0.096464,1,0.074384,0.074384,0.030125,0.013835,0.211767,0.001151,0.400944
-0.868750,0.609000,0.093047,1,0.068811,0.068811,0.023752,0.014562,0.204037,0.001151,0.403179
-0.868750,0.652500,0.091533,1,0.063491,0.063491,0.019566,0.014046,0.196217,0.001151,0.405076
-0.868750,0.696000,0.089106,1,0.058503,0.058503,0.009035,0.011914,0.188322,0.001151,0.406632
-0.868750,0.739500,0.089185,1,0.053951,0.053951,0.001587,0.010783,0.180367,0.001151,0.407842
-0.868750,0.783000,0.091774,1,0.049964,0.049964,0.012068,0.010654,0.172366,0.001151,0.408705
-0.868750,0.826500,0.095191,1,0.046695,0.046695,0.018518,0.011529,0.164336,0.001151,0.409220
-0.868750,0.870000,0.098839,1,0.044311,0.044311,0.023117,0.012831,0.156291,0.001151,0.409385
-0.868750,0.913500,0.105156,1,0.042962,0.042962,0.031048,0.010874,0.148246,0.001151,0.409200
-0.868750,0.957000,0.110600,1,0.042751,0.042751,0.035741,0.009932,0.140217,0.001151,0.408665
-0.868750,1.000500,0.117831,1,0.043694,0.043694,0.041720,0.010006,0.132219,0.001151,0.407782
-0.868750,1.044000,0.123813,1,0.045718,0.045718,0.045277,0.011095,0.124267,0.001151,0.406552
-0.868750,1.087500,0.130591,1,0.048685,0.048685,0.049094,0.013198,0.116375,0.001151,0.404977
-0.868750,1.131000,0.135984,1,0.052430,0.052430,0.051020,0.012188,0.108560,0.001151,0.403060
-0.868750,1.174500,0.139868,1,0.056792,0.056792,0.051151,0.011478,0.100836,0.001151,0.400805
-0.868750,1.218000,0.143080,1,0.061635,0.061635,0.050338,0.011788,0.093216,0.001151,0.398217
-0.868750,1.261500,0.145936,1,0.066845,0.066845,0.048859,0.013116,0.085717,0.001151,0.395299
-0.868750,1.305000,0.146442,1,0.072334,0.072334,0.044466,0.015461,0.078351,0.001151,0.392059
-0.868750,1.348500,0.147653,1,0.078034,0.078034,0.040118,0.015768,0.071134,0.001151,0.388501
-0.868750,1.392000,0.148779,1,0.083893,0.083893,0.034715,0.015292,0.064078,0.001151,0.384632
-0.868750,1.435500,0.158408,1,0.089869,0.089869,0.029016,0.015833,0.057197,0.001151,0.380461
-0.868750,1.479000,0.183832,1,0.095931,0.095931,0.021636,0.017387,0.050504,0.001151,0.375994
-0.868750,1.522500,0.227539,1,0.102052,0.102052,0.018236,0.019951,0.044011,0.001151,0.371240
-0.868750,1.566000,0.286096,1,0.108212,0.108212,0.009599,0.021475,0.037731,0.001151,0.366208
-0.868750,1.609500,0.362041,1,0.114394,0.114394,0.001058,0.021196,0.031676,0.001151,0.360908
-0.868750,1.653000,0.456101,1,0.120584,0.120584,0.011503,0.021922,0.025858,0.001151,0.355350
-0.868750,1.696500,0.567798,1,0.126770,0.126770,0.020937,0.023649,0.020286,0.001151,0.349544
-0.868750,1.740000,0.694205,1,0.132941,0.132941,0.025030,0.026373,0.014972,0.001151,0.343501
-0.834000,-1.740000,inf,0,inf,inf,inf,inf,0.000000,0.000000,0.000000
-0.834000,-1.696500,inf,0,inf,inf,inf,inf,0.000000,0.000000,0.000000
-0.834000,-1.653000,inf,0,inf,inf,inf,inf,0.000000,0.000000,0.000000
-0.834000,-1.609500,inf,0,inf,inf,inf,inf,0.000000,0.000000,0.000000
-0.834000,-1.566000,inf,0,inf,inf,inf,inf,0.000000,0.000000,0.000000
-0.834000,-1.522500,inf,0,inf,inf,inf,inf,0.000000,0.000000,0.000000
-0.834000,-1.479000,inf,0,inf,inf,inf,inf,0.000000,0.000000,0.000000
-0.834000,-1.435500,inf,0,inf,inf,inf,inf,0.000000,0.000000,0.000000
-0.834000,-1.392000,inf,0,inf,inf,inf,inf,0.000000,0.000000,0.000000
-0.834000,-1.348500,inf,0,inf,inf,inf,inf,0.000000,0.000000,0.000000
-0.834000,-1.305000,inf,0,inf,inf,inf,inf,0.000000,0.000000,0.000000
-0.834000,-1.261500,inf,0,inf,inf,inf,inf,0.000000,0.000000,0.000000
-0.834000,-1.218000,inf,0,inf,inf,inf,inf,0.000000,0.000000,0.000000
-0.834000,-1.174500,inf,0,inf,inf,inf,inf,0.000000,0.000000,0.000000
-0.834000,-1.131000,inf,0,inf,inf,inf,inf,0.000000,0.000000,0.000000
-0.834000,-1.087500,inf,0,inf,inf,inf,inf,0.000000,0.000000,0.000000
-0.834000,-1.044000,inf,0,inf,inf,inf,inf,0.000000,0.000000,0.000000
-0.834000,-1.000500,inf,0,inf,inf,inf,inf,0.000000,0.000000,0.000000
-0.834000,-0.957000,inf,0,inf,inf,inf,inf,0.000000,0.000000,0.000000
-0.834000,-0.913500,inf,0,inf,inf,inf,inf,0.000000,0.000000,0.000000
-0.834000,-0.870000,1.430406,1,0.248547,0.248547,0.284595,0.152400,0.335189,0.001150,0.205173
-0.834000,-0.826500,1.278544,1,0.244135,0.244135,0.277479,0.138997,0.336084,0.001150,0.213170
-0.834000,-0.783000,1.142819,1,0.239616,0.239616,0.270236,0.126381,0.336631,0.001150,0.221199
-0.834000,-0.739500,1.023310,1,0.234992,0.234992,0.262873,0.114561,0.336827,0.001151,0.229243
-0.834000,-0.696000,0.920095,1,0.230265,0.230265,0.255391,0.103543,0.336674,0.001151,0.237289
-0.834000,-0.652500,0.833252,1,0.225439,0.225439,0.247797,0.093335,0.336171,0.001151,0.245320
-0.834000,-0.609000,0.762858,1,0.220516,0.220516,0.240094,0.083945,0.335319,0.001151,0.253321
-0.834000,-0.565500,0.708988,1,0.215499,0.215499,0.232286,0.075380,0.334121,0.001151,0.261278
-0.834000,-0.522000,0.666364,1,0.210392,0.210392,0.224379,0.067646,0.332577,0.001151,0.269176
-0.834000,-0.478500,0.625018,1,0.205198,0.205198,0.216376,0.060750,0.330691,0.001151,0.276999
-0.834000,-0.435000,0.584788,1,0.199920,0.199920,0.208284,0.054699,0.328467,0.001151,0.284732
-0.834000,-0.391500,0.545742,1,0.194562,0.194562,0.200107,0.049500,0.325909,0.001151,0.292361
-0.834000,-0.348000,0.507949,1,0.189127,0.189127,0.191851,0.045158,0.323021,0.001151,0.299872
-0.834000,-0.304500,0.471473,1,0.183619,0.183619,0.183522,0.041681,0.319809,0.001151,0.307250
-0.834000,-0.261000,0.436378,1,0.178043,0.178043,0.175127,0.039073,0.316280,0.001151,0.314482
-0.834000,-0.217500,0.402723,1,0.172404,0.172404,0.166672,0.037341,0.312439,0.001151,0.321553
-0.834000,-0.174000,0.370568,1,0.166705,0.166705,0.158166,0.036490,0.308295,0.001151,0.328451
-0.834000,-0.130500,0.339969,1,0.160952,0.160952,0.149618,0.036525,0.303854,0.001151,0.335161
-0.834000,-0.087000,0.310978,1,0.155150,0.155150,0.141036,0.032986,0.299126,0.001151,0.341673
-0.834000,-0.043500,0.283647,1,0.149305,0.149305,0.132432,0.029997,0.294120,0.001151,0.347972
-0.834000,0.000000,0.258023,1,0.143424,0.143424,0.123820,0.027919,0.288844,0.001151,0.354048
-0.834000,0.043500,0.234152,1,0.137514,0.137514,0.115217,0.026757,0.283309,0.001151,0.359889
-0.834000,0.087000,0.212075,1,0.131584,0.131584,0.106642,0.026516,0.277525,0.001151,0.365483
-0.834000,0.130500,0.191831,1,0.125641,0.125641,0.098121,0.025982,0.271503,0.001151,0.370821
-0.834000,0.174000,0.173457,1,0.119696,0.119696,0.089687,0.022777,0.265255,0.001151,0.375892
-0.834000,0.217500,0.156985,1,0.113762,0.113762,0.081388,0.020514,0.258792,0.001151,0.380686
-0.834000,0.261000,0.142444,1,0.107851,0.107851,0.073286,0.019200,0.252127,0.001151,0.385195
-0.834000,0.304500,0.129861,1,0.101981,0.101981,0.065473,0.018836,0.245272,0.001151,0.389409
-0.834000,0.348000,0.119259,1,0.096171,0.096171,0.058084,0.019428,0.238240,0.001151,0.393322
-0.834000,0.391500,0.110657,1,0.090444,0.090444,0.051318,0.017590,0.231045,0.001151,0.396925
-0.834000,0.435000,0.102010,1,0.084830,0.084830,0.043145,0.015286,0.223700,0.001151,0.400212
-0.834000,0.478500,0.094253,1,0.079363,0.079363,0.033924,0.013956,0.216219,0.001151,0.403176
-0.834000,0.522000,0.088731,1,0.074088,0.074088,0.025219,0.013603,0.208616,0.001151,0.405812
-0.834000,0.565500,0.085456,1,0.069061,0.069061,0.017831,0.014229,0.200906,0.001151,0.408115
-0.834000,0.609000,0.084435,1,0.064349,0.064349,0.014043,0.014552,0.193103,0.001151,0.410080
-0.834000,0.652500,0.084062,1,0.060036,0.060036,0.010638,0.012322,0.185222,0.001151,0.411705
-0.834000,0.696000,0.084218,1,0.056225,0.056225,0.007335,0.011086,0.177277,0.001151,0.412985
-0.834000,0.739500,0.086820,1,0.053031,0.053031,0.014516,0.010847,0.169285,0.001151,0.413918
-0.834000,0.783000,0.091866,1,0.050578,0.050578,0.024157,0.011605,0.161259,0.001151,0.414503
-0.834000,0.826500,0.095962,1,0.048981,0.048981,0.028862,0.013362,0.153216,0.001151,0.414738
-0.834000,0.870000,0.102218,1,0.048330,0.048330,0.035636,0.011645,0.145170,0.001151,0.414623
-0.834000,0.913500,0.109307,1,0.048663,0.048663,0.041973,0.010580,0.137136,0.001151,0.414159
-0.834000,0.957000,0.116470,1,0.049960,0.049960,0.047248,0.010524,0.129130,0.001151,0.413346
-0.834000,1.000500,0.123576,1,0.052147,0.052147,0.051661,0.011476,0.121168,0.001151,0.412185
-0.834000,1.044000,0.130853,1,0.055114,0.055114,0.055625,0.013436,0.113263,0.001151,0.410679
-0.834000,1.087500,0.136250,1,0.058738,0.058738,0.057471,0.013214,0.105431,0.001151,0.408831
-0.834000,1.131000,0.140068,1,0.062899,0.062899,0.057668,0.012361,0.097687,0.001151,0.406644
-0.834000,1.174500,0.142574,1,0.067492,0.067492,0.056470,0.012521,0.090046,0.001151,0.404122
-0.834000,1.218000,0.144111,1,0.072425,0.072425,0.054104,0.013692,0.082521,0.001151,0.401270
-0.834000,1.261500,0.144761,1,0.077626,0.077626,0.050486,0.015872,0.075128,0.001151,0.398094
-0.834000,1.305000,0.144145,1,0.083036,0.083036,0.044901,0.016936,0.067879,0.001151,0.394600
-0.834000,1.348500,0.145396,1,0.088607,0.088607,0.040528,0.016296,0.060790,0.001151,0.390793
-0.834000,1.392000,0.144919,1,0.094300,0.094300,0.032689,0.016666,0.053872,0.001151,0.386682
-0.834000,1.435500,0.154817,1,0.100086,0.100086,0.026901,0.018041,0.047140,0.001151,0.382274
-0.834000,1.479000,0.180919,1,0.105939,0.105939,0.020238,0.020420,0.040606,0.001151,0.377577
-0.834000,1.522500,0.223183,1,0.111838,0.111838,0.011066,0.022669,0.034283,0.001151,0.372600
-0.834000,1.566000,0.283500,1,0.117767,0.117767,0.007176,0.022205,0.028182,0.001151,0.367354
-0.834000,1.609500,0.361867,1,0.123709,0.123709,0.014029,0.022740,0.022315,0.001151,0.361846
-0.834000,1.653000,0.454914,1,0.129654,0.129654,0.014884,0.024269,0.016692,0.001151,0.356089
-0.834000,1.696500,0.565588,1,0.135590,0.135590,0.020512,0.026787,0.011326,0.001151,0.350093
-0.834000,1.740000,0.694113,1,0.141507,0.141507,0.028585,0.030232,0.006225,0.001151,0.343870
-0.799250,-1.740000,inf,0,inf,inf,inf,inf,0.000000,0.000000,0.000000
-0.799250,-1.696500,inf,0,inf,inf,inf,inf,0.000000,0.000000,0.000000
-0.799250,-1.653000,inf,0,inf,inf,inf,inf,0.000000,0.000000,0.000000
-0.799250,-1.609500,inf,0,inf,inf,inf,inf,0.000000,0.000000,0.000000
-0.799250,-1.566000,inf,0,inf,inf,inf,inf,0.000000,0.000000,0.000000
-0.799250,-1.522500,inf,0,inf,inf,inf,inf,0.000000,0.000000,0.000000
-0.799250,-1.479000,inf,0,inf,inf,inf,inf,0.000000,0.000000,0.000000
-0.799250,-1.435500,inf,0,inf,inf,inf,inf,0.000000,0.000000,0.000000
-0.799250,-1.392000,inf,0,inf,inf,inf,inf,0.000000,0.000000,0.000000
-0.799250,-1.348500,inf,0,inf,inf,inf,inf,0.000000,0.000000,0.000000
-0.799250,-1.305000,inf,0,inf,inf,inf,inf,0.000000,0.000000,0.000000
-0.799250,-1.261500,inf,0,inf,inf,inf,inf,0.000000,0.000000,0.000000
-0.799250,-1.218000,inf,0,inf,inf,inf,inf,0.000000,0.000000,0.000000
-0.799250,-1.174500,inf,0,inf,inf,inf,inf,0.000000,0.000000,0.000000
-0.799250,-1.131000,inf,0,inf,inf,inf,inf,0.000000,0.000000,0.000000
-0.799250,-1.087500,inf,0,inf,inf,inf,inf,0.000000,0.000000,0.000000
-0.799250,-1.044000,inf,0,inf,inf,inf,inf,0.000000,0.000000,0.000000
-0.799250,-1.000500,inf,0,inf,inf,inf,inf,0.000000,0.000000,0.000000
-0.799250,-0.957000,inf,0,inf,inf,inf,inf,0.000000,0.000000,0.000000
-0.799250,-0.913500,1.421145,1,0.242339,0.242339,0.279192,0.151337,0.330090,0.001150,0.208762
-0.799250,-0.870000,1.267140,1,0.237973,0.237973,0.272138,0.137892,0.331055,0.001150,0.216751
-0.799250,-0.826500,1.129273,1,0.233505,0.233505,0.264960,0.125236,0.331672,0.001151,0.224774
-0.799250,-0.783000,1.007623,1,0.228937,0.228937,0.257660,0.113375,0.331939,0.001151,0.232816
-0.799250,-0.739500,0.902266,1,0.224272,0.224272,0.250244,0.102316,0.331856,0.001151,0.240863
-0.799250,-0.696000,0.813277,1,0.219513,0.219513,0.242715,0.092067,0.331423,0.001151,0.248898
-0.799250,-0.652500,0.740730,1,0.214663,0.214663,0.235077,0.082634,0.330641,0.001151,0.256907
-0.799250,-0.609000,0.684698,1,0.209725,0.209725,0.227334,0.074024,0.329512,0.001151,0.264874
-0.799250,-0.565500,0.642187,1,0.204703,0.204703,0.219491,0.066245,0.328038,0.001151,0.272785
-0.799250,-0.522000,0.601799,1,0.199600,0.199600,0.211552,0.059303,0.326220,0.001151,0.280624
-0.799250,-0.478500,0.562511,1,0.194419,0.194419,0.203522,0.053204,0.324064,0.001151,0.288376
-0.799250,-0.435000,0.524391,1,0.189166,0.189166,0.195406,0.047954,0.321572,0.001151,0.296028
-0.799250,-0.391500,0.487504,1,0.183843,0.183843,0.187209,0.043561,0.318751,0.001151,0.303563
-0.799250,-0.348000,0.451912,1,0.178454,0.178454,0.178936,0.040029,0.315604,0.001151,0.310969
-0.799250,-0.304500,0.417678,1,0.173006,0.173006,0.170593,0.037364,0.312138,0.001151,0.318232
-0.799250,-0.261000,0.384859,1,0.167502,0.167502,0.162187,0.035572,0.308359,0.001151,0.325336
-0.799250,-0.217500,0.353512,1,0.161947,0.161947,0.153724,0.034659,0.304275,0.001151,0.332270
-0.799250,-0.174000,0.323691,1,0.156349,0.156349,0.145211,0.034629,0.299894,0.001151,0.339019
-0.799250,-0.130500,0.295448,1,0.150711,0.150711,0.136658,0.031965,0.295223,0.001151,0.345571
-0.799250,-0.087000,0.268832,1,0.145043,0.145043,0.128073,0.028919,0.290271,0.001151,0.351915
-0.799250,-0.043500,0.243888,1,0.139350,0.139350,0.119468,0.026780,0.285049,0.001151,0.358036
-0.799250,0.000000,0.220661,1,0.133642,0.133642,0.110856,0.025554,0.279565,0.001151,0.363925
-0.799250,0.043500,0.199190,1,0.127928,0.127928,0.102254,0.025244,0.273830,0.001151,0.369570
-0.799250,0.087000,0.179513,1,0.122219,0.122219,0.093684,0.025570,0.267855,0.001151,0.374960
-0.799250,0.130500,0.161665,1,0.116527,0.116527,0.085173,0.022303,0.261652,0.001151,0.380086
-0.799250,0.174000,0.145676,1,0.110865,0.110865,0.076760,0.019974,0.255231,0.001151,0.384936
-0.799250,0.217500,0.131576,1,0.105252,0.105252,0.068500,0.018588,0.248606,0.001151,0.389503
-0.799250,0.261000,0.119389,1,0.099706,0.099706,0.060475,0.018149,0.241788,0.001151,0.393777
-0.799250,0.304500,0.109137,1,0.094250,0.094250,0.052809,0.018659,0.234791,0.001151,0.397751
-0.799250,0.348000,0.100838,1,0.088913,0.088913,0.045702,0.017672,0.227628,0.001151,0.401417
-0.799250,0.391500,0.094507,1,0.083728,0.083728,0.039476,0.015291,0.220312,0.001151,0.404768
-0.799250,0.435000,0.087349,1,0.078737,0.078737,0.030295,0.013879,0.212857,0.001151,0.407797
-0.799250,0.478500,0.082089,1,0.073988,0.073988,0.020969,0.013438,0.205277,0.001151,0.410500
-0.799250,0.522000,0.079021,1,0.069541,0.069541,0.012374,0.013971,0.197588,0.001151,0.412870
-0.799250,0.565500,0.078152,1,0.065467,0.065467,0.007658,0.015120,0.189802,0.001151,0.414904
-0.799250,0.609000,0.079484,1,0.061849,0.061849,0.012509,0.012799,0.181935,0.001151,0.416597
-0.799250,0.652500,0.080445,1,0.058777,0.058777,0.013756,0.011467,0.174002,0.001151,0.417947
-0.799250,0.696000,0.083137,1,0.056348,0.056348,0.019159,0.011124,0.166018,0.001151,0.418950
-0.799250,0.739500,0.088210,1,0.054651,0.054651,0.027477,0.011772,0.157998,0.001151,0.419605
-0.799250,0.783000,0.094331,1,0.053761,0.053761,0.034924,0.013413,0.149957,0.001151,0.419911
-0.799250,0.826500,0.100609,1,0.053719,0.053719,0.040887,0.012504,0.141910,0.001151,0.419866
-0.799250,0.870000,0.109238,1,0.054526,0.054526,0.048280,0.011324,0.133873,0.001151,0.419472
-0.799250,0.913500,0.116420,1,0.056144,0.056144,0.053079,0.011147,0.125861,0.001151,0.418729
-0.799250,0.957000,0.124543,1,0.058504,0.058504,0.058050,0.011970,0.117888,0.001151,0.417638
-0.799250,1.000500,0.132216,1,0.061516,0.061516,0.062042,0.013795,0.109970,0.001151,0.416201
-0.799250,1.044000,0.137708,1,0.065085,0.065085,0.063895,0.014351,0.102123,0.001151,0.414422
-0.799250,1.087500,0.141364,1,0.069117,0.069117,0.064066,0.013364,0.094360,0.001151,0.412303
-0.799250,1.131000,0.143082,1,0.073530,0.073530,0.062488,0.013382,0.086697,0.001151,0.409848
-0.799250,1.174500,0.143240,1,0.078252,0.078252,0.059341,0.014404,0.079147,0.001151,0.407062
-0.799250,1.218000,0.142819,1,0.083222,0.083222,0.055251,0.016429,0.071726,0.001151,0.403951
-0.799250,1.261500,0.141634,1,0.088389,0.088389,0.049802,0.018239,0.064448,0.001151,0.400520
-0.799250,1.305000,0.140560,1,0.093712,0.093712,0.043494,0.017445,0.057325,0.001151,0.396775
-0.799250,1.348500,0.140304,1,0.099158,0.099158,0.036850,0.017652,0.050372,0.001151,0.392725
-0.799250,1.392000,0.141553,1,0.104696,0.104696,0.030787,0.018859,0.043602,0.001151,0.388376
-0.799250,1.435500,0.150340,1,0.110304,0.110304,0.021994,0.021062,0.037027,0.001151,0.383736
-0.799250,1.479000,0.177114,1,0.115961,0.115961,0.015149,0.024025,0.030660,0.001151,0.378815
-0.799250,1.522500,0.221878,1,0.121651,0.121651,0.013624,0.023386,0.024513,0.001151,0.373622
-0.799250,1.566000,0.281828,1,0.127359,0.127359,0.008483,0.023739,0.018598,0.001151,0.368166
-0.799250,1.609500,0.359041,1,0.133073,0.133073,0.009826,0.025078,0.012926,0.001151,0.362459
-0.799250,1.653000,0.454055,1,0.138782,0.138782,0.017702,0.027400,0.007507,0.001151,0.356510
-0.799250,1.696500,0.566862,1,0.144477,0.144477,0.026870,0.030700,0.002352,0.001151,0.350331
-0.799250,1.740000,0.697451,1,0.150148,0.150148,0.036354,0.030975,-0.002529,0.001151,0.343934
-0.764500,-1.740000,inf,0,inf,inf,inf,inf,0.000000,0.000000,0.000000
-0.764500,-1.696500,inf,0,inf,inf,inf,inf,0.000000,0.000000,0.000000
-0.764500,-1.653000,inf,0,inf,inf,inf,inf,0.000000,0.000000,0.000000
-0.764500,-1.609500,inf,0,inf,inf,inf,inf,0.000000,0.000000,0.000000
-0.764500,-1.566000,inf,0,inf,inf,inf,inf,0.000000,0.000000,0.000000
-0.764500,-1.522500,inf,0,inf,inf,inf,inf,0.000000,0.000000,0.000000
-0.764500,-1.479000,inf,0,inf,inf,inf,inf,0.000000,0.000000,0.000000
-0.764500,-1.435500,inf,0,inf,inf,inf,inf,0.000000,0.000000,0.000000
-0.764500,-1.392000,inf,0,inf,inf,inf,inf,0.000000,0.000000,0.000000
-0.764500,-1.348500,inf,0,inf,inf,inf,inf,0.000000,0.000000,0.000000
-0.764500,-1.305000,inf,0,inf,inf,inf,inf,0.000000,0.000000,0.000000
-0.764500,-1.261500,inf,0,inf,inf,inf,inf,0.000000,0.000000,0.000000
-0.764500,-1.218000,inf,0,inf,inf,inf,inf,0.000000,0.000000,0.000000
-0.764500,-1.174500,inf,0,inf,inf,inf,inf,0.000000,0.000000,0.000000
-0.764500,-1.131000,inf,0,inf,inf,inf,inf,0.000000,0.000000,0.000000
-0.764500,-1.087500,inf,0,inf,inf,inf,inf,0.000000,0.000000,0.000000
-0.764500,-1.044000,inf,0,inf,inf,inf,inf,0.000000,0.000000,0.000000
-0.764500,-1.000500,inf,0,inf,inf,inf,inf,0.000000,0.000000,0.000000
-0.764500,-0.957000,1.413068,1,0.236098,0.236098,0.273715,0.150321,0.324799,0.001150,0.212180
-0.764500,-0.913500,1.256897,1,0.231770,0.231770,0.266721,0.136835,0.325834,0.001150,0.220160
-0.764500,-0.870000,1.116870,1,0.227345,0.227345,0.259604,0.124137,0.326521,0.001151,0.228177
-0.764500,-0.826500,0.993064,1,0.222826,0.222826,0.252368,0.112233,0.326858,0.001151,0.236217
-0.764500,-0.783000,0.885551,1,0.218216,0.218216,0.245015,0.101132,0.326846,0.001151,0.244264
-0.764500,-0.739500,0.794405,1,0.213518,0.213518,0.237550,0.090840,0.326484,0.001151,0.252302
-0.764500,-0.696000,0.719697,1,0.208735,0.208735,0.229976,0.081364,0.325772,0.001151,0.260318
-0.764500,-0.652500,0.661499,1,0.203871,0.203871,0.222298,0.072711,0.324713,0.001151,0.268295
-0.764500,-0.609000,0.618467,1,0.198928,0.198928,0.214520,0.064887,0.323307,0.001151,0.276218
-0.764500,-0.565500,0.579038,1,0.193912,0.193912,0.206645,0.057898,0.321559,0.001151,0.284072
-0.764500,-0.522000,0.540697,1,0.188826,0.188826,0.198679,0.051752,0.319470,0.001151,0.291844
-0.764500,-0.478500,0.503510,1,0.183673,0.183673,0.190626,0.046453,0.317046,0.001151,0.299516
-0.764500,-0.435000,0.467538,1,0.178459,0.178459,0.182490,0.042008,0.314290,0.001151,0.307077
-0.764500,-0.391500,0.432844,1,0.173189,0.173189,0.174277,0.038423,0.311208,0.001151,0.314510
-0.764500,-0.348000,0.399487,1,0.167867,0.167867,0.165991,0.035704,0.307806,0.001151,0.321802
-0.764500,-0.304500,0.367522,1,0.162499,0.162499,0.157638,0.033855,0.304089,0.001151,0.328940
-0.764500,-0.261000,0.337005,1,0.157090,0.157090,0.149224,0.032881,0.300066,0.001151,0.335909
-0.764500,-0.217500,0.307987,1,0.151648,0.151648,0.140756,0.032788,0.295744,0.001151,0.342696
-0.764500,-0.174000,0.280519,1,0.146180,0.146180,0.132240,0.030982,0.291131,0.001151,0.349289
-0.764500,-0.130500,0.254647,1,0.140693,0.140693,0.123684,0.027882,0.286235,0.001151,0.355675
-0.764500,-0.087000,0.230416,1,0.135196,0.135196,0.115098,0.025686,0.281066,0.001151,0.361843
-0.764500,-0.043500,0.207867,1,0.129699,0.129699,0.106493,0.024399,0.275634,0.001151,0.367779
-0.764500,0.000000,0.187039,1,0.124212,0.124212,0.097881,0.024024,0.269949,0.001151,0.373474
-0.764500,0.043500,0.167969,1,0.118750,0.118750,0.089280,0.024567,0.264021,0.001151,0.378916
-0.764500,0.087000,0.150689,1,0.113325,0.113325,0.080712,0.021870,0.257863,0.001151,0.384096
-0.764500,0.130500,0.135228,1,0.107955,0.107955,0.072208,0.019480,0.251485,0.001151,0.389002
-0.764500,0.174000,0.121615,1,0.102660,0.102660,0.063812,0.018027,0.244900,0.001151,0.393627
-0.764500,0.217500,0.109872,1,0.097462,0.097462,0.055592,0.017517,0.238120,0.001151,0.397961
-0.764500,0.261000,0.100021,1,0.092388,0.092388,0.047662,0.017952,0.231158,0.001151,0.401996
-0.764500,0.304500,0.092078,1,0.087471,0.087471,0.040209,0.017801,0.224027,0.001151,0.405724
-0.764500,0.348000,0.086057,1,0.082749,0.082749,0.033574,0.015349,0.216740,0.001151,0.409139
-0.764500,0.391500,0.081445,1,0.078266,0.078266,0.027409,0.013860,0.209312,0.001151,0.412233
-0.764500,0.435000,0.076509,1,0.074074,0.074074,0.017771,0.013338,0.201757,0.001151,0.415002
-0.764500,0.478500,0.073713,1,0.070237,0.070237,0.008176,0.013783,0.194088,0.001151,0.417440
-0.764500,0.522000,0.073061,1,0.066820,0.066820,0.002207,0.015199,0.186320,0.001151,0.419541
-0.764500,0.565500,0.074556,1,0.063901,0.063901,0.011402,0.013342,0.178469,0.001151,0.421303
-0.764500,0.609000,0.077826,1,0.061554,0.061554,0.020126,0.011919,0.170548,0.001151,0.422722
-0.764500,0.652500,0.080682,1,0.059852,0.059852,0.024716,0.011480,0.162573,0.001151,0.423795
-0.764500,0.696000,0.085858,1,0.058855,0.058855,0.031954,0.012027,0.154559,0.001151,0.424520
-0.764500,0.739500,0.093348,1,0.058600,0.058600,0.040432,0.013558,0.146521,0.001151,0.424897
-0.764500,0.783000,0.100280,1,0.059097,0.059097,0.046529,0.013445,0.138474,0.001151,0.424923
-0.764500,0.826500,0.109120,1,0.060327,0.060327,0.053463,0.012159,0.130433,0.001151,0.424599
-0.764500,0.870000,0.117627,1,0.062245,0.062245,0.059080,0.011868,0.122415,0.001151,0.423926
-0.764500,0.913500,0.126661,1,0.064785,0.064785,0.064402,0.012572,0.114433,0.001151,0.422905
-0.764500,0.957000,0.134605,1,0.067873,0.067873,0.068325,0.014270,0.106503,0.001151,0.421537
-0.764500,1.000500,0.140303,1,0.071433,0.071433,0.070262,0.015593,0.098640,0.001151,0.419826
-0.764500,1.044000,0.143701,1,0.075393,0.075393,0.070340,0.014480,0.090859,0.001151,0.417775
-0.764500,1.087500,0.144553,1,0.079684,0.079684,0.068387,0.014365,0.083175,0.001151,0.415388
-0.764500,1.131000,0.143271,1,0.084250,0.084250,0.064538,0.015248,0.075601,0.001151,0.412668
-0.764500,1.174500,0.140901,1,0.089040,0.089040,0.059310,0.017126,0.068153,0.001151,0.409622
-0.764500,1.218000,0.139028,1,0.094012,0.094012,0.053787,0.019673,0.060845,0.001151,0.406254
-0.764500,1.261500,0.136643,1,0.099129,0.099129,0.046802,0.018732,0.053690,0.001151,0.402572
-0.764500,1.305000,0.136304,1,0.104361,0.104361,0.040815,0.018787,0.046702,0.001151,0.398583
-0.764500,1.348500,0.135249,1,0.109683,0.109683,0.032301,0.019834,0.039894,0.001151,0.394293
-0.764500,1.392000,0.136491,1,0.115072,0.115072,0.024987,0.021869,0.033278,0.001151,0.389711
-0.764500,1.435500,0.147848,1,0.120511,0.120511,0.020241,0.024890,0.026869,0.001151,0.384846
-0.764500,1.479000,0.174533,1,0.125982,0.125982,0.011816,0.024733,0.020677,0.001151,0.379707
-0.764500,1.522500,0.218465,1,0.131473,0.131473,0.002531,0.024912,0.014714,0.001151,0.374304
-0.764500,1.566000,0.280145,1,0.136972,0.136972,0.007765,0.026072,0.008992,0.001151,0.368646
-0.764500,1.609500,0.359569,1,0.142467,0.142467,0.017355,0.028207,0.003521,0.001151,0.362745
-0.764500,1.653000,0.456728,1,0.147949,0.147949,0.026993,0.031313,-0.001687,0.001151,0.356611
-0.764500,1.696500,0.569293,1,0.153409,0.153409,0.033313,0.032271,-0.006624,0.001151,0.350257
-0.764500,1.740000,0.698735,1,0.158841,0.158841,0.039902,0.032497,-0.011281,0.001151,0.343694
-0.729750,-1.740000,inf,0,inf,inf,inf,inf,0.000000,0.000000,0.000000
-0.729750,-1.696500,inf,0,inf,inf,inf,inf,0.000000,0.000000,0.000000
-0.729750,-1.653000,inf,0,inf,inf,inf,inf,0.000000,0.000000,0.000000
-0.729750,-1.609500,inf,0,inf,inf,inf,inf,0.000000,0.000000,0.000000
-0.729750,-1.566000,inf,0,inf,inf,inf,inf,0.000000,0.000000,0.000000
-0.729750,-1.522500,inf,0,inf,inf,inf,inf,0.000000,0.000000,0.000000
-0.729750,-1.479000,inf,0,inf,inf,inf,inf,0.000000,0.000000,0.000000
-0.729750,-1.435500,inf,0,inf,inf,inf,inf,0.000000,0.000000,0.000000
-0.729750,-1.392000,inf,0,inf,inf,inf,inf,0.000000,0.000000,0.000000
-0.729750,-1.348500,inf,0,inf,inf,inf,inf,0.000000,0.000000,0.000000
-0.729750,-1.305000,inf,0,inf,inf,inf,inf,0.000000,0.000000,0.000000
-0.729750,-1.261500,inf,0,inf,inf,inf,inf,0.000000,0.000000,0.000000
-0.729750,-1.218000,inf,0,inf,inf,inf,inf,0.000000,0.000000,0.000000
-0.729750,-1.174500,inf,0,inf,inf,inf,inf,0.000000,0.000000,0.000000
-0.729750,-1.131000,inf,0,inf,inf,inf,inf,0.000000,0.000000,0.000000
-0.729750,-1.087500,inf,0,inf,inf,inf,inf,0.000000,0.000000,0.000000
-0.729750,-1.044000,inf,0,inf,inf,inf,inf,0.000000,0.000000,0.000000
-0.729750,-1.000500,1.406238,1,0.229837,0.229837,0.268170,0.149360,0.319323,0.001150,0.215421
-0.729750,-0.957000,1.247876,1,0.225538,0.225538,0.261234,0.135830,0.320428,0.001151,0.223392
-0.729750,-0.913500,1.105668,1,0.221148,0.221148,0.254175,0.123087,0.321185,0.001151,0.231403
-0.729750,-0.870000,0.979685,1,0.216670,0.216670,0.246999,0.111141,0.321593,0.001151,0.239439
-0.729750,-0.826500,0.870000,1,0.212107,0.212107,0.239707,0.099996,0.321651,0.001151,0.247486
-0.729750,-0.783000,0.776683,1,0.207463,0.207463,0.232304,0.089661,0.321359,0.001151,0.255527
-0.729750,-0.739500,0.699805,1,0.202740,0.202740,0.224794,0.080141,0.320717,0.001151,0.263549
-0.729750,-0.696000,0.639433,1,0.197942,0.197942,0.217180,0.071443,0.319727,0.001151,0.271534
-0.729750,-0.652500,0.595243,1,0.193074,0.193074,0.209466,0.063574,0.318391,0.001151,0.279470
-0.729750,-0.609000,0.556771,1,0.188139,0.188139,0.201657,0.056539,0.316712,0.001151,0.287339
-0.729750,-0.565500,0.519379,1,0.183142,0.183142,0.193755,0.050346,0.314691,0.001151,0.295128
-0.729750,-0.522000,0.483128,1,0.178087,0.178087,0.185766,0.044998,0.312334,0.001151,0.302822
-0.729750,-0.478500,0.448080,1,0.172980,0.172980,0.177694,0.040504,0.309644,0.001151,0.310406
-0.729750,-0.435000,0.414293,1,0.167825,0.167825,0.169543,0.036867,0.306628,0.001151,0.317866
-0.729750,-0.391500,0.381825,1,0.162628,0.162628,0.161319,0.034094,0.303289,0.001151,0.325188
-0.729750,-0.348000,0.350730,1,0.157395,0.157395,0.153025,0.032189,0.299636,0.001151,0.332358
-0.729750,-0.304500,0.321061,1,0.152134,0.152134,0.144666,0.031158,0.295674,0.001151,0.339361
-0.729750,-0.261000,0.292868,1,0.146851,0.146851,0.136250,0.031004,0.291411,0.001151,0.346187
-0.729750,-0.217500,0.266199,1,0.141555,0.141555,0.127781,0.030039,0.286855,0.001151,0.352820
-0.729750,-0.174000,0.241098,1,0.136255,0.136255,0.119265,0.026888,0.282016,0.001151,0.359249
-0.729750,-0.130500,0.217609,1,0.130960,0.130960,0.110711,0.024637,0.276901,0.001151,0.365461
-0.729750,-0.087000,0.195771,1,0.125683,0.125683,0.102127,0.023292,0.271521,0.001151,0.371445
-0.729750,-0.043500,0.175621,1,0.120436,0.120436,0.093523,0.022857,0.265886,0.001151,0.377189
-0.729750,0.000000,0.157194,1,0.115233,0.115233,0.084911,0.023335,0.260006,0.001151,0.382683
-0.729750,0.043500,0.140522,1,0.110093,0.110093,0.076309,0.021478,0.253894,0.001151,0.387916
-0.729750,0.087000,0.125632,1,0.105034,0.105034,0.067738,0.019030,0.247559,0.001151,0.392878
-0.729750,0.130500,0.112549,1,0.100078,0.100078,0.059233,0.017516,0.241014,0.001151,0.397560
-0.729750,0.174000,0.101298,1,0.095253,0.095253,0.050847,0.016939,0.234272,0.001151,0.401953
-0.729750,0.217500,0.091895,1,0.090589,0.090589,0.042669,0.017303,0.227346,0.001151,0.406049
-0.729750,0.261000,0.084359,1,0.086121,0.086121,0.034870,0.017974,0.220248,0.001151,0.409840
-0.729750,0.304500,0.078700,1,0.081891,0.081891,0.027788,0.015457,0.212992,0.001151,0.413318
-0.729750,0.348000,0.074931,1,0.077946,0.077946,0.022143,0.013898,0.205591,0.001151,0.416478
-0.729750,0.391500,0.071963,1,0.074340,0.074340,0.016175,0.013300,0.198060,0.001151,0.419312
-0.729750,0.435000,0.069500,1,0.071131,0.071131,0.007497,0.013664,0.190413,0.001151,0.421817
-0.729750,0.478500,0.069129,1,0.068382,0.068382,0.005727,0.014994,0.182664,0.001151,0.423986
-0.729750,0.522000,0.070852,1,0.066156,0.066156,0.013837,0.013946,0.174828,0.001151,0.425817
-0.729750,0.565500,0.074667,1,0.064511,0.064511,0.023062,0.012440,0.166920,0.001151,0.427305
-0.729750,0.609000,0.079415,1,0.063496,0.063496,0.030630,0.011913,0.158955,0.001151,0.428448
-0.729750,0.652500,0.084768,1,0.063142,0.063142,0.037116,0.012364,0.150947,0.001151,0.429243
-0.729750,0.696000,0.092374,1,0.063462,0.063462,0.044888,0.013795,0.142913,0.001151,0.429690
-0.729750,0.739500,0.101182,1,0.064446,0.064446,0.052392,0.014465,0.134866,0.001151,0.429786
-0.729750,0.783000,0.110140,1,0.066061,0.066061,0.058843,0.013080,0.126823,0.001151,0.429533
-0.729750,0.826500,0.120039,1,0.068260,0.068260,0.065167,0.012684,0.118799,0.001151,0.428930
-0.729750,0.870000,0.129873,1,0.070984,0.070984,0.070691,0.013276,0.110809,0.001151,0.427978
-0.729750,0.913500,0.138013,1,0.074172,0.074172,0.074506,0.014855,0.102867,0.001151,0.426681
-0.729750,0.957000,0.143443,1,0.077760,0.077760,0.076202,0.016934,0.094990,0.001151,0.425039
-0.729750,1.000500,0.145729,1,0.081689,0.081689,0.075637,0.015704,0.087191,0.001151,0.423055
-0.729750,1.044000,0.145170,1,0.085906,0.085906,0.072963,0.015465,0.079486,0.001151,0.420735
-0.729750,1.087500,0.142710,1,0.090363,0.090363,0.068626,0.016217,0.071889,0.001151,0.418082
-0.729750,1.131000,0.139809,1,0.095019,0.095019,0.063440,0.017958,0.064415,0.001151,0.415101
-0.729750,1.174500,0.135559,1,0.099837,0.099837,0.056376,0.020684,0.057077,0.001151,0.411798
-0.729750,1.218000,0.133496,1,0.104786,0.104786,0.050242,0.020153,0.049890,0.001151,0.408179
-0.729750,1.261500,0.130604,1,0.109841,0.109841,0.041968,0.020063,0.042867,0.001151,0.404250
-0.729750,1.305000,0.129944,1,0.114978,0.114978,0.034577,0.020959,0.036022,0.001151,0.400020
-0.729750,1.348500,0.131523,1,0.120177,0.120177,0.028776,0.022837,0.029367,0.001151,0.395497
-0.729750,1.392000,0.132627,1,0.125423,0.125423,0.019688,0.025693,0.022915,0.001151,0.390688
-0.729750,1.435500,0.143454,1,0.130699,0.130699,0.010629,0.026239,0.016678,0.001151,0.385603
-0.729750,1.479000,0.171975,1,0.135993,0.135993,0.004499,0.026254,0.010668,0.001151,0.380252
-0.729750,1.522500,0.218189,1,0.141293,0.141293,0.010469,0.027243,0.004897,0.001151,0.374644
-0.729750,1.566000,0.282092,1,0.146590,0.146590,0.019516,0.029200,-0.000625,0.001151,0.368791
-0.729750,1.609500,0.361076,1,0.151873,0.151873,0.023951,0.032121,-0.005887,0.001151,0.362704
-0.729750,1.653000,0.457401,1,0.157136,0.157136,0.030236,0.033752,-0.010880,0.001151,0.356393
-0.729750,1.696500,0.571202,1,0.162370,0.162370,0.037635,0.033795,-0.015593,0.001151,0.349871
-0.729750,1.740000,0.702468,1,0.167569,0.167569,0.045598,0.034793,-0.020018,0.001151,0.343150
-0.695000,-1.740000,inf,0,inf,inf,inf,inf,0.000000,0.000000,0.000000
-0.695000,-1.696500,inf,0,inf,inf,inf,inf,0.000000,0.000000,0.000000
-0.695000,-1.653000,inf,0,inf,inf,inf,inf,0.000000,0.000000,0.000000
-0.695000,-1.609500,inf,0,inf,inf,inf,inf,0.000000,0.000000,0.000000
-0.695000,-1.566000,inf,0,inf,inf,inf,inf,0.000000,0.000000,0.000000
-0.695000,-1.522500,inf,0,inf,inf,inf,inf,0.000000,0.000000,0.000000
-0.695000,-1.479000,inf,0,inf,inf,inf,inf,0.000000,0.000000,0.000000
-0.695000,-1.435500,inf,0,inf,inf,inf,inf,0.000000,0.000000,0.000000
-0.695000,-1.392000,inf,0,inf,inf,inf,inf,0.000000,0.000000,0.000000
-0.695000,-1.348500,inf,0,inf,inf,inf,inf,0.000000,0.000000,0.000000
-0.695000,-1.305000,inf,0,inf,inf,inf,inf,0.000000,0.000000,0.000000
-0.695000,-1.261500,inf,0,inf,inf,inf,inf,0.000000,0.000000,0.000000
-0.695000,-1.218000,inf,0,inf,inf,inf,inf,0.000000,0.000000,0.000000
-0.695000,-1.174500,inf,0,inf,inf,inf,inf,0.000000,0.000000,0.000000
-0.695000,-1.131000,inf,0,inf,inf,inf,inf,0.000000,0.000000,0.000000
-0.695000,-1.087500,inf,0,inf,inf,inf,inf,0.000000,0.000000,0.000000
-0.695000,-1.044000,1.400719,1,0.223567,0.223567,0.262564,0.148459,0.313668,0.001150,0.218480
-0.695000,-1.000500,1.240139,1,0.219288,0.219288,0.255681,0.134882,0.314842,0.001151,0.226441
-0.695000,-0.957000,1.095724,1,0.214924,0.214924,0.248678,0.122094,0.315669,0.001151,0.234445
-0.695000,-0.913500,0.967543,1,0.210479,0.210479,0.241559,0.110102,0.316148,0.001151,0.242477
-0.695000,-0.870000,0.855667,1,0.205954,0.205954,0.234326,0.098913,0.316276,0.001151,0.250523
-0.695000,-0.826500,0.760163,1,0.201355,0.201355,0.226983,0.088532,0.316054,0.001151,0.258567
-0.695000,-0.783000,0.681100,1,0.196685,0.196685,0.219534,0.078968,0.315483,0.001151,0.266594
-0.695000,-0.739500,0.618544,1,0.191947,0.191947,0.211983,0.070225,0.314563,0.001151,0.274588
-0.695000,-0.696000,0.572556,1,0.187146,0.187146,0.204333,0.062310,0.313297,0.001151,0.282534
-0.695000,-0.652500,0.535037,1,0.182287,0.182287,0.196588,0.055229,0.311686,0.001151,0.290418
-0.695000,-0.609000,0.498590,1,0.177374,0.177374,0.188752,0.048989,0.309734,0.001151,0.298225
-0.695000,-0.565500,0.463277,1,0.172412,0.172412,0.180829,0.043593,0.307444,0.001151,0.305939
-0.695000,-0.522000,0.429155,1,0.167406,0.167406,0.172822,0.039049,0.304821,0.001151,0.313546
-0.695000,-0.478500,0.396283,1,0.162364,0.162364,0.164737,0.035362,0.301869,0.001151,0.321032
-0.695000,-0.435000,0.364715,1,0.157290,0.157290,0.156576,0.032536,0.298595,0.001151,0.328383
-0.695000,-0.391500,0.334503,1,0.152193,0.152193,0.148346,0.030577,0.295005,0.001151,0.335584
-0.695000,-0.348000,0.305697,1,0.147079,0.147079,0.140050,0.029489,0.291104,0.001151,0.342623
-0.695000,-0.304500,0.278347,1,0.141957,0.141957,0.131692,0.029278,0.286901,0.001151,0.349485
-0.695000,-0.261000,0.252497,1,0.136837,0.136837,0.123279,0.029136,0.282404,0.001151,0.356158
-0.695000,-0.217500,0.228192,1,0.131728,0.131728,0.114814,0.025936,0.277621,0.001151,0.362628
-0.695000,-0.174000,0.205471,1,0.126643,0.126643,0.106305,0.023634,0.272561,0.001151,0.368885
-0.695000,-0.130500,0.184374,1,0.121595,0.121595,0.097758,0.022234,0.267233,0.001151,0.374916
-0.695000,-0.087000,0.164934,1,0.116599,0.116599,0.089179,0.021741,0.261648,0.001151,0.380710
-0.695000,-0.043500,0.147185,1,0.111671,0.111671,0.080579,0.022159,0.255817,0.001151,0.386255
-0.695000,0.000000,0.131157,1,0.106831,0.106831,0.071967,0.021125,0.249750,0.001151,0.391541
-0.695000,0.043500,0.116877,1,0.102102,0.102102,0.063361,0.018623,0.243459,0.001151,0.396558
-0.695000,0.087000,0.104367,1,0.097510,0.097510,0.054781,0.017052,0.236956,0.001151,0.401298
-0.695000,0.130500,0.093650,1,0.093082,0.093082,0.046264,0.016413,0.230253,0.001151,0.405749
-0.695000,0.174000,0.084743,1,0.088855,0.088855,0.037872,0.016712,0.223362,0.001151,0.409906
-0.695000,0.217500,0.077661,1,0.084865,0.084865,0.029737,0.017949,0.216298,0.001151,0.413758
-0.695000,0.261000,0.072416,1,0.081156,0.081156,0.022164,0.015613,0.209072,0.001151,0.417300
-0.695000,0.304500,0.069016,1,0.077775,0.077775,0.015999,0.013989,0.201699,0.001151,0.420524
-0.695000,0.348000,0.067467,1,0.074775,0.074775,0.013375,0.013321,0.194193,0.001151,0.423424
-0.695000,0.391500,0.066352,1,0.072208,0.072208,0.010876,0.013610,0.186568,0.001151,0.425996
-0.695000,0.435000,0.066324,1,0.070128,0.070128,0.011805,0.014859,0.178839,0.001151,0.428233
-0.695000,0.478500,0.068339,1,0.068581,0.068581,0.018374,0.014609,0.171019,0.001151,0.430132
-0.695000,0.522000,0.072393,1,0.067609,0.067609,0.026696,0.013026,0.163125,0.001151,0.431689
-0.695000,0.565500,0.078480,1,0.067238,0.067238,0.035550,0.012416,0.155170,0.001151,0.432902
-0.695000,0.609000,0.084895,1,0.067479,0.067479,0.042669,0.012779,0.147169,0.001151,0.433767
-0.695000,0.652500,0.092692,1,0.068324,0.068324,0.049885,0.014116,0.139139,0.001151,0.434284
-0.695000,0.696000,0.102672,1,0.069750,0.069750,0.057858,0.015559,0.131094,0.001151,0.434451
-0.695000,0.739500,0.112422,1,0.071721,0.071721,0.064470,0.014083,0.123049,0.001151,0.434268
-0.695000,0.783000,0.123601,1,0.074188,0.074188,0.071282,0.013589,0.115020,0.001151,0.433735
-0.695000,0.826500,0.133793,1,0.077100,0.077100,0.076683,0.014077,0.107022,0.001151,0.432854
-0.695000,0.870000,0.142360,1,0.080403,0.080403,0.080560,0.015546,0.099069,0.001151,0.431625
-0.695000,0.913500,0.147265,1,0.084046,0.084046,0.081894,0.017995,0.091177,0.001151,0.430052
-0.695000,0.957000,0.148472,1,0.087980,0.087980,0.080788,0.017030,0.083362,0.001151,0.428138
-0.695000,1.000500,0.146321,1,0.092160,0.092160,0.077361,0.016676,0.075637,0.001151,0.425885
-0.695000,1.044000,0.141832,1,0.096548,0.096548,0.071988,0.017306,0.068017,0.001151,0.423298
-0.695000,1.087500,0.136612,1,0.101108,0.101108,0.065426,0.018917,0.060517,0.001151,0.420383
-0.695000,1.131000,0.132725,1,0.105810,0.105810,0.059043,0.021508,0.053150,0.001151,0.417144
-0.695000,1.174500,0.128180,1,0.110628,0.110628,0.050988,0.021700,0.045932,0.001151,0.413588
-0.695000,1.218000,0.125801,1,0.115538,0.115538,0.043640,0.021475,0.038875,0.001151,0.409721
-0.695000,1.261500,0.125157,1,0.120522,0.120522,0.036838,0.022229,0.031993,0.001151,0.405551
-0.695000,1.305000,0.124476,1,0.125560,0.125560,0.027942,0.023958,0.025299,0.001151,0.401086
-0.695000,1.348500,0.125805,1,0.130638,0.130638,0.019505,0.026659,0.018805,0.001151,0.396334
-0.695000,1.392000,0.129149,1,0.135743,0.135743,0.012525,0.027898,0.012524,0.001151,0.391304
-0.695000,1.435500,0.142323,1,0.140861,0.140861,0.010509,0.027758,0.006467,0.001151,0.386005
-0.695000,1.479000,0.172533,1,0.145984,0.145984,0.013447,0.028585,0.000647,0.001151,0.380449
-0.695000,1.522500,0.218448,1,0.151100,0.151100,0.015337,0.030374,-0.004926,0.001151,0.374644
-0.695000,1.566000,0.281807,1,0.156202,0.156202,0.021163,0.033120,-0.010241,0.001151,0.368602
-0.695000,1.609500,0.362603,1,0.161281,0.161281,0.028607,0.035414,-0.015289,0.001151,0.362336
-0.695000,1.653000,0.460827,1,0.166331,0.166331,0.036687,0.035282,-0.020059,0.001151,0.355855
-0.695000,1.696500,0.576465,1,0.171345,0.171345,0.045052,0.036099,-0.024543,0.001151,0.349173
-0.695000,1.740000,0.709502,1,0.176316,0.176316,0.053557,0.037858,-0.028732,0.001151,0.342303
-0.660250,-1.740000,inf,0,inf,inf,inf,inf,0.000000,0.000000,0.000000
-0.660250,-1.696500,inf,0,inf,inf,inf,inf,0.000000,0.000000,0.000000
-0.660250,-1.653000,inf,0,inf,inf,inf,inf,0.000000,0.000000,0.000000
-0.660250,-1.609500,inf,0,inf,inf,inf,inf,0.000000,0.000000,0.000000
-0.660250,-1.566000,inf,0,inf,inf,inf,inf,0.000000,0.000000,0.000000
-0.660250,-1.522500,inf,0,inf,inf,inf,inf,0.000000,0.000000,0.000000
-0.660250,-1.479000,inf,0,inf,inf,inf,inf,0.000000,0.000000,0.000000
-0.660250,-1.435500,inf,0,inf,inf,inf,inf,0.000000,0.000000,0.000000
-0.660250,-1.392000,inf,0,inf,inf,inf,inf,0.000000,0.000000,0.000000
-0.660250,-1.348500,inf,0,inf,inf,inf,inf,0.000000,0.000000,0.000000
-0.660250,-1.305000,inf,0,inf,inf,inf,inf,0.000000,0.000000,0.000000
-0.660250,-1.261500,inf,0,inf,inf,inf,inf,0.000000,0.000000,0.000000
-0.660250,-1.218000,inf,0,inf,inf,inf,inf,0.000000,0.000000,0.000000
-0.660250,-1.174500,inf,0,inf,inf,inf,inf,0.000000,0.000000,0.000000
-0.660250,-1.131000,inf,0,inf,inf,inf,inf,0.000000,0.000000,0.000000
-0.660250,-1.087500,inf,0,inf,inf,inf,inf,0.000000,0.000000,0.000000
-0.660250,-1.044000,1.233748,1,0.213034,0.213034,0.250071,0.133997,0.309084,0.001151,0.229301
-0.660250,-1.000500,1.087098,1,0.208686,0.208686,0.243119,0.121161,0.309981,0.001151,0.237298
-0.660250,-0.957000,0.956694,1,0.204263,0.204263,0.236054,0.109122,0.310530,0.001151,0.245326
-0.660250,-0.913500,0.842604,1,0.199767,0.199767,0.228876,0.097886,0.310729,0.001151,0.253371
-0.660250,-0.870000,0.744894,1,0.195205,0.195205,0.221591,0.087460,0.310577,0.001151,0.261416
-0.660250,-0.826500,0.663630,1,0.190578,0.190578,0.214202,0.077849,0.310076,0.001151,0.269447
-0.660250,-0.783000,0.598876,1,0.185892,0.185892,0.206711,0.069060,0.309227,0.001151,0.277449
-0.660250,-0.739500,0.550695,1,0.181151,0.181151,0.199124,0.061099,0.308030,0.001151,0.285406
-0.660250,-0.696000,0.513872,1,0.176360,0.176360,0.191442,0.053972,0.306488,0.001151,0.293304
-0.660250,-0.652500,0.478366,1,0.171524,0.171524,0.183671,0.047684,0.304604,0.001151,0.301128
-0.660250,-0.609000,0.443988,1,0.166650,0.166650,0.175814,0.042240,0.302382,0.001151,0.308861
-0.660250,-0.565500,0.410795,1,0.161742,0.161742,0.167874,0.037648,0.299825,0.001151,0.316491
-0.660250,-0.522000,0.378841,1,0.156808,0.156808,0.159857,0.033910,0.296940,0.001151,0.324003
-0.660250,-0.478500,0.348178,1,0.151855,0.151855,0.151764,0.031033,0.293730,0.001151,0.331382
-0.660250,-0.435000,0.318858,1,0.146891,0.146891,0.143601,0.029021,0.290202,0.001151,0.338614
-0.660250,-0.391500,0.290929,1,0.141925,0.141925,0.135372,0.027878,0.286364,0.001151,0.345687
-0.660250,-0.348000,0.264437,1,0.136966,0.136966,0.127081,0.027610,0.282221,0.001151,0.352585
-0.660250,-0.304500,0.239426,1,0.132024,0.132024,0.118732,0.028219,0.277782,0.001151,0.359297
-0.660250,-0.261000,0.215937,1,0.127113,0.127113,0.110330,0.025028,0.273056,0.001151,0.365810
-0.660250,-0.217500,0.194008,1,0.122245,0.122245,0.101879,0.022676,0.268051,0.001151,0.372110
-0.660250,-0.174000,0.173677,1,0.117436,0.117436,0.093384,0.021225,0.262776,0.001151,0.378188
-0.660250,-0.130500,0.154977,1,0.112702,0.112702,0.084851,0.020677,0.257242,0.001151,0.384030
-0.660250,-0.087000,0.137938,1,0.108064,0.108064,0.076286,0.021037,0.251460,0.001151,0.389626
-0.660250,-0.043500,0.122589,1,0.103543,0.103543,0.067695,0.020812,0.245439,0.001151,0.394965
-0.660250,0.000000,0.108955,1,0.099164,0.099164,0.059088,0.018260,0.239193,0.001151,0.400037
-0.660250,0.043500,0.097057,1,0.094957,0.094957,0.050477,0.016634,0.232731,0.001151,0.404833
-0.660250,0.087000,0.086917,1,0.090953,0.090953,0.041880,0.015938,0.226067,0.001151,0.409343
-0.660250,0.130500,0.078549,1,0.087189,0.087189,0.033330,0.016175,0.219213,0.001151,0.413560
-0.660250,0.174000,0.071968,1,0.083704,0.083704,0.024902,0.017348,0.212182,0.001151,0.417474
-0.660250,0.217500,0.067183,1,0.080542,0.080542,0.016806,0.015815,0.204988,0.001151,0.421079
-0.660250,0.261000,0.064203,1,0.077748,0.077748,0.009928,0.014131,0.197644,0.001151,0.424367
-0.660250,0.304500,0.063031,1,0.075369,0.075369,0.008296,0.013398,0.190164,0.001151,0.427333
-0.660250,0.348000,0.063669,1,0.073450,0.073450,0.013902,0.013618,0.182562,0.001151,0.429971
-0.660250,0.391500,0.064613,1,0.072032,0.072032,0.017928,0.014793,0.174852,0.001151,0.432276
-0.660250,0.435000,0.066981,1,0.071147,0.071147,0.023772,0.015326,0.167049,0.001151,0.434244
-0.660250,0.478500,0.071338,1,0.070816,0.070816,0.031319,0.013673,0.159168,0.001151,0.435870
-0.660250,0.522000,0.077677,1,0.071049,0.071049,0.039596,0.012988,0.151224,0.001151,0.437152
-0.660250,0.565500,0.085986,1,0.071839,0.071839,0.048217,0.013270,0.143232,0.001151,0.438087
-0.660250,0.609000,0.094257,1,0.073167,0.073167,0.055238,0.014520,0.135207,0.001151,0.438674
-0.660250,0.652500,0.104442,1,0.075001,0.075001,0.062787,0.016723,0.127163,0.001151,0.438911
-0.660250,0.696000,0.115914,1,0.077303,0.077303,0.070250,0.015163,0.119117,0.001151,0.438799
-0.660250,0.739500,0.127602,1,0.080028,0.080028,0.076960,0.014578,0.111084,0.001151,0.438336
-0.660250,0.783000,0.138738,1,0.083130,0.083130,0.082636,0.014970,0.103078,0.001151,0.437525
-0.660250,0.826500,0.147576,1,0.086562,0.086562,0.086476,0.016336,0.095115,0.001151,0.436366
-0.660250,0.870000,0.151879,1,0.090280,0.090280,0.087451,0.018677,0.087210,0.001151,0.434862
-0.660250,0.913500,0.150487,1,0.094245,0.094245,0.084979,0.018453,0.079377,0.001151,0.433016
-0.660250,0.957000,0.145696,1,0.098420,0.098420,0.080181,0.017992,0.071633,0.001151,0.430831
-0.660250,1.000500,0.139390,1,0.102770,0.102770,0.073886,0.018508,0.063991,0.001151,0.428311
-0.660250,1.044000,0.133616,1,0.107268,0.107268,0.067206,0.019999,0.056465,0.001151,0.425461
-0.660250,1.087500,0.127591,1,0.111888,0.111888,0.059357,0.022462,0.049071,0.001151,0.422287
-0.660250,1.131000,0.123668,1,0.116606,0.116606,0.052102,0.023367,0.041822,0.001151,0.418794
-0.660250,1.174500,0.120611,1,0.121404,0.121404,0.044355,0.023017,0.034731,0.001151,0.414989
-0.660250,1.218000,0.118463,1,0.126263,0.126263,0.035857,0.023638,0.027813,0.001151,0.410880
-0.660250,1.261500,0.118269,1,0.131168,0.131168,0.027835,0.025227,0.021080,0.001151,0.406473
-0.660250,1.305000,0.120037,1,0.136104,0.136104,0.020868,0.027781,0.014545,0.001151,0.401778
-0.660250,1.348500,0.123772,1,0.141061,0.141061,0.016384,0.029703,0.008220,0.001151,0.396803
-0.660250,1.392000,0.127923,1,0.146027,0.146027,0.010904,0.029418,0.002117,0.001151,0.391558
-0.660250,1.435500,0.141061,1,0.150992,0.150992,0.007938,0.030092,-0.003751,0.001151,0.386052
-0.660250,1.479000,0.171601,1,0.155948,0.155948,0.012701,0.031721,-0.009375,0.001151,0.380297
-0.660250,1.522500,0.219540,1,0.160885,0.160885,0.020338,0.034301,-0.014743,0.001151,0.374302
-0.660250,1.566000,0.284868,1,0.165798,0.165798,0.028626,0.037249,-0.019845,0.001151,0.368080
-0.660250,1.609500,0.367576,1,0.170679,0.170679,0.037123,0.036952,-0.024672,0.001151,0.361641
-0.660250,1.653000,0.467649,1,0.175522,0.175522,0.045699,0.037597,-0.029214,0.001151,0.354999
-0.660250,1.696500,0.585071,1,0.180321,0.180321,0.054306,0.039178,-0.033463,0.001151,0.348165
-0.660250,1.740000,0.719823,1,0.185071,0.185071,0.062917,0.041689,-0.037411,0.001151,0.341154
-0.625500,-1.740000,inf,0,inf,inf,inf,inf,0.000000,0.000000,0.000000
-0.625500,-1.696500,inf,0,inf,inf,inf,inf,0.000000,0.000000,0.000000
-0.625500,-1.653000,inf,0,inf,inf,inf,inf,0.000000,0.000000,0.000000
-0.625500,-1.609500,inf,0,inf,inf,inf,inf,0.000000,0.000000,0.000000
-0.625500,-1.566000,inf,0,inf,inf,inf,inf,0.000000,0.000000,0.000000
-0.625500,-1.522500,inf,0,inf,inf,inf,inf,0.000000,0.000000,0.000000
-0.625500,-1.479000,inf,0,inf,inf,inf,inf,0.000000,0.000000,0.000000
-0.625500,-1.435500,inf,0,inf,inf,inf,inf,0.000000,0.000000,0.000000
-0.625500,-1.392000,inf,0,inf,inf,inf,inf,0.000000,0.000000,0.000000
-0.625500,-1.348500,inf,0,inf,inf,inf,inf,0.000000,0.000000,0.000000
-0.625500,-1.305000,inf,0,inf,inf,inf,inf,0.000000,0.000000,0.000000
-0.625500,-1.261500,inf,0,inf,inf,inf,inf,0.000000,0.000000,0.000000
-0.625500,-1.218000,inf,0,inf,inf,inf,inf,0.000000,0.000000,0.000000
-0.625500,-1.174500,inf,0,inf,inf,inf,inf,0.000000,0.000000,0.000000
-0.625500,-1.131000,inf,0,inf,inf,inf,inf,0.000000,0.000000,0.000000
-0.625500,-1.087500,1.228764,1,0.206790,0.206790,0.244410,0.133182,0.303161,0.001151,0.231968
-0.625500,-1.044000,1.079849,1,0.202447,0.202447,0.237506,0.120295,0.304128,0.001151,0.239957
-0.625500,-1.000500,0.947195,1,0.198035,0.198035,0.230490,0.108206,0.304746,0.001151,0.247980
-0.625500,-0.957000,0.830866,1,0.193558,0.193558,0.223364,0.096922,0.305015,0.001151,0.256022
-0.625500,-0.913500,0.730928,1,0.189022,0.189022,0.216133,0.086447,0.304935,0.001151,0.264069
-0.625500,-0.870000,0.647443,1,0.184429,0.184429,0.208800,0.076789,0.304504,0.001151,0.272104
-0.625500,-0.826500,0.580474,1,0.179785,0.179785,0.201368,0.067953,0.303724,0.001151,0.280113
-0.625500,-0.783000,0.530082,1,0.175096,0.175096,0.193841,0.059944,0.302597,0.001151,0.288081
-0.625500,-0.739500,0.493316,1,0.170365,0.170365,0.186222,0.052770,0.301124,0.001151,0.295992
-0.625500,-0.696000,0.458743,1,0.165600,0.165600,0.178515,0.046434,0.299309,0.001151,0.303831
-0.625500,-0.652500,0.425296,1,0.160806,0.160806,0.170724,0.040943,0.297155,0.001151,0.311584
-0.625500,-0.609000,0.393028,1,0.155990,0.155990,0.162852,0.036301,0.294665,0.001151,0.319236
-0.625500,-0.565500,0.361993,1,0.151161,0.151161,0.154903,0.032514,0.291845,0.001151,0.326773
-0.625500,-0.522000,0.332240,1,0.146325,0.146325,0.146882,0.029585,0.288700,0.001151,0.334180
-0.625500,-0.478500,0.303819,1,0.141493,0.141493,0.138790,0.027521,0.285236,0.001151,0.341443
-0.625500,-0.435000,0.276775,1,0.136673,0.136673,0.130634,0.026325,0.281459,0.001151,0.348548
-0.625500,-0.391500,0.251154,1,0.131878,0.131878,0.122416,0.026001,0.277377,0.001151,0.355483
-0.625500,-0.348000,0.226996,1,0.127118,0.127118,0.114140,0.026554,0.272997,0.001151,0.362233
-0.625500,-0.304500,0.204341,1,0.122409,0.122409,0.105810,0.024164,0.268328,0.001151,0.368787
-0.625500,-0.261000,0.183225,1,0.117766,0.117766,0.097431,0.021765,0.263378,0.001151,0.375131
-0.625500,-0.217500,0.163685,1,0.113205,0.113205,0.089006,0.020264,0.258157,0.001151,0.381254
-0.625500,-0.174000,0.145750,1,0.108747,0.108747,0.080540,0.019664,0.252674,0.001151,0.387145
-0.625500,-0.130500,0.129450,1,0.104414,0.104414,0.072037,0.019969,0.246941,0.001151,0.392791
-0.625500,-0.087000,0.114811,1,0.100230,0.100230,0.063501,0.020537,0.240968,0.001151,0.398182
-0.625500,-0.043500,0.101857,1,0.096224,0.096224,0.054937,0.017938,0.234765,0.001151,0.403309
-0.625500,0.000000,0.090609,1,0.092426,0.092426,0.046350,0.016262,0.228346,0.001151,0.408161
-0.625500,0.043500,0.081083,1,0.088871,0.088871,0.037747,0.015513,0.221722,0.001151,0.412730
-0.625500,0.087000,0.073296,1,0.085597,0.085597,0.029135,0.015692,0.214905,0.001151,0.417006
-0.625500,0.130500,0.067260,1,0.082643,0.082643,0.020532,0.016803,0.207909,0.001151,0.420982
-0.625500,0.174000,0.062982,1,0.080050,0.080050,0.011989,0.016061,0.200746,0.001151,0.424649
-0.625500,0.217500,0.060469,1,0.077861,0.077861,0.003990,0.014321,0.193431,0.001151,0.428002
-0.625500,0.261000,0.059725,1,0.076113,0.076113,0.006192,0.013529,0.185977,0.001151,0.431033
-0.625500,0.304500,0.060749,1,0.074841,0.074841,0.014524,0.013685,0.178398,0.001151,0.433738
-0.625500,0.348000,0.063539,1,0.074073,0.074073,0.023096,0.014791,0.170709,0.001151,0.436110
-0.625500,0.391500,0.066744,1,0.073825,0.073825,0.029508,0.016095,0.162924,0.001151,0.438146
-0.625500,0.435000,0.071465,1,0.074104,0.074104,0.036511,0.014378,0.155058,0.001151,0.439841
-0.625500,0.478500,0.078119,1,0.074902,0.074902,0.044292,0.013623,0.147125,0.001151,0.441192
-0.625500,0.522000,0.086693,1,0.076202,0.076202,0.052497,0.013830,0.139141,0.001151,0.442197
-0.625500,0.565500,0.097021,1,0.077977,0.077977,0.060819,0.015000,0.131121,0.001151,0.442855
-0.625500,0.609000,0.107483,1,0.080191,0.080191,0.068034,0.017132,0.123080,0.001151,0.443162
-0.625500,0.652500,0.119997,1,0.082806,0.082806,0.075743,0.016314,0.115034,0.001151,0.443120
-0.625500,0.696000,0.132543,1,0.085780,0.085780,0.082596,0.015647,0.106996,0.001151,0.442728
-0.625500,0.739500,0.144804,1,0.089072,0.089072,0.088614,0.015949,0.098984,0.001151,0.441987
-0.625500,0.783000,0.153618,1,0.092642,0.092642,0.092260,0.017221,0.091011,0.001151,0.440898
-0.625500,0.826500,0.155643,1,0.096453,0.096453,0.092012,0.019460,0.083093,0.001151,0.439463
-0.625500,0.870000,0.150987,1,0.100470,0.100470,0.087901,0.019968,0.075245,0.001151,0.437685
-0.625500,0.913500,0.143510,1,0.104663,0.104663,0.081725,0.019407,0.067482,0.001151,0.435568
-0.625500,0.957000,0.135820,1,0.109005,0.109005,0.074728,0.019817,0.059818,0.001151,0.433115
-0.625500,1.000500,0.128476,1,0.113469,0.113469,0.067073,0.021196,0.052268,0.001151,0.430331
-0.625500,1.044000,0.123066,1,0.118035,0.118035,0.059845,0.023541,0.044846,0.001151,0.427222
-0.625500,1.087500,0.117711,1,0.122683,0.122683,0.051424,0.025149,0.037566,0.001151,0.423793
-0.625500,1.131000,0.114246,1,0.127395,0.127395,0.043261,0.024681,0.030443,0.001151,0.420050
-0.625500,1.174500,0.112682,1,0.132157,0.132157,0.035555,0.025178,0.023489,0.001151,0.416001
-0.625500,1.218000,0.113029,1,0.136954,0.136954,0.028694,0.026636,0.016717,0.001151,0.411654
-0.625500,1.261500,0.114627,1,0.141775,0.141775,0.021989,0.029052,0.010141,0.001151,0.407016
-0.625500,1.305000,0.116831,1,0.146608,0.146608,0.013428,0.031649,0.003773,0.001151,0.402097
-0.625500,1.348500,0.120770,1,0.151443,0.151443,0.005198,0.031226,-0.002375,0.001151,0.396905
-0.625500,1.392000,0.126446,1,0.156272,0.156272,0.004894,0.031757,-0.008291,0.001151,0.391451
-0.625500,1.435500,0.141668,1,0.161087,0.161087,0.013081,0.033236,-0.013965,0.001151,0.385745
-0.625500,1.479000,0.174243,1,0.165879,0.165879,0.021638,0.035658,-0.019385,0.001151,0.379797
-0.625500,1.522500,0.224161,1,0.170643,0.170643,0.030244,0.039019,-0.024542,0.001151,0.373620
-0.625500,1.566000,0.291413,1,0.175371,0.175371,0.038855,0.038798,-0.029425,0.001151,0.367224
-0.625500,1.609500,0.375982,1,0.180058,0.180058,0.047457,0.039279,-0.034025,0.001151,0.360621
-0.625500,1.653000,0.477853,1,0.184699,0.184699,0.056041,0.040691,-0.038334,0.001151,0.353825
-0.625500,1.696500,0.597005,1,0.189289,0.189289,0.064602,0.043026,-0.042343,0.001151,0.346848
-0.625500,1.740000,0.733415,1,0.193822,0.193822,0.073134,0.046280,-0.046045,0.001151,0.339703
-0.590750,-1.740000,inf,0,inf,inf,inf,inf,0.000000,0.000000,0.000000
-0.590750,-1.696500,inf,0,inf,inf,inf,inf,0.000000,0.000000,0.000000
-0.590750,-1.653000,inf,0,inf,inf,inf,inf,0.000000,0.000000,0.000000
-0.590750,-1.609500,inf,0,inf,inf,inf,inf,0.000000,0.000000,0.000000
-0.590750,-1.566000,inf,0,inf,inf,inf,inf,0.000000,0.000000,0.000000
-0.590750,-1.522500,inf,0,inf,inf,inf,inf,0.000000,0.000000,0.000000
-0.590750,-1.479000,inf,0,inf,inf,inf,inf,0.000000,0.000000,0.000000
-0.590750,-1.435500,inf,0,inf,inf,inf,inf,0.000000,0.000000,0.000000
-0.590750,-1.392000,inf,0,inf,inf,inf,inf,0.000000,0.000000,0.000000
-0.590750,-1.348500,inf,0,inf,inf,inf,inf,0.000000,0.000000,0.000000
-0.590750,-1.305000,inf,0,inf,inf,inf,inf,0.000000,0.000000,0.000000
-0.590750,-1.261500,inf,0,inf,inf,inf,inf,0.000000,0.000000,0.000000
-0.590750,-1.218000,inf,0,inf,inf,inf,inf,0.000000,0.000000,0.000000
-0.590750,-1.174500,inf,0,inf,inf,inf,inf,0.000000,0.000000,0.000000
-0.590750,-1.131000,1.225252,1,0.200573,0.200573,0.238707,0.132441,0.297078,0.001151,0.234437
-0.590750,-1.087500,1.074039,1,0.196222,0.196222,0.231845,0.119501,0.298115,0.001151,0.242417
-0.590750,-1.044000,0.939103,1,0.191810,0.191810,0.224874,0.107360,0.298804,0.001151,0.250434
-0.590750,-1.000500,0.820508,1,0.187341,0.187341,0.217796,0.096024,0.299143,0.001151,0.258474
-0.590750,-0.957000,0.718315,1,0.182819,0.182819,0.210615,0.085499,0.299133,0.001151,0.266520
-0.590750,-0.913500,0.632588,1,0.178249,0.178249,0.203335,0.075792,0.298772,0.001151,0.274559
-0.590750,-0.870000,0.563384,1,0.173638,0.173638,0.195958,0.066907,0.298063,0.001151,0.282575
-0.590750,-0.826500,0.510764,1,0.168989,0.168989,0.188489,0.058850,0.297005,0.001151,0.290552
-0.590750,-0.783000,0.473409,1,0.164310,0.164310,0.180930,0.051627,0.295602,0.001151,0.298475
-0.590750,-0.739500,0.439758,1,0.159606,0.159606,0.173286,0.045243,0.293855,0.001151,0.306330
-0.590750,-0.696000,0.407233,1,0.154885,0.154885,0.165561,0.039703,0.291769,0.001151,0.314102
-0.590750,-0.652500,0.375885,1,0.150155,0.150155,0.157757,0.035012,0.289346,0.001151,0.321776
-0.590750,-0.609000,0.345766,1,0.145424,0.145424,0.149878,0.031175,0.286592,0.001151,0.329337
-0.590750,-0.565500,0.316924,1,0.140702,0.140702,0.141929,0.028196,0.283512,0.001151,0.336771
-0.590750,-0.522000,0.289405,1,0.135998,0.135998,0.133913,0.026081,0.280112,0.001151,0.344064
-0.590750,-0.478500,0.263253,1,0.131324,0.131324,0.125833,0.024832,0.276397,0.001151,0.351202
-0.590750,-0.435000,0.238511,1,0.126693,0.126693,0.117694,0.024454,0.272376,0.001151,0.358172
-0.590750,-0.391500,0.215219,1,0.122119,0.122119,0.109500,0.024951,0.268055,0.001151,0.364960
-0.590750,-0.348000,0.193413,1,0.117617,0.117617,0.101255,0.023345,0.263443,0.001151,0.371555
-0.590750,-0.304500,0.173129,1,0.113206,0.113206,0.092961,0.020901,0.258549,0.001151,0.377942
-0.590750,-0.261000,0.154399,1,0.108905,0.108905,0.084625,0.019352,0.253382,0.001151,0.384111
-0.590750,-0.217500,0.137253,1,0.104736,0.104736,0.076249,0.018703,0.247951,0.001151,0.390049
-0.590750,-0.174000,0.121718,1,0.100724,0.100724,0.067838,0.018955,0.242268,0.001151,0.395745
-0.590750,-0.130500,0.107819,1,0.096897,0.096897,0.059396,0.020112,0.236342,0.001151,0.401189
-0.590750,-0.087000,0.095576,1,0.093285,0.093285,0.050928,0.017657,0.230184,0.001151,0.406370
-0.590750,-0.043500,0.085011,1,0.089922,0.089922,0.042439,0.015934,0.223808,0.001151,0.411278
-0.590750,0.000000,0.076137,1,0.086842,0.086842,0.033936,0.015135,0.217224,0.001151,0.415904
-0.590750,0.043500,0.068970,1,0.084083,0.084083,0.025428,0.015261,0.210445,0.001151,0.420240
-0.590750,0.087000,0.063519,1,0.081683,0.081683,0.016937,0.016315,0.203484,0.001151,0.424276
-0.590750,0.130500,0.059791,1,0.079680,0.079680,0.008552,0.016348,0.196354,0.001151,0.428006
-0.590750,0.174000,0.057792,1,0.078107,0.078107,0.002410,0.014558,0.189068,0.001151,0.431423
-0.590750,0.217500,0.057523,1,0.076995,0.076995,0.009221,0.013710,0.181641,0.001151,0.434519
-0.590750,0.261000,0.058983,1,0.076365,0.076365,0.017624,0.013807,0.174086,0.001151,0.437290
-0.590750,0.304500,0.062168,1,0.076231,0.076231,0.026118,0.014850,0.166418,0.001151,0.439729
-0.590750,0.348000,0.067071,1,0.076595,0.076595,0.034626,0.016839,0.158651,0.001151,0.441833
-0.590750,0.391500,0.072738,1,0.077450,0.077450,0.042019,0.015136,0.150800,0.001151,0.443597
-0.590750,0.435000,0.079768,1,0.078778,0.078778,0.049418,0.014318,0.142879,0.001151,0.445018
-0.590750,0.478500,0.088669,1,0.080553,0.080553,0.057265,0.014456,0.134904,0.001151,0.446093
-0.590750,0.522000,0.099426,1,0.082744,0.082744,0.065388,0.015552,0.126890,0.001151,0.446820
-0.590750,0.565500,0.111749,1,0.085314,0.085314,0.073499,0.017606,0.118852,0.001151,0.447198
-0.590750,0.609000,0.124555,1,0.088226,0.088226,0.080937,0.017533,0.110806,0.001151,0.447226
-0.590750,0.652500,0.138665,1,0.091442,0.091442,0.088338,0.016789,0.102765,0.001151,0.446905
-0.590750,0.696000,0.151935,1,0.094924,0.094924,0.094586,0.017010,0.094746,0.001151,0.446234
-0.590750,0.739500,0.159927,1,0.098639,0.098639,0.097650,0.018194,0.086764,0.001151,0.445214
-0.590750,0.783000,0.157328,1,0.102555,0.102555,0.095077,0.020340,0.078834,0.001151,0.443849
-0.590750,0.826500,0.148625,1,0.106643,0.106643,0.088926,0.021569,0.070971,0.001151,0.442140
-0.590750,0.870000,0.139024,1,0.110876,0.110876,0.081613,0.020916,0.063189,0.001151,0.440091
-0.590750,0.913500,0.130510,1,0.115230,0.115230,0.074140,0.021229,0.055504,0.001151,0.437705
-0.590750,0.957000,0.122629,1,0.119686,0.119686,0.066116,0.022504,0.047930,0.001151,0.434987
-0.590750,1.000500,0.116151,1,0.124223,0.124223,0.057974,0.024738,0.040481,0.001151,0.431943
-0.590750,1.044000,0.111509,1,0.128825,0.128825,0.050097,0.027040,0.033172,0.001151,0.428578
-0.590750,1.087500,0.108718,1,0.133478,0.133478,0.042649,0.026462,0.026016,0.001151,0.424897
-0.590750,1.131000,0.107404,1,0.138167,0.138167,0.035379,0.026843,0.019027,0.001151,0.420910
-0.590750,1.174500,0.106707,1,0.142881,0.142881,0.026871,0.028179,0.012218,0.001151,0.416622
-0.590750,1.218000,0.107700,1,0.147608,0.147608,0.018374,0.030467,0.005601,0.001151,0.412041
-0.590750,1.261500,0.110387,1,0.152340,0.152340,0.009954,0.033701,-0.000809,0.001151,0.407178
-0.590750,1.305000,0.114770,1,0.157067,0.157067,0.002628,0.033177,-0.007003,0.001151,0.402040
-0.590750,1.348500,0.120848,1,0.161781,0.161781,0.007828,0.033572,-0.012967,0.001151,0.396638
-0.590750,1.392000,0.128617,1,0.166474,0.166474,0.016188,0.034910,-0.018690,0.001151,0.390982
-0.590750,1.435500,0.145883,1,0.171140,0.171140,0.024676,0.037184,-0.024162,0.001151,0.385082
-0.590750,1.479000,0.180449,1,0.175772,0.175772,0.033184,0.040391,-0.029373,0.001151,0.378950
-0.590750,1.522500,0.232302,1,0.180365,0.180365,0.041688,0.040812,-0.034311,0.001151,0.372597
-0.590750,1.566000,0.301428,1,0.184913,0.184913,0.050178,0.041139,-0.038969,0.001151,0.366035
-0.590750,1.609500,0.387808,1,0.189411,0.189411,0.058648,0.042390,-0.043337,0.001151,0.359277
-0.590750,1.653000,0.491423,1,0.193854,0.193854,0.067092,0.044559,-0.047407,0.001151,0.352335
-0.590750,1.696500,0.612248,1,0.198239,0.198239,0.075506,0.047639,-0.051171,0.001151,0.345223
-0.590750,1.740000,0.750257,1,0.202560,0.202560,0.083885,0.049129,-0.054623,0.001151,0.337954
-0.556000,-1.740000,inf,0,inf,inf,inf,inf,0.000000,0.000000,0.000000
-0.556000,-1.696500,inf,0,inf,inf,inf,inf,0.000000,0.000000,0.000000
-0.556000,-1.653000,inf,0,inf,inf,inf,inf,0.000000,0.000000,0.000000
-0.556000,-1.609500,inf,0,inf,inf,inf,inf,0.000000,0.000000,0.000000
-0.556000,-1.566000,inf,0,inf,inf,inf,inf,0.000000,0.000000,0.000000
-0.556000,-1.522500,inf,0,inf,inf,inf,inf,0.000000,0.000000,0.000000
-0.556000,-1.479000,inf,0,inf,inf,inf,inf,0.000000,0.000000,0.000000
-0.556000,-1.435500,inf,0,inf,inf,inf,inf,0.000000,0.000000,0.000000
-0.556000,-1.392000,inf,0,inf,inf,inf,inf,0.000000,0.000000,0.000000
-0.556000,-1.348500,inf,0,inf,inf,inf,inf,0.000000,0.000000,0.000000
-0.556000,-1.305000,inf,0,inf,inf,inf,inf,0.000000,0.000000,0.000000
-0.556000,-1.261500,inf,0,inf,inf,inf,inf,0.000000,0.000000,0.000000
-0.556000,-1.218000,inf,0,inf,inf,inf,inf,0.000000,0.000000,0.000000
-0.556000,-1.174500,1.223274,1,0.194400,0.194400,0.232972,0.131780,0.290843,0.001151,0.236702
-0.556000,-1.131000,1.069727,1,0.190029,0.190029,0.226147,0.118783,0.291950,0.001151,0.244672
-0.556000,-1.087500,0.932477,1,0.185604,0.185604,0.219215,0.106587,0.292709,0.001151,0.252683
-0.556000,-1.044000,0.811584,1,0.181129,0.181129,0.212179,0.095198,0.293119,0.001151,0.260720
-0.556000,-1.000500,0.707110,1,0.176609,0.176609,0.205044,0.084621,0.293179,0.001151,0.268766
-0.556000,-0.957000,0.619114,1,0.172051,0.172051,0.197812,0.074862,0.292889,0.001151,0.276808
-0.556000,-0.913500,0.547653,1,0.167460,0.167460,0.190487,0.065927,0.292249,0.001151,0.284829
-0.556000,-0.870000,0.492785,1,0.162841,0.162841,0.183072,0.057820,0.291262,0.001151,0.292815
-0.556000,-0.826500,0.454193,1,0.158202,0.158202,0.175571,0.050547,0.289928,0.001151,0.300751
-0.556000,-0.783000,0.421449,1,0.153551,0.153551,0.167988,0.044114,0.288250,0.001151,0.308621
-0.556000,-0.739500,0.389835,1,0.148894,0.148894,0.160326,0.038524,0.286231,0.001151,0.316410
-0.556000,-0.696000,0.359399,1,0.144242,0.144242,0.152590,0.033784,0.283876,0.001151,0.324105
-0.556000,-0.652500,0.330191,1,0.139603,0.139603,0.144782,0.029897,0.281188,0.001151,0.331690
-0.556000,-0.609000,0.302256,1,0.134988,0.134988,0.136906,0.026868,0.278173,0.001151,0.339150
-0.556000,-0.565500,0.275639,1,0.130409,0.130409,0.128968,0.024701,0.274837,0.001151,0.346473
-0.556000,-0.522000,0.250383,1,0.125879,0.125879,0.120970,0.023400,0.271185,0.001151,0.353643
-0.556000,-0.478500,0.226527,1,0.121413,0.121413,0.112916,0.022969,0.267225,0.001151,0.360648
-0.556000,-0.435000,0.204109,1,0.117026,0.117026,0.104812,0.023411,0.262964,0.001151,0.367474
-0.556000,-0.391500,0.183164,1,0.112737,0.112737,0.096661,0.022572,0.258410,0.001151,0.374109
-0.556000,-0.348000,0.163726,1,0.108566,0.108566,0.088469,0.020084,0.253572,0.001151,0.380539
-0.556000,-0.304500,0.145825,1,0.104535,0.104535,0.080240,0.018490,0.248459,0.001151,0.386752
-0.556000,-0.261000,0.129488,1,0.100670,0.100670,0.071980,0.017792,0.243080,0.001151,0.392738
-0.556000,-0.217500,0.114741,1,0.096998,0.096998,0.063695,0.017995,0.237447,0.001151,0.398483
-0.556000,-0.174000,0.101607,1,0.093549,0.093549,0.055394,0.019100,0.231568,0.001151,0.403979
-0.556000,-0.130500,0.090105,1,0.090355,0.090355,0.047088,0.017417,0.225457,0.001151,0.409213
-0.556000,-0.087000,0.080253,1,0.087450,0.087450,0.038795,0.015650,0.219123,0.001151,0.414177
-0.556000,-0.043500,0.072066,1,0.084871,0.084871,0.030547,0.014804,0.212580,0.001151,0.418861
-0.556000,0.000000,0.065554,1,0.082653,0.082653,0.022418,0.014880,0.205839,0.001151,0.423255
-0.556000,0.043500,0.060727,1,0.080829,0.080829,0.014636,0.015881,0.198914,0.001151,0.427353
-0.556000,0.087000,0.057591,1,0.079431,0.079431,0.008283,0.016674,0.191817,0.001151,0.431145
-0.556000,0.130500,0.056148,1,0.078484,0.078484,0.008125,0.014838,0.184561,0.001151,0.434625
-0.556000,0.174000,0.056400,1,0.078006,0.078006,0.014369,0.013940,0.177161,0.001151,0.437787
-0.556000,0.217500,0.058344,1,0.078007,0.078007,0.022128,0.013983,0.169631,0.001151,0.440623
-0.556000,0.261000,0.061974,1,0.078487,0.078487,0.030250,0.014968,0.161984,0.001151,0.443130
-0.556000,0.304500,0.067282,1,0.079436,0.079436,0.038496,0.016894,0.154236,0.001151,0.445301
-0.556000,0.348000,0.074257,1,0.080836,0.080836,0.046788,0.015945,0.146401,0.001151,0.447134
-0.556000,0.391500,0.082583,1,0.082661,0.082661,0.054818,0.015069,0.138493,0.001151,0.448624
-0.556000,0.435000,0.091873,1,0.084881,0.084881,0.062378,0.015144,0.130528,0.001151,0.449769
-0.556000,0.478500,0.102971,1,0.087461,0.087461,0.070226,0.016173,0.122521,0.001151,0.450566
-0.556000,0.522000,0.115856,1,0.090367,0.090367,0.078262,0.018154,0.114486,0.001151,0.451015
-0.556000,0.565500,0.130358,1,0.093562,0.093562,0.086335,0.018815,0.106440,0.001151,0.451113
-0.556000,0.609000,0.145447,1,0.097013,0.097013,0.093891,0.018002,0.098397,0.001151,0.450862
-0.556000,0.652500,0.160076,1,0.100686,0.100686,0.100525,0.018148,0.090373,0.001151,0.450261
-0.556000,0.696000,0.163962,1,0.104552,0.104552,0.101466,0.019252,0.082382,0.001151,0.449311
-0.556000,0.739500,0.154410,1,0.108583,0.108583,0.095478,0.021311,0.074440,0.001151,0.448016
-0.556000,0.783000,0.142949,1,0.112754,0.112754,0.087866,0.023250,0.066562,0.001151,0.446375
-0.556000,0.826500,0.132382,1,0.117044,0.117044,0.079932,0.022513,0.058763,0.001151,0.444394
-0.556000,0.870000,0.123135,1,0.121431,0.121431,0.071866,0.022736,0.051057,0.001151,0.442076
-0.556000,0.913500,0.115657,1,0.125898,0.125898,0.063973,0.023914,0.043460,0.001151,0.439425
-0.556000,0.957000,0.109966,1,0.130428,0.130428,0.056343,0.026047,0.035985,0.001151,0.436446
-0.556000,1.000500,0.105473,1,0.135007,0.135007,0.048496,0.029032,0.028646,0.001151,0.433144
-0.556000,1.044000,0.102088,1,0.139622,0.139622,0.040199,0.028353,0.021458,0.001151,0.429527
-0.556000,1.087500,0.100343,1,0.144261,0.144261,0.031940,0.028627,0.014435,0.001151,0.425600
-0.556000,1.131000,0.100246,1,0.148914,0.148914,0.023782,0.029849,0.007588,0.001151,0.421372
-0.556000,1.174500,0.101804,1,0.153570,0.153570,0.015908,0.032016,0.000932,0.001151,0.416850
-0.556000,1.218000,0.105019,1,0.158221,0.158221,0.009123,0.035124,-0.005521,0.001151,0.412043
-0.556000,1.261500,0.109893,1,0.162860,0.162860,0.007509,0.035263,-0.011759,0.001151,0.406960
-0.556000,1.305000,0.116423,1,0.167479,0.167479,0.013137,0.035532,-0.017770,0.001151,0.401610
-0.556000,1.348500,0.124603,1,0.172070,0.172070,0.020775,0.036737,-0.023543,0.001151,0.396004
-0.556000,1.392000,0.134427,1,0.176628,0.176628,0.028861,0.038872,-0.029066,0.001151,0.390152
-0.556000,1.435500,0.153695,1,0.181147,0.181147,0.037093,0.041933,-0.034330,0.001151,0.384066
-0.556000,1.479000,0.190208,1,0.185622,0.185622,0.045380,0.042988,-0.039324,0.001151,0.377756
-0.556000,1.522500,0.243948,1,0.190047,0.190047,0.053685,0.043171,-0.044039,0.001151,0.371235
-0.556000,1.566000,0.314898,1,0.194418,0.194418,0.061988,0.044270,-0.048466,0.001151,0.364516
-0.556000,1.609500,0.403036,1,0.198731,0.198731,0.070277,0.046280,-0.052597,0.001151,0.357610
-0.556000,1.653000,0.508338,1,0.202980,0.202980,0.078543,0.049196,-0.056423,0.001151,0.350531
-0.556000,1.696500,0.630777,1,0.207163,0.207163,0.086779,0.051291,-0.059938,0.001151,0.343292
-0.556000,1.740000,0.770325,1,0.211276,0.211276,0.094979,0.051280,-0.063135,0.001151,0.335908
-0.521250,-1.740000,inf,0,inf,inf,inf,inf,0.000000,0.000000,0.000000
-0.521250,-1.696500,inf,0,inf,inf,inf,inf,0.000000,0.000000,0.000000
-0.521250,-1.653000,inf,0,inf,inf,inf,inf,0.000000,0.000000,0.000000
-0.521250,-1.609500,inf,0,inf,inf,inf,inf,0.000000,0.000000,0.000000
-0.521250,-1.566000,inf,0,inf,inf,inf,inf,0.000000,0.000000,0.000000
-0.521250,-1.522500,inf,0,inf,inf,inf,inf,0.000000,0.000000,0.000000
-0.521250,-1.479000,inf,0,inf,inf,inf,inf,0.000000,0.000000,0.000000
-0.521250,-1.435500,inf,0,inf,inf,inf,inf,0.000000,0.000000,0.000000
-0.521250,-1.392000,inf,0,inf,inf,inf,inf,0.000000,0.000000,0.000000
-0.521250,-1.348500,inf,0,inf,inf,inf,inf,0.000000,0.000000,0.000000
-0.521250,-1.305000,inf,0,inf,inf,inf,inf,0.000000,0.000000,0.000000
-0.521250,-1.261500,inf,0,inf,inf,inf,inf,0.000000,0.000000,0.000000
-0.521250,-1.218000,1.222894,1,0.188294,0.188294,0.227214,0.131205,0.284464,0.001151,0.238759
-0.521250,-1.174500,1.066976,1,0.183888,0.183888,0.220419,0.118149,0.285640,0.001151,0.246719
-0.521250,-1.131000,0.927375,1,0.179435,0.179435,0.213520,0.105895,0.286469,0.001151,0.254723
-0.521250,-1.087500,0.804152,1,0.174940,0.174940,0.206522,0.094449,0.286949,0.001151,0.262756
-0.521250,-1.044000,0.697365,1,0.170409,0.170409,0.199427,0.083817,0.287080,0.001151,0.270802
-0.521250,-1.000500,0.607072,1,0.165848,0.165848,0.192238,0.074005,0.286860,0.001151,0.278845
-0.521250,-0.957000,0.533329,1,0.161264,0.161264,0.184960,0.065016,0.286291,0.001151,0.286872
-0.521250,-0.913500,0.476191,1,0.156663,0.156663,0.177596,0.056858,0.285373,0.001151,0.294866
-0.521250,-0.870000,0.435708,1,0.152053,0.152053,0.170149,0.049534,0.284109,0.001151,0.302813
-0.521250,-0.826500,0.403855,1,0.147442,0.147442,0.162624,0.043050,0.282500,0.001151,0.310698
-0.521250,-0.783000,0.373137,1,0.142840,0.142840,0.155024,0.037410,0.280550,0.001151,0.318505
-0.521250,-0.739500,0.343601,1,0.138255,0.138255,0.147353,0.032619,0.278262,0.001151,0.326219
-0.521250,-0.696000,0.315295,1,0.133700,0.133700,0.139615,0.028682,0.275641,0.001151,0.333827
-0.521250,-0.652500,0.288262,1,0.129187,0.129187,0.131814,0.025602,0.272691,0.001151,0.341314
-0.521250,-0.609000,0.262545,1,0.124728,0.124728,0.123955,0.023384,0.269419,0.001151,0.348666
-0.521250,-0.565500,0.238184,1,0.120339,0.120339,0.116042,0.022031,0.265830,0.001151,0.355868
-0.521250,-0.522000,0.215217,1,0.116037,0.116037,0.108080,0.021547,0.261931,0.001151,0.362907
-0.521250,-0.478500,0.193680,1,0.111840,0.111840,0.100074,0.021936,0.257730,0.001151,0.369770
-0.521250,-0.435000,0.173605,1,0.107769,0.107769,0.092030,0.021847,0.253234,0.001151,0.376444
-0.521250,-0.391500,0.155025,1,0.103847,0.103847,0.083953,0.019316,0.248453,0.001151,0.382916
-0.521250,-0.348000,0.137966,1,0.100099,0.100099,0.075853,0.017677,0.243394,0.001151,0.389174
-0.521250,-0.304500,0.122456,1,0.096553,0.096553,0.067737,0.016934,0.238068,0.001151,0.395207
-0.521250,-0.261000,0.108518,1,0.093240,0.093240,0.059618,0.017088,0.232485,0.001151,0.401001
-0.521250,-0.217500,0.096172,1,0.090190,0.090190,0.051514,0.018143,0.226655,0.001151,0.406548
-0.521250,-0.174000,0.085437,1,0.087439,0.087439,0.043454,0.017216,0.220590,0.001151,0.411836
-0.521250,-0.130500,0.076327,1,0.085020,0.085020,0.035485,0.015409,0.214300,0.001151,0.416855
-0.521250,-0.087000,0.068856,1,0.082967,0.082967,0.027711,0.014519,0.207798,0.001151,0.421596
-0.521250,-0.043500,0.063034,1,0.081313,0.081313,0.020377,0.014548,0.201096,0.001151,0.426049
-0.521250,0.000000,0.058867,1,0.080084,0.080084,0.014207,0.015500,0.194206,0.001151,0.430207
-0.521250,0.043500,0.056360,1,0.079303,0.079303,0.011321,0.017039,0.187142,0.001151,0.434061
-0.521250,0.087000,0.055516,1,0.078985,0.078985,0.013941,0.015160,0.179918,0.001151,0.437605
-0.521250,0.130500,0.056332,1,0.079137,0.079137,0.020006,0.014216,0.172546,0.001151,0.440831
-0.521250,0.174000,0.058804,1,0.079754,0.079754,0.027303,0.014209,0.165041,0.001151,0.443733
-0.521250,0.217500,0.062927,1,0.080825,0.080825,0.035062,0.015140,0.157416,0.001151,0.446306
-0.521250,0.261000,0.068690,1,0.082331,0.082331,0.043023,0.017009,0.149687,0.001151,0.448546
-0.521250,0.304500,0.076081,1,0.084246,0.084246,0.051081,0.016802,0.141868,0.001151,0.450447
-0.521250,0.348000,0.085085,1,0.086538,0.086538,0.059183,0.015872,0.133974,0.001151,0.452006
-0.521250,0.391500,0.095685,1,0.089175,0.089175,0.067301,0.015891,0.126019,0.001151,0.453220
-0.521250,0.435000,0.107764,1,0.092123,0.092123,0.075353,0.016858,0.118019,0.001151,0.454088
-0.521250,0.478500,0.121004,1,0.095346,0.095346,0.083168,0.018772,0.109989,0.001151,0.454606
-0.521250,0.522000,0.135959,1,0.098813,0.098813,0.091113,0.020155,0.101944,0.001151,0.454775
-0.521250,0.565500,0.152603,1,0.102492,0.102492,0.099143,0.019279,0.093899,0.001151,0.454594
-0.521250,0.609000,0.169044,1,0.106355,0.106355,0.106355,0.019357,0.085870,0.001151,0.454064
-0.521250,0.652500,0.159683,1,0.110376,0.110376,0.100934,0.020387,0.077871,0.001151,0.453184
-0.521250,0.696000,0.146237,1,0.114530,0.114530,0.092900,0.022368,0.069918,0.001151,0.451958
-0.521250,0.739500,0.134446,1,0.118797,0.118797,0.084932,0.025006,0.062026,0.001151,0.450387
-0.521250,0.783000,0.124356,1,0.123157,0.123157,0.077084,0.024193,0.054210,0.001151,0.448474
-0.521250,0.826500,0.115577,1,0.127593,0.127593,0.069114,0.024332,0.046484,0.001151,0.446223
-0.521250,0.870000,0.108131,1,0.132089,0.132089,0.060994,0.025423,0.038864,0.001151,0.443639
-0.521250,0.913500,0.102257,1,0.136630,0.136630,0.052887,0.027461,0.031363,0.001151,0.440725
-0.521250,0.957000,0.097971,1,0.141206,0.141206,0.044816,0.030444,0.023996,0.001151,0.437488
-0.521250,1.000500,0.095286,1,0.145803,0.145803,0.036827,0.030348,0.016777,0.001151,0.433934
-0.521250,1.044000,0.094210,1,0.150412,0.150412,0.029008,0.030523,0.009719,0.001151,0.430069
-0.521250,1.087500,0.094752,1,0.155023,0.155023,0.021569,0.031640,0.002836,0.001151,0.425900
-0.521250,1.131000,0.096916,1,0.159628,0.159628,0.015106,0.033695,-0.003860,0.001151,0.421437
-0.521250,1.174500,0.100704,1,0.164219,0.164219,0.011438,0.036685,-0.010355,0.001151,0.416686
-0.521250,1.218000,0.106114,1,0.168789,0.168789,0.013164,0.037477,-0.016637,0.001151,0.411658
-0.521250,1.261500,0.113143,1,0.173331,0.173331,0.018855,0.037629,-0.022695,0.001151,0.406361
-0.521250,1.305000,0.121784,1,0.177840,0.177840,0.026022,0.038710,-0.028516,0.001151,0.400806
-0.521250,1.348500,0.132029,1,0.182308,0.182308,0.033728,0.040715,-0.034091,0.001151,0.395002
-0.521250,1.392000,0.143866,1,0.186732,0.186732,0.041664,0.043639,-0.039408,0.001151,0.388962
-0.521250,1.435500,0.165093,1,0.191105,0.191105,0.049710,0.045319,-0.044457,0.001151,0.382697
-0.521250,1.479000,0.203504,1,0.195424,0.195424,0.057807,0.045365,-0.049229,0.001151,0.376217
-0.521250,1.522500,0.259082,1,0.199684,0.199684,0.065924,0.046322,-0.053714,0.001151,0.369537
-0.521250,1.566000,0.331802,1,0.203881,0.203881,0.074042,0.048183,-0.057905,0.001151,0.362667
-0.521250,1.609500,0.421642,1,0.208011,0.208011,0.082147,0.050943,-0.061793,0.001151,0.355622
-0.521250,1.653000,0.528573,1,0.212071,0.212071,0.090229,0.053636,-0.065371,0.001151,0.348415
-0.521250,1.696500,0.652566,1,0.216056,0.216056,0.098282,0.053469,-0.068633,0.001151,0.341058
-0.521250,1.740000,0.793589,1,0.219964,0.219964,0.106297,0.054191,-0.071571,0.001151,0.333567
-0.486500,-1.740000,inf,0,inf,inf,inf,inf,0.000000,0.000000,0.000000
-0.486500,-1.696500,inf,0,inf,inf,inf,inf,0.000000,0.000000,0.000000
-0.486500,-1.653000,inf,0,inf,inf,inf,inf,0.000000,0.000000,0.000000
-0.486500,-1.609500,inf,0,inf,inf,inf,inf,0.000000,0.000000,0.000000
-0.486500,-1.566000,inf,0,inf,inf,inf,inf,0.000000,0.000000,0.000000
-0.486500,-1.522500,inf,0,inf,inf,inf,inf,0.000000,0.000000,0.000000
-0.486500,-1.479000,inf,0,inf,inf,inf,inf,0.000000,0.000000,0.000000
-0.486500,-1.435500,inf,0,inf,inf,inf,inf,0.000000,0.000000,0.000000
-0.486500,-1.392000,inf,0,inf,inf,inf,inf,0.000000,0.000000,0.000000
-0.486500,-1.348500,inf,0,inf,inf,inf,inf,0.000000,0.000000,0.000000
-0.486500,-1.305000,inf,0,inf,inf,inf,inf,0.000000,0.000000,0.000000
-0.486500,-1.261500,inf,0,inf,inf,inf,inf,0.000000,0.000000,0.000000
-0.486500,-1.218000,1.065846,1,0.177819,0.177819,0.214673,0.117603,0.279194,0.001151,0.248553
-0.486500,-1.174500,0.923856,1,0.173323,0.173323,0.207801,0.105287,0.280093,0.001151,0.256550
-0.486500,-1.131000,0.798267,1,0.168793,0.168793,0.200833,0.093782,0.280643,0.001151,0.264578
-0.486500,-1.087500,0.689134,1,0.164236,0.164236,0.193772,0.083093,0.280844,0.001151,0.272622
-0.486500,-1.044000,0.596514,1,0.159658,0.159658,0.186621,0.073223,0.280694,0.001151,0.280668
-0.486500,-1.000500,0.520460,1,0.155066,0.155066,0.179385,0.064180,0.280196,0.001151,0.288699
-0.486500,-0.957000,0.461025,1,0.150468,0.150468,0.172066,0.055968,0.279348,0.001151,0.296701
-0.486500,-0.913500,0.418261,1,0.145873,0.145873,0.164669,0.048591,0.278153,0.001151,0.304659
-0.486500,-0.870000,0.387014,1,0.141290,0.141290,0.157198,0.042054,0.276613,0.001151,0.312557
-0.486500,-0.826500,0.357175,1,0.136729,0.136729,0.149657,0.036363,0.274731,0.001151,0.320381
-0.486500,-0.783000,0.328526,1,0.132202,0.132202,0.142049,0.031521,0.272511,0.001151,0.328115
-0.486500,-0.739500,0.301110,1,0.127721,0.127721,0.134380,0.027532,0.269956,0.001151,0.335746
-0.486500,-0.696000,0.274970,1,0.123301,0.123301,0.126654,0.024401,0.267072,0.001151,0.343258
-0.486500,-0.652500,0.250147,1,0.118956,0.118956,0.118876,0.022132,0.263865,0.001151,0.350638
-0.486500,-0.609000,0.226679,1,0.114705,0.114705,0.111051,0.020727,0.260339,0.001151,0.357871
-0.486500,-0.565500,0.204600,1,0.110566,0.110566,0.103185,0.020191,0.256502,0.001151,0.364944
-0.486500,-0.522000,0.183946,1,0.106561,0.106561,0.095285,0.020526,0.252361,0.001151,0.371844
-0.486500,-0.478500,0.164748,1,0.102714,0.102714,0.087359,0.021170,0.247924,0.001151,0.378557
-0.486500,-0.435000,0.147033,1,0.099050,0.099050,0.079415,0.018597,0.243199,0.001151,0.385071
-0.486500,-0.391500,0.130830,1,0.095598,0.095598,0.071465,0.016915,0.238195,0.001151,0.391373
-0.486500,-0.348000,0.116161,1,0.092389,0.092389,0.063526,0.016127,0.232922,0.001151,0.397451
-0.486500,-0.304500,0.103048,1,0.089455,0.089455,0.055620,0.016235,0.227390,0.001151,0.403295
-0.486500,-0.261000,0.091511,1,0.086830,0.086830,0.047782,0.017242,0.221609,0.001151,0.408892
-0.486500,-0.217500,0.081564,1,0.084547,0.084547,0.040071,0.017056,0.215590,0.001151,0.414233
-0.486500,-0.174000,0.073223,1,0.082640,0.082640,0.032597,0.015209,0.209344,0.001151,0.419307
-0.486500,-0.130500,0.066497,1,0.081139,0.081139,0.025588,0.014278,0.202884,0.001151,0.424104
-0.486500,-0.087000,0.061394,1,0.080070,0.080070,0.019572,0.014264,0.196221,0.001151,0.428616
-0.486500,-0.043500,0.057922,1,0.079452,0.079452,0.015749,0.015169,0.189368,0.001151,0.432834
-0.486500,0.000000,0.056081,1,0.079296,0.079296,0.015807,0.016994,0.182339,0.001151,0.436750
-0.486500,0.043500,0.055872,1,0.079607,0.079607,0.019713,0.015521,0.175145,0.001151,0.440357
-0.486500,0.087000,0.057292,1,0.080377,0.080377,0.025767,0.014536,0.167802,0.001151,0.443647
-0.486500,0.130500,0.060337,1,0.081592,0.081592,0.032793,0.014483,0.160322,0.001151,0.446615
-0.486500,0.174000,0.064997,1,0.083232,0.083232,0.040276,0.015365,0.152721,0.001151,0.449255
-0.486500,0.217500,0.071262,1,0.085267,0.085267,0.047992,0.017181,0.145012,0.001151,0.451562
-0.486500,0.261000,0.079118,1,0.087668,0.087668,0.055832,0.017702,0.137209,0.001151,0.453531
-0.486500,0.304500,0.088550,1,0.090400,0.090400,0.063740,0.016725,0.129329,0.001151,0.455159
-0.486500,0.348000,0.099537,1,0.093429,0.093429,0.071679,0.016692,0.121385,0.001151,0.456443
-0.486500,0.391500,0.112060,1,0.096723,0.096723,0.079629,0.017602,0.113393,0.001151,0.457381
-0.486500,0.435000,0.126094,1,0.100249,0.100249,0.087572,0.019456,0.105368,0.001151,0.457970
-0.486500,0.478500,0.141612,1,0.103977,0.103977,0.095498,0.021549,0.097325,0.001151,0.458209
-0.486500,0.522000,0.158586,1,0.107879,0.107879,0.103397,0.020616,0.089279,0.001151,0.458098
-0.486500,0.565500,0.162440,1,0.111931,0.111931,0.104522,0.020632,0.081245,0.001151,0.457638
-0.486500,0.609000,0.148327,1,0.116110,0.116110,0.096627,0.021596,0.073239,0.001151,0.456828
-0.486500,0.652500,0.135661,1,0.120394,0.120394,0.088704,0.023505,0.065275,0.001151,0.455672
-0.486500,0.696000,0.124468,1,0.124766,0.124766,0.080763,0.026357,0.057370,0.001151,0.454170
-0.486500,0.739500,0.114770,1,0.129208,0.129208,0.072813,0.025948,0.049537,0.001151,0.452325
-0.486500,0.783000,0.106588,1,0.133705,0.133705,0.064871,0.026013,0.041792,0.001151,0.450142
-0.486500,0.826500,0.099942,1,0.138245,0.138245,0.056957,0.027023,0.034150,0.001151,0.447624
-0.486500,0.870000,0.094847,1,0.142814,0.142814,0.049104,0.028974,0.026623,0.001151,0.444777
-0.486500,0.913500,0.091317,1,0.147403,0.147403,0.041366,0.031865,0.019228,0.001151,0.441604
-0.486500,0.957000,0.089362,1,0.152000,0.152000,0.033840,0.032441,0.011978,0.001151,0.438113
-0.486500,1.000500,0.088990,1,0.156597,0.156597,0.026727,0.032524,0.004887,0.001151,0.434310
-0.486500,1.044000,0.090207,1,0.161185,0.161185,0.020483,0.033544,-0.002033,0.001151,0.430202
-0.486500,1.087500,0.093015,1,0.165757,0.165757,0.016165,0.035496,-0.008767,0.001151,0.425797
-0.486500,1.131000,0.097415,1,0.170306,0.170306,0.015489,0.038376,-0.015303,0.001151,0.421104
-0.486500,1.174500,0.103405,1,0.174825,0.174825,0.018853,0.039813,-0.021629,0.001151,0.416131
-0.486500,1.218000,0.110978,1,0.179309,0.179309,0.024650,0.039856,-0.027733,0.001151,0.410887
-0.486500,1.261500,0.120128,1,0.183751,0.183751,0.031560,0.040821,-0.033603,0.001151,0.405383
-0.486500,1.305000,0.130844,1,0.188147,0.188147,0.038986,0.042705,-0.039228,0.001151,0.399628
-0.486500,1.348500,0.143113,1,0.192492,0.192492,0.046672,0.045501,-0.044597,0.001151,0.393635
-0.486500,1.392000,0.156919,1,0.196781,0.196781,0.054497,0.047799,-0.049701,0.001151,0.387414
-0.486500,1.435500,0.180057,1,0.201010,0.201010,0.062396,0.047717,-0.054530,0.001151,0.380977
-0.486500,1.479000,0.220318,1,0.205175,0.205175,0.070332,0.048539,-0.059073,0.001151,0.374335
-0.486500,1.522500,0.277680,1,0.209271,0.209271,0.078281,0.050259,-0.063324,0.001151,0.367503
-0.486500,1.566000,0.352117,1,0.213297,0.213297,0.086226,0.052873,-0.067274,0.001151,0.360492
-0.486500,1.609500,0.443600,1,0.217247,0.217247,0.094156,0.056155,-0.070915,0.001151,0.353316
-0.486500,1.653000,0.552100,1,0.221119,0.221119,0.102060,0.055842,-0.074241,0.001151,0.345989
-0.486500,1.696500,0.677585,1,0.224910,0.224910,0.109931,0.056411,-0.077244,0.001151,0.338523
-0.486500,1.740000,0.820019,1,0.228616,0.228616,0.117762,0.057855,-0.079921,0.001151,0.330935
-0.451750,-1.740000,inf,0,inf,inf,inf,inf,0.000000,0.000000,0.000000
-0.451750,-1.696500,inf,0,inf,inf,inf,inf,0.000000,0.000000,0.000000
-0.451750,-1.653000,inf,0,inf,inf,inf,inf,0.000000,0.000000,0.000000
-0.451750,-1.609500,inf,0,inf,inf,inf,inf,0.000000,0.000000,0.000000
-0.451750,-1.566000,inf,0,inf,inf,inf,inf,0.000000,0.000000,0.000000
-0.451750,-1.522500,inf,0,inf,inf,inf,inf,0.000000,0.000000,0.000000
-0.451750,-1.479000,inf,0,inf,inf,inf,inf,0.000000,0.000000,0.000000
-0.451750,-1.435500,inf,0,inf,inf,inf,inf,0.000000,0.000000,0.000000
-0.451750,-1.392000,inf,0,inf,inf,inf,inf,0.000000,0.000000,0.000000
-0.451750,-1.348500,inf,0,inf,inf,inf,inf,0.000000,0.000000,0.000000
-0.451750,-1.305000,inf,0,inf,inf,inf,inf,0.000000,0.000000,0.000000
-0.451750,-1.261500,1.066399,1,0.171849,0.171849,0.208920,0.117150,0.272617,0.001151,0.250170
-0.451750,-1.218000,0.921980,1,0.167293,0.167293,0.202068,0.104770,0.273586,0.001151,0.258159
-0.451750,-1.174500,0.793986,1,0.162711,0.162711,0.195123,0.093202,0.274206,0.001151,0.266182
-0.451750,-1.131000,0.682471,1,0.158110,0.158110,0.188089,0.082452,0.274478,0.001151,0.274224
-0.451750,-1.087500,0.587489,1,0.153498,0.153498,0.180970,0.072523,0.274399,0.001151,0.282270
-0.451750,-1.044000,0.509093,1,0.148882,0.148882,0.173769,0.063422,0.273970,0.001151,0.290306
-0.451750,-1.000500,0.447334,1,0.144271,0.144271,0.166490,0.055154,0.273192,0.001151,0.298315
-0.451750,-0.957000,0.402261,1,0.139675,0.139675,0.159137,0.047722,0.272067,0.001151,0.306283
-0.451750,-0.913500,0.370968,1,0.135105,0.135105,0.151716,0.041131,0.270597,0.001151,0.314194
-0.451750,-0.870000,0.341987,1,0.130572,0.130572,0.144229,0.035386,0.268783,0.001151,0.322034
-0.451750,-0.826500,0.314206,1,0.126089,0.126089,0.136682,0.030492,0.266631,0.001151,0.329788
-0.451750,-0.783000,0.287666,1,0.121671,0.121671,0.129079,0.026451,0.264143,0.001151,0.337440
-0.451750,-0.739500,0.262408,1,0.117335,0.117335,0.121426,0.023268,0.261325,0.001151,0.344978
-0.451750,-0.696000,0.238470,1,0.113097,0.113097,0.113730,0.020946,0.258182,0.001151,0.352385
-0.451750,-0.652500,0.215888,1,0.108979,0.108979,0.105995,0.019490,0.254719,0.001151,0.359649
-0.451750,-0.609000,0.194695,1,0.105002,0.105002,0.098230,0.018901,0.250944,0.001151,0.366756
-0.451750,-0.565500,0.174924,1,0.101191,0.101191,0.090444,0.019184,0.246864,0.001151,0.373691
-0.451750,-0.522000,0.156604,1,0.097573,0.097573,0.082647,0.020340,0.242486,0.001151,0.380443
-0.451750,-0.478500,0.139762,1,0.094177,0.094177,0.074854,0.017928,0.237818,0.001151,0.386998
-0.451750,-0.435000,0.124422,1,0.091036,0.091036,0.067081,0.016204,0.232870,0.001151,0.393343
-0.451750,-0.391500,0.110605,1,0.088182,0.088182,0.059356,0.015372,0.227650,0.001151,0.399468
-0.451750,-0.348000,0.098333,1,0.085651,0.085651,0.051718,0.015436,0.222169,0.001151,0.405359
-0.451750,-0.304500,0.087620,1,0.083475,0.083475,0.044229,0.016396,0.216438,0.001151,0.411007
-0.451750,-0.261000,0.078483,1,0.081689,0.081689,0.037000,0.016934,0.210465,0.001151,0.416400
-0.451750,-0.217500,0.070932,1,0.080322,0.080322,0.030234,0.015051,0.204264,0.001151,0.421528
-0.451750,-0.174000,0.064976,1,0.079397,0.079397,0.024341,0.014081,0.197846,0.001151,0.426382
-0.451750,-0.130500,0.060622,1,0.078932,0.078932,0.020116,0.014026,0.191223,0.001151,0.430952
-0.451750,-0.087000,0.057874,1,0.078936,0.078936,0.018736,0.014887,0.184408,0.001151,0.435230
-0.451750,-0.043500,0.056732,1,0.079409,0.079409,0.020778,0.016666,0.177412,0.001151,0.439208
-0.451750,0.000000,0.057195,1,0.080343,0.080343,0.025428,0.015921,0.170251,0.001151,0.442877
-0.451750,0.043500,0.059258,1,0.081718,0.081718,0.031546,0.014897,0.162937,0.001151,0.446231
-0.451750,0.087000,0.062915,1,0.083512,0.083512,0.038429,0.014803,0.155483,0.001151,0.449265
-0.451750,0.130500,0.068155,1,0.085694,0.085694,0.045723,0.015639,0.147905,0.001151,0.451971
-0.451750,0.174000,0.074967,1,0.088232,0.088232,0.053249,0.017407,0.140216,0.001151,0.454345
-0.451750,0.217500,0.083336,1,0.091091,0.091091,0.060909,0.018643,0.132432,0.001151,0.456383
-0.451750,0.261000,0.093243,1,0.094237,0.094237,0.068646,0.017623,0.124566,0.001151,0.458080
-0.451750,0.304500,0.104670,1,0.097637,0.097637,0.076424,0.017543,0.116634,0.001151,0.459433
-0.451750,0.348000,0.117593,1,0.101259,0.101259,0.084220,0.018403,0.108650,0.001151,0.460441
-0.451750,0.391500,0.131987,1,0.105073,0.105073,0.092016,0.020202,0.100630,0.001151,0.461100
-0.451750,0.435000,0.147825,1,0.109053,0.109053,0.099798,0.022938,0.092589,0.001151,0.461409
-0.451750,0.478500,0.164543,1,0.113174,0.113174,0.107309,0.022009,0.084543,0.001151,0.461369
-0.451750,0.522000,0.149904,1,0.117413,0.117413,0.099549,0.021970,0.076505,0.001151,0.460979
-0.451750,0.565500,0.136676,1,0.121752,0.121752,0.091766,0.022873,0.068492,0.001151,0.460240
-0.451750,0.609000,0.124886,1,0.126171,0.126171,0.083970,0.024716,0.060519,0.001151,0.459153
-0.451750,0.652500,0.114558,1,0.130654,0.130654,0.076174,0.027498,0.052601,0.001151,0.457720
-0.451750,0.696000,0.105712,1,0.135188,0.135188,0.068397,0.027775,0.044753,0.001151,0.455944
-0.451750,0.739500,0.098368,1,0.139759,0.139759,0.060662,0.027772,0.036989,0.001151,0.453829
-0.451750,0.783000,0.092542,1,0.144355,0.144355,0.053005,0.028708,0.029324,0.001151,0.451378
-0.451750,0.826500,0.088249,1,0.148966,0.148966,0.045485,0.030580,0.021773,0.001151,0.448596
-0.451750,0.870000,0.085499,1,0.153582,0.153582,0.038201,0.033386,0.014351,0.001151,0.445489
-0.451750,0.913500,0.084302,1,0.158195,0.158195,0.031335,0.034624,0.007070,0.001151,0.442061
-0.451750,0.957000,0.084665,1,0.162795,0.162795,0.025251,0.034624,-0.000054,0.001151,0.438320
-0.451750,1.000500,0.086589,1,0.167377,0.167377,0.020666,0.035554,-0.007009,0.001151,0.434273
-0.451750,1.044000,0.090078,1,0.171932,0.171932,0.018727,0.037412,-0.013782,0.001151,0.429927
-0.451750,1.087500,0.095129,1,0.176455,0.176455,0.020214,0.040191,-0.020359,0.001151,0.425291
-0.451750,1.131000,0.101739,1,0.180941,0.180941,0.024509,0.042264,-0.026728,0.001151,0.420373
-0.451750,1.174500,0.109899,1,0.185382,0.185382,0.030441,0.042206,-0.032877,0.001151,0.415183
-0.451750,1.218000,0.119603,1,0.189775,0.189775,0.037226,0.043064,-0.038795,0.001151,0.409731
-0.451750,1.261500,0.130837,1,0.194115,0.194115,0.044467,0.044835,-0.044470,0.001151,0.404026
-0.451750,1.305000,0.143587,1,0.198398,0.198398,0.051961,0.047511,-0.049892,0.001151,0.398080
-0.451750,1.348500,0.157836,1,0.202618,0.202618,0.059603,0.050418,-0.055050,0.001151,0.391904
-0.451750,1.392000,0.173566,1,0.206773,0.206773,0.067330,0.050217,-0.059935,0.001151,0.385509
-0.451750,1.435500,0.198566,1,0.210857,0.210857,0.075104,0.050914,-0.064537,0.001151,0.378908
-0.451750,1.479000,0.240625,1,0.214869,0.214869,0.082898,0.052502,-0.068847,0.001151,0.372113
-0.451750,1.522500,0.299717,1,0.218805,0.218805,0.090694,0.054978,-0.072858,0.001151,0.365137
-0.451750,1.566000,0.375812,1,0.222660,0.222660,0.098480,0.058333,-0.076562,0.001151,0.357993
-0.451750,1.609500,0.468880,1,0.226433,0.226433,0.106244,0.058391,-0.079951,0.001151,0.350695
-0.451750,1.653000,0.578888,1,0.230120,0.230120,0.113977,0.058815,-0.083020,0.001151,0.343256
-0.451750,1.696500,0.705799,1,0.233719,0.233719,0.121673,0.060109,-0.085763,0.001151,0.335691
-0.451750,1.740000,0.849577,1,0.237227,0.237227,0.129324,0.062266,-0.088174,0.001151,0.328014
-0.417000,-1.740000,inf,0,inf,inf,inf,inf,0.000000,0.000000,0.000000
-0.417000,-1.696500,inf,0,inf,inf,inf,inf,0.000000,0.000000,0.000000
-0.417000,-1.653000,inf,0,inf,inf,inf,inf,0.000000,0.000000,0.000000
-0.417000,-1.609500,inf,0,inf,inf,inf,inf,0.000000,0.000000,0.000000
-0.417000,-1.566000,inf,0,inf,inf,inf,inf,0.000000,0.000000,0.000000
-0.417000,-1.522500,inf,0,inf,inf,inf,inf,0.000000,0.000000,0.000000
-0.417000,-1.479000,inf,0,inf,inf,inf,inf,0.000000,0.000000,0.000000
-0.417000,-1.435500,inf,0,inf,inf,inf,inf,0.000000,0.000000,0.000000
-0.417000,-1.392000,inf,0,inf,inf,inf,inf,0.000000,0.000000,0.000000
-0.417000,-1.348500,inf,0,inf,inf,inf,inf,0.000000,0.000000,0.000000
-0.417000,-1.305000,1.068697,1,0.166004,0.166004,0.203175,0.116797,0.265918,0.001151,0.251567
-0.417000,-1.261500,0.921806,1,0.161370,0.161370,0.196334,0.104349,0.266957,0.001151,0.259546
-0.417000,-1.218000,0.791365,1,0.156718,0.156718,0.189404,0.092715,0.267648,0.001151,0.267564
-0.417000,-1.174500,0.677430,1,0.152056,0.152056,0.182390,0.081900,0.267989,0.001151,0.275603
-0.417000,-1.131000,0.580051,1,0.147391,0.147391,0.175294,0.071909,0.267981,0.001151,0.283650
-0.417000,-1.087500,0.499279,1,0.142732,0.142732,0.168121,0.062748,0.267623,0.001151,0.291689
-0.417000,-1.044000,0.435164,1,0.138090,0.138090,0.160875,0.054420,0.266915,0.001151,0.299705
-0.417000,-1.000500,0.387754,1,0.133476,0.133476,0.153561,0.046931,0.265859,0.001151,0.307682
-0.417000,-0.957000,0.355755,1,0.128901,0.128901,0.146182,0.040284,0.264458,0.001151,0.315606
-0.417000,-0.913500,0.327611,1,0.124380,0.124380,0.138745,0.034484,0.262713,0.001151,0.323461
-0.417000,-0.870000,0.300677,1,0.119926,0.119926,0.131254,0.029535,0.260629,0.001151,0.331234
-0.417000,-0.826500,0.274996,1,0.115558,0.115558,0.123714,0.025441,0.258208,0.001151,0.338908
-0.417000,-0.783000,0.250604,1,0.111293,0.111293,0.116133,0.022204,0.255456,0.001151,0.346469
-0.417000,-0.739500,0.227539,1,0.107154,0.107154,0.108517,0.019830,0.252378,0.001151,0.353904
-0.417000,-0.696000,0.205834,1,0.103162,0.103162,0.100874,0.018321,0.248979,0.001151,0.361198
-0.417000,-0.652500,0.185521,1,0.099344,0.099344,0.093215,0.017680,0.245267,0.001151,0.368337
-0.417000,-0.609000,0.166630,1,0.095728,0.095728,0.085550,0.017909,0.241247,0.001151,0.375308
-0.417000,-0.565500,0.149188,1,0.092346,0.092346,0.077895,0.019012,0.236928,0.001151,0.382098
-0.417000,-0.522000,0.133220,1,0.089230,0.089230,0.070271,0.017311,0.232318,0.001151,0.388693
-0.417000,-0.478500,0.118749,1,0.086416,0.086416,0.062704,0.015545,0.227425,0.001151,0.395082
-0.417000,-0.435000,0.105793,1,0.083939,0.083939,0.055238,0.014670,0.222260,0.001151,0.401252
-0.417000,-0.391500,0.094372,1,0.081836,0.081836,0.047934,0.014690,0.216831,0.001151,0.407191
-0.417000,-0.348000,0.084499,1,0.080139,0.080139,0.040899,0.015605,0.211148,0.001151,0.412889
-0.417000,-0.304500,0.076188,1,0.078878,0.078878,0.034315,0.016852,0.205224,0.001151,0.418334
-0.417000,-0.261000,0.069447,1,0.078077,0.078077,0.028514,0.014934,0.199068,0.001151,0.423516
-0.417000,-0.217500,0.064284,1,0.077751,0.077751,0.024081,0.013926,0.192692,0.001151,0.428426
-0.417000,-0.174000,0.060703,1,0.077907,0.077907,0.021876,0.013833,0.186109,0.001151,0.433054
-0.417000,-0.130500,0.058707,1,0.078542,0.078542,0.022566,0.014653,0.179332,0.001151,0.437391
-0.417000,-0.087000,0.058295,1,0.079643,0.079643,0.025920,0.016389,0.172371,0.001151,0.441430
-0.417000,-0.043500,0.059462,1,0.081189,0.081189,0.031083,0.016357,0.165242,0.001151,0.445162
-0.417000,0.000000,0.062204,1,0.083153,0.083153,0.037303,0.015297,0.157958,0.001151,0.448580
-0.417000,0.043500,0.066511,1,0.085502,0.085502,0.044126,0.015165,0.150531,0.001151,0.451679
-0.417000,0.087000,0.072372,1,0.088201,0.088201,0.051303,0.015960,0.142977,0.001151,0.454451
-0.417000,0.130500,0.079774,1,0.091215,0.091215,0.058692,0.017684,0.135309,0.001151,0.456892
-0.417000,0.174000,0.088699,1,0.094507,0.094507,0.066211,0.019621,0.127543,0.001151,0.458998
-0.417000,0.217500,0.099130,1,0.098044,0.098044,0.073809,0.018563,0.119692,0.001151,0.460764
-0.417000,0.261000,0.111044,1,0.101794,0.101794,0.081450,0.018441,0.111772,0.001151,0.462187
-0.417000,0.304500,0.124418,1,0.105728,0.105728,0.089112,0.019255,0.103798,0.001151,0.463264
-0.417000,0.348000,0.139226,1,0.109818,0.109818,0.096776,0.021004,0.095784,0.001151,0.463993
-0.417000,0.391500,0.155438,1,0.114041,0.114041,0.104429,0.023687,0.087746,0.001151,0.464373
-0.417000,0.435000,0.151839,1,0.118375,0.118375,0.102172,0.023453,0.079699,0.001151,0.464403
-0.417000,0.478500,0.138092,1,0.122800,0.122800,0.094514,0.023364,0.071659,0.001151,0.464083
-0.417000,0.522000,0.125752,1,0.127300,0.127300,0.086849,0.024212,0.063640,0.001151,0.463414
-0.417000,0.565500,0.114844,1,0.131857,0.131857,0.079192,0.025997,0.055657,0.001151,0.462397
-0.417000,0.609000,0.105389,1,0.136459,0.136459,0.071560,0.028715,0.047727,0.001151,0.461034
-0.417000,0.652500,0.097406,1,0.141093,0.141093,0.063982,0.029668,0.039863,0.001151,0.459327
-0.417000,0.696000,0.090914,1,0.145747,0.145747,0.056494,0.029603,0.032081,0.001151,0.457279
-0.417000,0.739500,0.085925,1,0.150410,0.150410,0.049157,0.030472,0.024395,0.001151,0.454896
-0.417000,0.783000,0.082453,1,0.155075,0.155075,0.042067,0.032273,0.016821,0.001151,0.452180
-0.417000,0.826500,0.080507,1,0.159732,0.159732,0.035388,0.035001,0.009371,0.001151,0.449137
-0.417000,0.870000,0.080094,1,0.164373,0.164373,0.029421,0.036893,0.002061,0.001151,0.445774
-0.417000,0.913500,0.081218,1,0.168991,0.168991,0.024701,0.036816,-0.005096,0.001151,0.442095
-0.417000,0.957000,0.083881,1,0.173580,0.173580,0.022056,0.037665,-0.012086,0.001151,0.438109
-0.417000,1.000500,0.088084,1,0.178134,0.178134,0.022243,0.039435,-0.018896,0.001151,0.433823
-0.417000,1.044000,0.093821,1,0.182647,0.182647,0.025199,0.042121,-0.025514,0.001151,0.429245
-0.417000,1.087500,0.101088,1,0.187113,0.187113,0.030116,0.044823,-0.031926,0.001151,0.424383
-0.417000,1.131000,0.109877,1,0.191528,0.191528,0.036196,0.044671,-0.038121,0.001151,0.419247
-0.417000,1.174500,0.120176,1,0.195887,0.195887,0.042939,0.045431,-0.044086,0.001151,0.413846
-0.417000,1.218000,0.131973,1,0.200187,0.200187,0.050068,0.047097,-0.049811,0.001151,0.408191
-0.417000,1.261500,0.145252,1,0.204422,0.204422,0.057428,0.049663,-0.055284,0.001151,0.402293
-0.417000,1.305000,0.159993,1,0.208588,0.208588,0.064930,0.053124,-0.060496,0.001151,0.396162
-0.417000,1.348500,0.176178,1,0.212684,0.212684,0.072517,0.052859,-0.065436,0.001151,0.389810
-0.417000,1.392000,0.193782,1,0.216703,0.216703,0.080153,0.053439,-0.070096,0.001151,0.383249
-0.417000,1.435500,0.220594,1,0.220645,0.220645,0.087812,0.054904,-0.074466,0.001151,0.376492
-0.417000,1.479000,0.264397,1,0.224505,0.224505,0.095477,0.057250,-0.078537,0.001151,0.369552
-0.417000,1.522500,0.325162,1,0.228280,0.228280,0.103133,0.060470,-0.082303,0.001151,0.362440
-0.417000,1.566000,0.402857,1,0.231967,0.231967,0.110768,0.061109,-0.085757,0.001151,0.355172
-0.417000,1.609500,0.497449,1,0.235565,0.235565,0.118375,0.061397,-0.088891,0.001151,0.347761
-0.417000,1.653000,0.608900,1,0.239070,0.239070,0.125945,0.062549,-0.091699,0.001151,0.340220
-0.417000,1.696500,0.737172,1,0.242479,0.242479,0.133470,0.064559,-0.094177,0.001151,0.332564
-0.417000,1.740000,0.882226,1,0.245791,0.245791,0.140946,0.067418,-0.096320,0.001151,0.324808
-0.382250,-1.740000,inf,0,inf,inf,inf,inf,0.000000,0.000000,0.000000
-0.382250,-1.696500,inf,0,inf,inf,inf,inf,0.000000,0.000000,0.000000
-0.382250,-1.653000,inf,0,inf,inf,inf,inf,0.000000,0.000000,0.000000
-0.382250,-1.609500,inf,0,inf,inf,inf,inf,0.000000,0.000000,0.000000
-0.382250,-1.566000,inf,0,inf,inf,inf,inf,0.000000,0.000000,0.000000
-0.382250,-1.522500,inf,0,inf,inf,inf,inf,0.000000,0.000000,0.000000
-0.382250,-1.479000,inf,0,inf,inf,inf,inf,0.000000,0.000000,0.000000
-0.382250,-1.435500,inf,0,inf,inf,inf,inf,0.000000,0.000000,0.000000
-0.382250,-1.392000,inf,0,inf,inf,inf,inf,0.000000,0.000000,0.000000
-0.382250,-1.348500,1.072802,1,0.160317,0.160317,0.197451,0.116550,0.259105,0.001151,0.252739
-0.382250,-1.305000,0.923392,1,0.155586,0.155586,0.190612,0.104029,0.260214,0.001151,0.260709
-0.382250,-1.261500,0.790463,1,0.150844,0.150844,0.183689,0.092324,0.260975,0.001151,0.268720
-0.382250,-1.218000,0.674065,1,0.146099,0.146099,0.176685,0.081442,0.261387,0.001151,0.276757
-0.382250,-1.174500,0.574251,1,0.141361,0.141361,0.169604,0.071385,0.261449,0.001151,0.284803
-0.382250,-1.131000,0.491067,1,0.136640,0.136640,0.162451,0.062160,0.261161,0.001151,0.292845
-0.382250,-1.087500,0.424563,1,0.131947,0.131947,0.155231,0.053771,0.260523,0.001151,0.300866
-0.382250,-1.044000,0.374783,1,0.127294,0.127294,0.147947,0.046221,0.259538,0.001151,0.308853
-0.382250,-1.000500,0.341418,1,0.122695,0.122695,0.140605,0.039516,0.258206,0.001151,0.316789
-0.382250,-0.957000,0.314083,1,0.118166,0.118166,0.133211,0.033659,0.256530,0.001151,0.324659
-0.382250,-0.913500,0.287975,1,0.113724,0.113724,0.125770,0.028654,0.254513,0.001151,0.332449
-0.382250,-0.870000,0.263131,1,0.109389,0.109389,0.118289,0.024504,0.252160,0.001151,0.340144
-0.382250,-0.826500,0.239588,1,0.105183,0.105183,0.110776,0.021213,0.249474,0.001151,0.347730
-0.382250,-0.783000,0.217381,1,0.101129,0.101129,0.103239,0.018785,0.246461,0.001151,0.355191
-0.382250,-0.739500,0.196541,1,0.097256,0.097256,0.095689,0.017223,0.243126,0.001151,0.362514
-0.382250,-0.696000,0.177098,1,0.093594,0.093594,0.088137,0.016528,0.239476,0.001151,0.369686
-0.382250,-0.652500,0.159081,1,0.090175,0.090175,0.080601,0.016705,0.235518,0.001151,0.376692
-0.382250,-0.609000,0.142514,1,0.087035,0.087035,0.073102,0.017754,0.231258,0.001151,0.383519
-0.382250,-0.565500,0.127420,1,0.084212,0.084212,0.065668,0.016746,0.226706,0.001151,0.390154
-0.382250,-0.522000,0.113819,1,0.081744,0.081744,0.058341,0.014938,0.221870,0.001151,0.396586
-0.382250,-0.478500,0.101730,1,0.079668,0.079668,0.051185,0.014022,0.216758,0.001151,0.402800
-0.382250,-0.435000,0.091168,1,0.078021,0.078021,0.044299,0.013998,0.211381,0.001151,0.408787
-0.382250,-0.391500,0.082146,1,0.076833,0.076833,0.037846,0.014870,0.205749,0.001151,0.414534
-0.382250,-0.348000,0.074674,1,0.076127,0.076127,0.032105,0.016638,0.199872,0.001151,0.420031
-0.382250,-0.304500,0.068760,1,0.075919,0.075919,0.027540,0.014857,0.193762,0.001151,0.425267
-0.382250,-0.261000,0.064409,1,0.076214,0.076214,0.024817,0.013815,0.187430,0.001151,0.430233
-0.382250,-0.217500,0.061625,1,0.077004,0.077004,0.024564,0.013684,0.180888,0.001151,0.434918
-0.382250,-0.174000,0.060406,1,0.078273,0.078273,0.026851,0.014466,0.174148,0.001151,0.439314
-0.382250,-0.130500,0.060750,1,0.079996,0.079996,0.031118,0.016161,0.167223,0.001151,0.443413
-0.382250,-0.087000,0.062653,1,0.082142,0.082142,0.036676,0.016828,0.160127,0.001151,0.447208
-0.382250,-0.043500,0.066106,1,0.084674,0.084674,0.043018,0.015735,0.152873,0.001151,0.450690
-0.382250,0.000000,0.071099,1,0.087555,0.087555,0.049837,0.015567,0.145474,0.001151,0.453853
-0.382250,0.043500,0.077619,1,0.090745,0.090745,0.056950,0.016325,0.137944,0.001151,0.456691
-0.382250,0.087000,0.085650,1,0.094208,0.094208,0.064250,0.018008,0.130298,0.001151,0.459200
-0.382250,0.130500,0.095175,1,0.097909,0.097909,0.071667,0.020615,0.122550,0.001151,0.461373
-0.382250,0.174000,0.106174,1,0.101815,0.101815,0.079157,0.019542,0.114715,0.001151,0.463208
-0.382250,0.217500,0.118622,1,0.105897,0.105897,0.086687,0.019382,0.106808,0.001151,0.464700
-0.382250,0.261000,0.132496,1,0.110127,0.110127,0.094237,0.020156,0.098843,0.001151,0.465846
-0.382250,0.304500,0.147768,1,0.114482,0.114482,0.101789,0.021860,0.090836,0.001151,0.466646
-0.382250,0.348000,0.154119,1,0.118941,0.118941,0.104519,0.024494,0.082802,0.001151,0.467096
-0.382250,0.391500,0.139878,1,0.123483,0.123483,0.096970,0.024944,0.074756,0.001151,0.467197
-0.382250,0.435000,0.127019,1,0.128092,0.128092,0.089417,0.024810,0.066713,0.001151,0.466947
-0.382250,0.478500,0.115566,1,0.132753,0.132753,0.081877,0.025610,0.058688,0.001151,0.466348
-0.382250,0.522000,0.105542,1,0.137452,0.137452,0.074370,0.027341,0.050697,0.001151,0.465401
-0.382250,0.565500,0.096966,1,0.142177,0.142177,0.066922,0.030002,0.042755,0.001151,0.464107
-0.382250,0.609000,0.089855,1,0.146917,0.146917,0.059574,0.031620,0.034877,0.001151,0.462469
-0.382250,0.652500,0.084225,1,0.151661,0.151661,0.052383,0.031500,0.027077,0.001151,0.460490
-0.382250,0.696000,0.080087,1,0.156402,0.156402,0.045441,0.032310,0.019371,0.001151,0.458174
-0.382250,0.739500,0.077453,1,0.161130,0.161130,0.038900,0.034046,0.011773,0.001151,0.455524
-0.382250,0.783000,0.076330,1,0.165839,0.165839,0.033012,0.036704,0.004297,0.001151,0.452547
-0.382250,0.826500,0.076723,1,0.170521,0.170521,0.028204,0.039240,-0.003043,0.001151,0.449247
-0.382250,0.870000,0.078634,1,0.175169,0.175169,0.025118,0.039094,-0.010231,0.001151,0.445632
-0.382250,0.913500,0.082064,1,0.179779,0.179779,0.024420,0.039869,-0.017256,0.001151,0.441707
-0.382250,0.957000,0.087010,1,0.184344,0.184344,0.026303,0.041559,-0.024104,0.001151,0.437480
-0.382250,1.000500,0.093467,1,0.188860,0.188860,0.030287,0.044160,-0.030761,0.001151,0.432960
-0.382250,1.044000,0.101427,1,0.193322,0.193322,0.035667,0.047482,-0.037215,0.001151,0.428155
-0.382250,1.087500,0.110882,1,0.197724,0.197724,0.041903,0.047246,-0.043455,0.001151,0.423073
-0.382250,1.131000,0.121818,1,0.202064,0.202064,0.048656,0.047915,-0.049467,0.001151,0.417725
-0.382250,1.174500,0.134220,1,0.206337,0.206337,0.055729,0.049484,-0.055241,0.001151,0.412120
-0.382250,1.218000,0.148071,1,0.210539,0.210539,0.063002,0.051948,-0.060766,0.001151,0.406270
-0.382250,1.261500,0.163352,1,0.214666,0.214666,0.070403,0.055300,-0.066031,0.001151,0.400185
-0.382250,1.305000,0.180041,1,0.218716,0.218716,0.077883,0.055635,-0.071027,0.001151,0.393876
-0.382250,1.348500,0.198113,1,0.222685,0.222685,0.085408,0.056106,-0.075744,0.001151,0.387357
-0.382250,1.392000,0.217542,1,0.226570,0.226570,0.092956,0.057457,-0.080172,0.001151,0.380638
-0.382250,1.435500,0.246111,1,0.230368,0.230368,0.100509,0.059682,-0.084305,0.001151,0.373733
-0.382250,1.479000,0.291602,1,0.234077,0.234077,0.108052,0.062776,-0.088133,0.001151,0.366655
-0.382250,1.522500,0.353982,1,0.237693,0.237693,0.115575,0.063987,-0.091650,0.001151,0.359418
-0.382250,1.566000,0.433216,1,0.241214,0.241214,0.123068,0.064149,-0.094848,0.001151,0.352034
-0.382250,1.609500,0.529267,1,0.244638,0.244638,0.130524,0.065167,-0.097723,0.001151,0.344518
-0.382250,1.653000,0.642095,1,0.247962,0.247962,0.137936,0.067037,-0.100268,0.001151,0.336884
-0.382250,1.696500,0.771661,1,0.251185,0.251185,0.145298,0.069752,-0.102478,0.001151,0.329147
-0.382250,1.740000,0.917922,1,0.254304,0.254304,0.152603,0.072078,-0.104351,0.001151,0.321321
-0.347500,-1.740000,inf,0,inf,inf,inf,inf,0.000000,0.000000,0.000000
-0.347500,-1.696500,inf,0,inf,inf,inf,inf,0.000000,0.000000,0.000000
-0.347500,-1.653000,inf,0,inf,inf,inf,inf,0.000000,0.000000,0.000000
-0.347500,-1.609500,inf,0,inf,inf,inf,inf,0.000000,0.000000,0.000000
-0.347500,-1.566000,inf,0,inf,inf,inf,inf,0.000000,0.000000,0.000000
-0.347500,-1.522500,inf,0,inf,inf,inf,inf,0.000000,0.000000,0.000000
-0.347500,-1.479000,inf,0,inf,inf,inf,inf,0.000000,0.000000,0.000000
-0.347500,-1.435500,inf,0,inf,inf,inf,inf,0.000000,0.000000,0.000000
-0.347500,-1.392000,1.078776,1,0.154821,0.154821,0.191766,0.116413,0.252186,0.001151,0.253684
-0.347500,-1.348500,0.926800,1,0.149973,0.149973,0.184919,0.103815,0.253364,0.001151,0.261644
-0.347500,-1.305000,0.791335,1,0.145120,0.145120,0.177992,0.092036,0.254195,0.001151,0.269648
-0.347500,-1.261500,0.672432,1,0.140272,0.140272,0.170989,0.081082,0.254677,0.001151,0.277681
-0.347500,-1.218000,0.570140,1,0.135440,0.135440,0.163915,0.070957,0.254810,0.001151,0.285726
-0.347500,-1.174500,0.484506,1,0.130633,0.130633,0.156772,0.061665,0.254592,0.001151,0.293770
-0.347500,-1.131000,0.415575,1,0.125866,0.125866,0.149568,0.053210,0.254025,0.001151,0.301797
-0.347500,-1.087500,0.363393,1,0.121151,0.121151,0.142306,0.045598,0.253109,0.001151,0.309792
-0.347500,-1.044000,0.327999,1,0.116506,0.116506,0.134993,0.038831,0.251847,0.001151,0.317739
-0.347500,-1.000500,0.301444,1,0.111947,0.111947,0.127634,0.032914,0.250240,0.001151,0.325624
-0.347500,-0.957000,0.276134,1,0.107496,0.107496,0.120237,0.027851,0.248292,0.001151,0.333431
-0.347500,-0.913500,0.252104,1,0.103175,0.103175,0.112808,0.023644,0.246006,0.001151,0.341146
-0.347500,-0.870000,0.229389,1,0.099009,0.099009,0.105358,0.020298,0.243386,0.001151,0.348755
-0.347500,-0.826500,0.208022,1,0.095029,0.095029,0.097897,0.017814,0.240439,0.001151,0.356243
-0.347500,-0.783000,0.188032,1,0.091265,0.091265,0.090438,0.016197,0.237168,0.001151,0.363595
-0.347500,-0.739500,0.169448,1,0.087753,0.087753,0.082998,0.015449,0.233581,0.001151,0.370798
-0.347500,-0.696000,0.152295,1,0.084532,0.084532,0.075598,0.015571,0.229684,0.001151,0.377838
-0.347500,-0.652500,0.136596,1,0.081642,0.081642,0.068268,0.016567,0.225485,0.001151,0.384702
-0.347500,-0.609000,0.122372,1,0.079126,0.079126,0.061048,0.016236,0.220991,0.001151,0.391378
-0.347500,-0.565500,0.109642,1,0.077025,0.077025,0.054001,0.014386,0.216211,0.001151,0.397851
-0.347500,-0.522000,0.098421,1,0.075379,0.075379,0.047220,0.013427,0.211154,0.001151,0.404110
-0.347500,-0.478500,0.088723,1,0.074220,0.074220,0.040852,0.013361,0.205829,0.001151,0.410144
-0.347500,-0.435000,0.080559,1,0.073574,0.073574,0.035139,0.014189,0.200247,0.001151,0.415940
-0.347500,-0.391500,0.073938,1,0.073455,0.073455,0.030465,0.015914,0.194419,0.001151,0.421488
-0.347500,-0.348000,0.068865,1,0.073866,0.073866,0.027378,0.014821,0.188355,0.001151,0.426777
-0.347500,-0.304500,0.065343,1,0.074799,0.074799,0.026447,0.013744,0.182066,0.001151,0.431798
-0.347500,-0.261000,0.063374,1,0.076231,0.076231,0.027890,0.013578,0.175565,0.001151,0.436540
-0.347500,-0.217500,0.062954,1,0.078133,0.078133,0.031379,0.014323,0.168864,0.001151,0.440995
-0.347500,-0.174000,0.064081,1,0.080469,0.080469,0.036323,0.015980,0.161976,0.001151,0.445155
-0.347500,-0.130500,0.066746,1,0.083197,0.083197,0.042208,0.017332,0.154913,0.001151,0.449011
-0.347500,-0.087000,0.070940,1,0.086275,0.086275,0.048683,0.016209,0.147689,0.001151,0.452556
-0.347500,-0.043500,0.076651,1,0.089661,0.089661,0.055534,0.016009,0.140318,0.001151,0.455784
-0.347500,0.000000,0.083865,1,0.093317,0.093317,0.062625,0.016732,0.132814,0.001151,0.458689
-0.347500,0.043500,0.092564,1,0.097205,0.097205,0.069873,0.018377,0.125190,0.001151,0.461264
-0.347500,0.087000,0.102729,1,0.101292,0.101292,0.077222,0.020945,0.117462,0.001151,0.463505
-0.347500,0.130500,0.114337,1,0.105547,0.105547,0.084633,0.020557,0.109643,0.001151,0.465408
-0.347500,0.174000,0.127365,1,0.109943,0.109943,0.092079,0.020364,0.101749,0.001151,0.466969
-0.347500,0.217500,0.141785,1,0.114456,0.114456,0.099540,0.021100,0.093795,0.001151,0.468185
-0.347500,0.261000,0.156765,1,0.119065,0.119065,0.106623,0.022764,0.085795,0.001151,0.469055
-0.347500,0.304500,0.142041,1,0.123751,0.123751,0.099163,0.025354,0.077765,0.001151,0.469576
-0.347500,0.348000,0.128678,1,0.128496,0.128496,0.091702,0.026477,0.069720,0.001151,0.469747
-0.347500,0.391500,0.116700,1,0.133287,0.133287,0.084258,0.026304,0.061675,0.001151,0.469567
-0.347500,0.435000,0.106131,1,0.138110,0.138110,0.076849,0.027060,0.053646,0.001151,0.469039
-0.347500,0.478500,0.096990,1,0.142952,0.142952,0.069504,0.028744,0.045647,0.001151,0.468161
-0.347500,0.522000,0.089294,1,0.147804,0.147804,0.062262,0.031353,0.037693,0.001151,0.466937
-0.347500,0.565500,0.083060,1,0.152655,0.152655,0.055181,0.033627,0.029801,0.001151,0.465368
-0.347500,0.609000,0.078300,1,0.157498,0.157498,0.048345,0.033458,0.021984,0.001151,0.463457
-0.347500,0.652500,0.075025,1,0.162323,0.162323,0.041894,0.034214,0.014258,0.001151,0.461208
-0.347500,0.696000,0.073243,1,0.167124,0.167124,0.036047,0.035892,0.006637,0.001151,0.458625
-0.347500,0.739500,0.072959,1,0.171894,0.171894,0.031162,0.038488,-0.000865,0.001151,0.455714
-0.347500,0.783000,0.074177,1,0.176627,0.176627,0.027763,0.041659,-0.008232,0.001151,0.452478
-0.347500,0.826500,0.076898,1,0.181317,0.181317,0.026437,0.041452,-0.015453,0.001151,0.448926
-0.347500,0.870000,0.081119,1,0.185959,0.185959,0.027486,0.042159,-0.022512,0.001151,0.445063
-0.347500,0.913500,0.086836,1,0.190548,0.190548,0.030668,0.043777,-0.029396,0.001151,0.440896
-0.347500,0.957000,0.094042,1,0.195079,0.195079,0.035406,0.046301,-0.036092,0.001151,0.436434
-0.347500,1.000500,0.102729,1,0.199549,0.199549,0.041160,0.049725,-0.042588,0.001151,0.431685
-0.347500,1.044000,0.112885,1,0.203952,0.203952,0.047554,0.049922,-0.048872,0.001151,0.426659
-0.347500,1.087500,0.124495,1,0.208285,0.208285,0.054352,0.050508,-0.054931,0.001151,0.421363
-0.347500,1.131000,0.137542,1,0.212544,0.212544,0.061410,0.051988,-0.060754,0.001151,0.415809
-0.347500,1.174500,0.152009,1,0.216727,0.216727,0.068636,0.054358,-0.066330,0.001151,0.410008
-0.347500,1.218000,0.167874,1,0.220828,0.220828,0.075971,0.057610,-0.071648,0.001151,0.403969
-0.347500,1.261500,0.185114,1,0.224846,0.224846,0.083373,0.058539,-0.076699,0.001151,0.397704
-0.347500,1.305000,0.203702,1,0.228778,0.228778,0.090815,0.058909,-0.081472,0.001151,0.391226
-0.347500,1.348500,0.223611,1,0.232620,0.232620,0.098274,0.060153,-0.085960,0.001151,0.384547
-0.347500,1.392000,0.244811,1,0.236370,0.236370,0.105735,0.062266,-0.090152,0.001151,0.377678
-0.347500,1.435500,0.275082,1,0.240025,0.240025,0.113184,0.065241,-0.094042,0.001151,0.370634
-0.347500,1.479000,0.322203,1,0.243583,0.243583,0.120611,0.067020,-0.097622,0.001151,0.363428
-0.347500,1.522500,0.386137,1,0.247041,0.247041,0.128007,0.067062,-0.100885,0.001151,0.356072
-0.347500,1.566000,0.466847,1,0.250397,0.250397,0.135364,0.067956,-0.103825,0.001151,0.348582
-0.347500,1.609500,0.564292,1,0.253649,0.253649,0.142674,0.069695,-0.106437,0.001151,0.340970
-0.347500,1.653000,0.678432,1,0.256794,0.256794,0.149933,0.072272,-0.108715,0.001151,0.333253
-0.347500,1.696500,0.809222,1,0.259832,0.259832,0.157135,0.075140,-0.110656,0.001151,0.325443
-0.347500,1.740000,0.956620,1,0.262759,0.262759,0.164274,0.074730,-0.112255,0.001151,0.317557
-0.312750,-1.740000,inf,0,inf,inf,inf,inf,0.000000,0.000000,0.000000
-0.312750,-1.696500,inf,0,inf,inf,inf,inf,0.000000,0.000000,0.000000
-0.312750,-1.653000,inf,0,inf,inf,inf,inf,0.000000,0.000000,0.000000
-0.312750,-1.609500,inf,0,inf,inf,inf,inf,0.000000,0.000000,0.000000
-0.312750,-1.566000,inf,0,inf,inf,inf,inf,0.000000,0.000000,0.000000
-0.312750,-1.522500,inf,0,inf,inf,inf,inf,0.000000,0.000000,0.000000
-0.312750,-1.479000,inf,0,inf,inf,inf,inf,0.000000,0.000000,0.000000
-0.312750,-1.435500,inf,0,inf,inf,inf,inf,0.000000,0.000000,0.000000
-0.312750,-1.392000,0.932086,1,0.144570,0.144570,0.179272,0.103713,0.246416,0.001151,0.262348
-0.312750,-1.348500,0.794039,1,0.139585,0.139585,0.172331,0.091856,0.247317,0.001151,0.270345
-0.312750,-1.305000,0.672585,1,0.134611,0.134611,0.165319,0.080826,0.247870,0.001151,0.278372
-0.312750,-1.261500,0.567772,1,0.129659,0.129659,0.158239,0.070628,0.248073,0.001151,0.286417
-0.312750,-1.218000,0.479646,1,0.124743,0.124743,0.151098,0.061265,0.247925,0.001151,0.294462
-0.312750,-1.174500,0.408250,1,0.119876,0.119876,0.143899,0.052743,0.247428,0.001151,0.302494
-0.312750,-1.131000,0.353628,1,0.115075,0.115075,0.136649,0.045064,0.246583,0.001151,0.310496
-0.312750,-1.087500,0.315819,1,0.110357,0.110357,0.129355,0.038233,0.245390,0.001151,0.318454
-0.312750,-1.044000,0.289733,1,0.105744,0.105744,0.122022,0.032254,0.243852,0.001151,0.326353
-0.312750,-1.000500,0.265192,1,0.101259,0.101259,0.114660,0.027130,0.241972,0.001151,0.334177
-0.312750,-0.957000,0.241950,1,0.096928,0.096928,0.107276,0.022864,0.239754,0.001151,0.341912
-0.312750,-0.913500,0.220040,1,0.092783,0.092783,0.099883,0.019459,0.237201,0.001151,0.349543
-0.312750,-0.870000,0.199491,1,0.088857,0.088857,0.092493,0.016919,0.234319,0.001151,0.357056
-0.312750,-0.826500,0.180333,1,0.085190,0.085190,0.085124,0.015246,0.231113,0.001151,0.364437
-0.312750,-0.783000,0.162592,1,0.081822,0.081822,0.077796,0.014442,0.227589,0.001151,0.371671
-0.312750,-0.739500,0.146290,1,0.078799,0.078799,0.070539,0.014511,0.223754,0.001151,0.378745
-0.312750,-0.696000,0.131449,1,0.076169,0.076169,0.063393,0.015452,0.219614,0.001151,0.385646
-0.312750,-0.652500,0.118089,1,0.073978,0.073978,0.056416,0.015781,0.215179,0.001151,0.392360
-0.312750,-0.609000,0.106225,1,0.072270,0.072270,0.049697,0.013888,0.210456,0.001151,0.398875
-0.312750,-0.565500,0.095872,1,0.071084,0.071084,0.043369,0.012887,0.205454,0.001151,0.405178
-0.312750,-0.522000,0.087041,1,0.070449,0.070449,0.037647,0.012778,0.200182,0.001151,0.411258
-0.312750,-0.478500,0.079741,1,0.070381,0.070381,0.032861,0.013564,0.194652,0.001151,0.417103
-0.312750,-0.435000,0.073978,1,0.070880,0.070880,0.029482,0.015245,0.188872,0.001151,0.422701
-0.312750,-0.391500,0.069756,1,0.071936,0.071936,0.028030,0.014826,0.182854,0.001151,0.428044
-0.312750,-0.348000,0.067076,1,0.073521,0.073521,0.028801,0.013716,0.176610,0.001151,0.433119
-0.312750,-0.304500,0.065938,1,0.075599,0.075599,0.031633,0.013515,0.170151,0.001151,0.437918
-0.312750,-0.261000,0.066337,1,0.078128,0.078128,0.036037,0.014225,0.163489,0.001151,0.442432
-0.312750,-0.217500,0.068268,1,0.081061,0.081061,0.041510,0.015846,0.156637,0.001151,0.446652
-0.312750,-0.174000,0.071720,1,0.084349,0.084349,0.047677,0.017868,0.149608,0.001151,0.450569
-0.312750,-0.130500,0.076683,1,0.087949,0.087949,0.054292,0.016717,0.142416,0.001151,0.454178
-0.312750,-0.087000,0.083143,1,0.091816,0.091816,0.061199,0.016487,0.135073,0.001151,0.457470
-0.312750,-0.043500,0.091083,1,0.095912,0.095912,0.068300,0.017178,0.127595,0.001151,0.460440
-0.312750,0.000000,0.100484,1,0.100201,0.100201,0.075527,0.018789,0.119994,0.001151,0.463082
-0.312750,0.043500,0.111326,1,0.104651,0.104651,0.082837,0.021320,0.112285,0.001151,0.465390
-0.312750,0.087000,0.123585,1,0.109236,0.109236,0.090196,0.021606,0.104484,0.001151,0.467362
-0.312750,0.130500,0.137234,1,0.113930,0.113930,0.097581,0.021382,0.096604,0.001151,0.468992
-0.312750,0.174000,0.152245,1,0.118713,0.118713,0.104975,0.022085,0.088660,0.001151,0.470278
-0.312750,0.217500,0.144621,1,0.123566,0.123566,0.101137,0.023713,0.080668,0.001151,0.471217
-0.312750,0.261000,0.130754,1,0.128472,0.128472,0.093746,0.026264,0.072643,0.001151,0.471808
-0.312750,0.304500,0.118256,1,0.133416,0.133416,0.086371,0.028049,0.064600,0.001151,0.472049
-0.312750,0.348000,0.107151,1,0.138386,0.138386,0.079034,0.027841,0.056554,0.001151,0.471941
-0.312750,0.391500,0.097458,1,0.143369,0.143369,0.071763,0.028559,0.048520,0.001151,0.471482
-0.312750,0.435000,0.089196,1,0.148357,0.148357,0.064595,0.030201,0.040514,0.001151,0.470675
-0.312750,0.478500,0.082381,1,0.153338,0.153338,0.057584,0.032764,0.032550,0.001151,0.469520
-0.312750,0.522000,0.077025,1,0.158306,0.158306,0.050813,0.035684,0.024644,0.001151,0.468020
-0.312750,0.565500,0.073141,1,0.163251,0.163251,0.044407,0.035472,0.016811,0.001151,0.466178
-0.312750,0.609000,0.070736,1,0.168168,0.168168,0.038562,0.036181,0.009066,0.001151,0.463997
-0.312750,0.652500,0.069816,1,0.173049,0.173049,0.033588,0.037807,0.001422,0.001151,0.461481
-0.312750,0.696000,0.070385,1,0.177889,0.177889,0.029932,0.040346,-0.006105,0.001151,0.458635
-0.312750,0.739500,0.072445,1,0.182682,0.182682,0.028122,0.043793,-0.013501,0.001151,0.455464
-0.312750,0.783000,0.075994,1,0.187423,0.187423,0.028515,0.043882,-0.020752,0.001151,0.451975
-0.312750,0.826500,0.081028,1,0.192108,0.192108,0.031027,0.044529,-0.027844,0.001151,0.448174
-0.312750,0.870000,0.087541,1,0.196731,0.196731,0.035203,0.046082,-0.034764,0.001151,0.444068
-0.312750,0.913500,0.095525,1,0.201289,0.201289,0.040525,0.048536,-0.041500,0.001151,0.439664
-0.312750,0.957000,0.104968,1,0.205778,0.205778,0.046594,0.051884,-0.048037,0.001151,0.434972
-0.312750,1.000500,0.115857,1,0.210193,0.210193,0.053146,0.052692,-0.054364,0.001151,0.430001
-0.312750,1.044000,0.128176,1,0.214532,0.214532,0.060012,0.053203,-0.060469,0.001151,0.424759
-0.312750,1.087500,0.141907,1,0.218790,0.218790,0.067085,0.054603,-0.066341,0.001151,0.419256
-0.312750,1.131000,0.157029,1,0.222965,0.222965,0.074295,0.056886,-0.071967,0.001151,0.413503
-0.312750,1.174500,0.173520,1,0.227053,0.227053,0.081593,0.060046,-0.077338,0.001151,0.407511
-0.312750,1.218000,0.191355,1,0.231052,0.231052,0.088945,0.061561,-0.082444,0.001151,0.401291
-0.312750,1.261500,0.210506,1,0.234959,0.234959,0.096328,0.061838,-0.087274,0.001151,0.394855
-0.312750,1.305000,0.230944,1,0.238771,0.238771,0.103721,0.062984,-0.091819,0.001151,0.388215
-0.312750,1.348500,0.252638,1,0.242485,0.242485,0.111111,0.064993,-0.096072,0.001151,0.381384
-0.312750,1.392000,0.275555,1,0.246099,0.246099,0.118485,0.067859,-0.100023,0.001151,0.374374
-0.312750,1.435500,0.307470,1,0.249611,0.249611,0.125833,0.070198,-0.103666,0.001151,0.367199
-0.312750,1.479000,0.356161,1,0.253019,0.253019,0.133146,0.070129,-0.106993,0.001151,0.359872
-0.312750,1.522500,0.421587,1,0.256319,0.256319,0.140419,0.070906,-0.109999,0.001151,0.352408
-0.312750,1.566000,0.503708,1,0.259511,0.259511,0.147643,0.072522,-0.112677,0.001151,0.344819
-0.312750,1.609500,0.602481,1,0.262593,0.262593,0.154812,0.074972,-0.115023,0.001151,0.337122
-0.312750,1.653000,0.717862,1,0.265561,0.265561,0.161922,0.078247,-0.117032,0.001151,0.329330
-0.312750,1.696500,0.849806,1,0.268415,0.268415,0.168968,0.077834,-0.118700,0.001151,0.321458
-0.312750,1.740000,1.003396,1,0.271153,0.271153,0.175944,0.078117,-0.120024,0.001151,0.313521
-0.278000,-1.740000,inf,0,inf,inf,inf,inf,0.000000,0.000000,0.000000
-0.278000,-1.696500,inf,0,inf,inf,inf,inf,0.000000,0.000000,0.000000
-0.278000,-1.653000,inf,0,inf,inf,inf,inf,0.000000,0.000000,0.000000
-0.278000,-1.609500,inf,0,inf,inf,inf,inf,0.000000,0.000000,0.000000
-0.278000,-1.566000,inf,0,inf,inf,inf,inf,0.000000,0.000000,0.000000
-0.278000,-1.522500,inf,0,inf,inf,inf,inf,0.000000,0.000000,0.000000
-0.278000,-1.479000,inf,0,inf,inf,inf,inf,0.000000,0.000000,0.000000
-0.278000,-1.435500,0.947124,1,0.139421,0.139421,0.173691,0.103728,0.239378,0.001151,0.262819
-0.278000,-1.392000,0.798632,1,0.134281,0.134281,0.166725,0.091789,0.240349,0.001151,0.270807
-0.278000,-1.348500,0.674579,1,0.129156,0.129156,0.159691,0.080679,0.240972,0.001151,0.278829
-0.278000,-1.305000,0.567199,1,0.124061,0.124061,0.152596,0.070404,0.241245,0.001151,0.286872
-0.278000,-1.261500,0.476537,1,0.119008,0.119008,0.145443,0.060967,0.241168,0.001151,0.294918
-0.278000,-1.218000,0.402635,1,0.114015,0.114015,0.138239,0.052372,0.240742,0.001151,0.302954
-0.278000,-1.174500,0.345534,1,0.109098,0.109098,0.130990,0.044624,0.239966,0.001151,0.310963
-0.278000,-1.131000,0.305272,1,0.104278,0.104278,0.123702,0.037726,0.238843,0.001151,0.318931
-0.278000,-1.087500,0.278989,1,0.099581,0.099581,0.116385,0.031682,0.237374,0.001151,0.326843
-0.278000,-1.044000,0.255185,1,0.095032,0.095032,0.109047,0.026494,0.235563,0.001151,0.334683
-0.278000,-1.000500,0.232702,1,0.090665,0.090665,0.101699,0.022166,0.233412,0.001151,0.342437
-0.278000,-0.957000,0.211569,1,0.086514,0.086514,0.094355,0.018702,0.230926,0.001151,0.350091
-0.278000,-0.913500,0.191816,1,0.082623,0.082623,0.087030,0.016103,0.228110,0.001151,0.357629
-0.278000,-0.870000,0.173469,1,0.079035,0.079035,0.079745,0.014372,0.224969,0.001151,0.365037
-0.278000,-0.826500,0.156552,1,0.075802,0.075802,0.072530,0.013512,0.221508,0.001151,0.372302
-0.278000,-0.783000,0.141086,1,0.072978,0.072978,0.065423,0.013524,0.217735,0.001151,0.379409
-0.278000,-0.739500,0.127092,1,0.070618,0.070618,0.058479,0.014411,0.213656,0.001151,0.386346
-0.278000,-0.696000,0.114585,1,0.068772,0.068772,0.051779,0.015382,0.209280,0.001151,0.393098
-0.278000,-0.652500,0.103581,1,0.067489,0.067489,0.045447,0.013447,0.204614,0.001151,0.399654
-0.278000,-0.609000,0.094091,1,0.066801,0.066801,0.039674,0.012403,0.199667,0.001151,0.406001
-0.278000,-0.565500,0.086125,1,0.066730,0.066730,0.034754,0.012252,0.194449,0.001151,0.412127
-0.278000,-0.522000,0.079690,1,0.067277,0.067277,0.031105,0.012995,0.188970,0.001151,0.418020
-0.278000,-0.478500,0.074790,1,0.068427,0.068427,0.029215,0.014633,0.183239,0.001151,0.423669
-0.278000,-0.435000,0.071427,1,0.070147,0.070147,0.029430,0.014871,0.177268,0.001151,0.429064
-0.278000,-0.391500,0.069601,1,0.072394,0.072394,0.031705,0.013728,0.171069,0.001151,0.434194
-0.278000,-0.348000,0.069307,1,0.075117,0.075117,0.035645,0.013495,0.164652,0.001151,0.439049
-0.278000,-0.304500,0.070541,1,0.078260,0.078260,0.040763,0.014171,0.158030,0.001151,0.443621
-0.278000,-0.261000,0.073294,1,0.081771,0.081771,0.046667,0.015756,0.151215,0.001151,0.447900
-0.278000,-0.217500,0.077556,1,0.085597,0.085597,0.053084,0.018250,0.144221,0.001151,0.451880
-0.278000,-0.174000,0.083312,1,0.089692,0.089692,0.059841,0.017257,0.137060,0.001151,0.455551
-0.278000,-0.130500,0.090547,1,0.094013,0.094013,0.066823,0.016999,0.129747,0.001151,0.458907
-0.278000,-0.087000,0.099244,1,0.098523,0.098523,0.073955,0.017661,0.122294,0.001151,0.461942
-0.278000,-0.043500,0.109380,1,0.103189,0.103189,0.081187,0.019241,0.114717,0.001151,0.464650
-0.278000,0.000000,0.120934,1,0.107983,0.107983,0.088481,0.021738,0.107029,0.001151,0.467026
-0.278000,0.043500,0.133879,1,0.112879,0.112879,0.095812,0.022685,0.099245,0.001151,0.469066
-0.278000,0.087000,0.148189,1,0.117857,0.117857,0.103158,0.022434,0.091379,0.001151,0.470765
-0.278000,0.130500,0.147698,1,0.122898,0.122898,0.102946,0.023108,0.083447,0.001151,0.472120
-0.278000,0.174000,0.133310,1,0.127985,0.127985,0.095599,0.024704,0.075464,0.001151,0.473130
-0.278000,0.217500,0.120281,1,0.133103,0.133103,0.088270,0.027220,0.067444,0.001151,0.473791
-0.278000,0.261000,0.108633,1,0.138241,0.138241,0.080977,0.029655,0.059404,0.001151,0.474103
-0.278000,0.304500,0.098387,1,0.143387,0.143387,0.073747,0.029416,0.051357,0.001151,0.474064
-0.278000,0.348000,0.089561,1,0.148531,0.148531,0.066619,0.030101,0.043319,0.001151,0.473676
-0.278000,0.391500,0.082172,1,0.153664,0.153664,0.059642,0.031706,0.035306,0.001151,0.472939
-0.278000,0.435000,0.076232,1,0.158777,0.158777,0.052893,0.034229,0.027333,0.001151,0.471854
-0.278000,0.478500,0.071755,1,0.163864,0.163864,0.046487,0.037664,0.019414,0.001151,0.470423
-0.278000,0.522000,0.068747,1,0.168917,0.168917,0.040603,0.037535,0.011565,0.001151,0.468649
-0.278000,0.565500,0.067217,1,0.173931,0.173931,0.035512,0.038203,0.003801,0.001151,0.466536
-0.278000,0.609000,0.067167,1,0.178899,0.178899,0.031613,0.039783,-0.003864,0.001151,0.464087
-0.278000,0.652500,0.068600,1,0.183816,0.183816,0.029393,0.042272,-0.011416,0.001151,0.461307
-0.278000,0.696000,0.071515,1,0.188678,0.188678,0.029241,0.045665,-0.018839,0.001151,0.458201
-0.278000,0.739500,0.075908,1,0.193479,0.193479,0.031188,0.046378,-0.026120,0.001151,0.454776
-0.278000,0.783000,0.081774,1,0.198215,0.198215,0.034881,0.046972,-0.033246,0.001151,0.451037
-0.278000,0.826500,0.089105,1,0.202882,0.202882,0.039831,0.048467,-0.040202,0.001151,0.446991
-0.278000,0.870000,0.097891,1,0.207477,0.207477,0.045623,0.050858,-0.046975,0.001151,0.442647
-0.278000,0.913500,0.108117,1,0.211995,0.211995,0.051968,0.054139,-0.053554,0.001151,0.438013
-0.278000,0.957000,0.119769,1,0.216433,0.216433,0.058677,0.055549,-0.059924,0.001151,0.433096
-0.278000,1.000500,0.132830,1,0.220788,0.220788,0.065627,0.055992,-0.066075,0.001151,0.427908
-0.278000,1.044000,0.147279,1,0.225057,0.225057,0.072738,0.057319,-0.071994,0.001151,0.422457
-0.278000,1.087500,0.163094,1,0.229236,0.229236,0.079955,0.059524,-0.077671,0.001151,0.416753
-0.278000,1.131000,0.180251,1,0.233322,0.233322,0.087241,0.062600,-0.083094,0.001151,0.410809
-0.278000,1.174500,0.198723,1,0.237314,0.237314,0.094567,0.064694,-0.088253,0.001151,0.404634
-0.278000,1.218000,0.218482,1,0.241207,0.241207,0.101912,0.064887,-0.093139,0.001151,0.398240
-0.278000,1.261500,0.239496,1,0.245001,0.245001,0.109260,0.065943,-0.097743,0.001151,0.391640
-0.278000,1.305000,0.261732,1,0.248691,0.248691,0.116597,0.067856,-0.102055,0.001151,0.384846
-0.278000,1.348500,0.285157,1,0.252277,0.252277,0.123914,0.070620,-0.106068,0.001151,0.377871
-0.278000,1.392000,0.309732,1,0.255755,0.255755,0.131200,0.073514,-0.109773,0.001151,0.370728
-0.278000,1.435500,0.343233,1,0.259124,0.259124,0.138448,0.073342,-0.113165,0.001151,0.363431
-0.278000,1.479000,0.393431,1,0.262382,0.262382,0.145651,0.074010,-0.116235,0.001151,0.355993
-0.278000,1.522500,0.460285,1,0.265526,0.265526,0.152802,0.075513,-0.118980,0.001151,0.348429
-0.278000,1.566000,0.543750,1,0.268554,0.268554,0.159896,0.077842,-0.121393,0.001151,0.340752
-0.278000,1.609500,0.643783,1,0.271466,0.271466,0.166927,0.080992,-0.123470,0.001151,0.332978
-0.278000,1.653000,0.760336,1,0.274259,0.274259,0.173892,0.081112,-0.125206,0.001151,0.325121
-0.278000,1.696500,0.896261,1,0.276932,0.276932,0.180784,0.081267,-0.126600,0.001151,0.317195
-0.278000,1.740000,1.063041,1,0.279483,0.279483,0.187600,0.082232,-0.127647,0.001151,0.309217
-0.243250,-1.740000,inf,0,inf,inf,inf,inf,0.000000,0.000000,0.000000
-0.243250,-1.696500,inf,0,inf,inf,inf,inf,0.000000,0.000000,0.000000
-0.243250,-1.653000,inf,0,inf,inf,inf,inf,0.000000,0.000000,0.000000
-0.243250,-1.609500,inf,0,inf,inf,inf,inf,0.000000,0.000000,0.000000
-0.243250,-1.566000,inf,0,inf,inf,inf,inf,0.000000,0.000000,0.000000
-0.243250,-1.522500,inf,0,inf,inf,inf,inf,0.000000,0.000000,0.000000
-0.243250,-1.479000,0.979784,1,0.134574,0.134574,0.168199,0.103866,0.232258,0.001151,0.263053
-0.243250,-1.435500,0.812982,1,0.129255,0.129255,0.161195,0.091839,0.233299,0.001151,0.271032
-0.243250,-1.392000,0.678468,1,0.123956,0.123956,0.154128,0.080646,0.233992,0.001151,0.279049
-0.243250,-1.348500,0.568473,1,0.118691,0.118691,0.147003,0.070289,0.234335,0.001151,0.287089
-0.243250,-1.305000,0.475229,1,0.113474,0.113474,0.139827,0.060774,0.234329,0.001151,0.295136
-0.243250,-1.261500,0.398777,1,0.108323,0.108323,0.132604,0.052103,0.233973,0.001151,0.303175
-0.243250,-1.218000,0.339155,1,0.103259,0.103259,0.125343,0.044282,0.233267,0.001151,0.311190
-0.243250,-1.174500,0.296402,1,0.098305,0.098305,0.118051,0.037313,0.232214,0.001151,0.319168
-0.243250,-1.131000,0.269252,1,0.093489,0.093489,0.110736,0.031200,0.230814,0.001151,0.327092
-0.243250,-1.087500,0.246151,1,0.088843,0.088843,0.103410,0.025946,0.229071,0.001151,0.334948
-0.243250,-1.044000,0.224395,1,0.084405,0.084405,0.096086,0.021554,0.226989,0.001151,0.342721
-0.243250,-1.000500,0.204010,1,0.080219,0.080219,0.088779,0.018027,0.224570,0.001151,0.350396
-0.243250,-0.957000,0.185026,1,0.076333,0.076333,0.081510,0.015367,0.221820,0.001151,0.357958
-0.243250,-0.913500,0.167465,1,0.072805,0.072805,0.074305,0.013577,0.218744,0.001151,0.365394
-0.243250,-0.870000,0.151351,1,0.069696,0.069696,0.067201,0.012659,0.215347,0.001151,0.372688
-0.243250,-0.826500,0.136703,1,0.067071,0.067071,0.060250,0.012614,0.211636,0.001151,0.379828
-0.243250,-0.783000,0.123539,1,0.064992,0.064992,0.053528,0.013444,0.207618,0.001151,0.386800
-0.243250,-0.739500,0.111873,1,0.063519,0.063519,0.047146,0.015042,0.203301,0.001151,0.393591
-0.243250,-0.696000,0.101719,1,0.062696,0.062696,0.041278,0.013063,0.198692,0.001151,0.400188
-0.243250,-0.652500,0.093085,1,0.062551,0.062551,0.036189,0.011975,0.193801,0.001151,0.406578
-0.243250,-0.609000,0.085980,1,0.063089,0.063089,0.032261,0.011781,0.188637,0.001151,0.412749
-0.243250,-0.565500,0.080409,1,0.064292,0.064292,0.029963,0.012481,0.183210,0.001151,0.418689
-0.243250,-0.522000,0.076374,1,0.066121,0.066121,0.029680,0.014076,0.177529,0.001151,0.424389
-0.243250,-0.478500,0.073874,1,0.068522,0.068522,0.031468,0.014957,0.171605,0.001151,0.429835
-0.243250,-0.435000,0.072908,1,0.071435,0.071435,0.035008,0.013782,0.165451,0.001151,0.435019
-0.243250,-0.391500,0.073470,1,0.074793,0.074793,0.039829,0.013515,0.159077,0.001151,0.439931
-0.243250,-0.348000,0.075552,1,0.078534,0.078534,0.045520,0.014158,0.152495,0.001151,0.444560
-0.243250,-0.304500,0.079144,1,0.082600,0.082600,0.051785,0.015710,0.145718,0.001151,0.448899
-0.243250,-0.261000,0.084233,1,0.086937,0.086937,0.058430,0.018170,0.138759,0.001151,0.452939
-0.243250,-0.217500,0.090804,1,0.091500,0.091500,0.065328,0.017829,0.131631,0.001151,0.456673
-0.243250,-0.174000,0.098839,1,0.096248,0.096248,0.072397,0.017545,0.124347,0.001151,0.460093
-0.243250,-0.130500,0.108319,1,0.101147,0.101147,0.079579,0.018179,0.116921,0.001151,0.463193
-0.243250,-0.087000,0.119220,1,0.106168,0.106168,0.086834,0.019730,0.109368,0.001151,0.465968
-0.243250,-0.043500,0.131518,1,0.111284,0.111284,0.094133,0.022197,0.101701,0.001151,0.468411
-0.243250,0.000000,0.145185,1,0.116475,0.116475,0.101454,0.023791,0.093935,0.001151,0.470519
-0.243250,0.043500,0.151382,1,0.121722,0.121722,0.104653,0.023516,0.086084,0.001151,0.472286
-0.243250,0.087000,0.136444,1,0.127009,0.127009,0.097327,0.024164,0.078165,0.001151,0.473711
-0.243250,0.130500,0.122858,1,0.132321,0.132321,0.090016,0.025732,0.070191,0.001151,0.474790
-0.243250,0.174000,0.110645,1,0.137646,0.137646,0.082739,0.028217,0.062177,0.001151,0.475521
-0.243250,0.217500,0.099829,1,0.142972,0.142972,0.075521,0.031292,0.054139,0.001151,0.475904
-0.243250,0.261000,0.090426,1,0.148292,0.148292,0.068397,0.031027,0.046092,0.001151,0.475936
-0.243250,0.304500,0.082455,1,0.153594,0.153594,0.061416,0.031682,0.038052,0.001151,0.475618
-0.243250,0.348000,0.075928,1,0.158873,0.158873,0.054647,0.033255,0.030033,0.001151,0.474951
-0.243250,0.391500,0.070857,1,0.164119,0.164119,0.048197,0.035742,0.022050,0.001151,0.473936
-0.243250,0.435000,0.067253,1,0.169328,0.169328,0.042227,0.039139,0.014119,0.001151,0.472574
-0.243250,0.478500,0.065121,1,0.174493,0.174493,0.036982,0.039644,0.006255,0.001151,0.470869
-0.243250,0.522000,0.064467,1,0.179608,0.179608,0.032825,0.040274,-0.001528,0.001151,0.468824
-0.243250,0.565500,0.065292,1,0.184668,0.184668,0.030218,0.041815,-0.009214,0.001151,0.466442
-0.243250,0.609000,0.067596,1,0.189669,0.189669,0.029578,0.044260,-0.016789,0.001151,0.463728
-0.243250,0.652500,0.071376,1,0.194606,0.194606,0.031029,0.047605,-0.024240,0.001151,0.460687
-0.243250,0.696000,0.076627,1,0.199474,0.199474,0.034304,0.048934,-0.031550,0.001151,0.457326
-0.243250,0.739500,0.083342,1,0.204270,0.204270,0.038941,0.049481,-0.038708,0.001151,0.453649
-0.243250,0.783000,0.091509,1,0.208990,0.208990,0.044508,0.050925,-0.045700,0.001151,0.449665
-0.243250,0.826500,0.101118,1,0.213630,0.213630,0.050691,0.053260,-0.052511,0.001151,0.445380
-0.243250,0.870000,0.112152,1,0.218188,0.218188,0.057282,0.056480,-0.059129,0.001151,0.440803
-0.243250,0.913500,0.124595,1,0.222658,0.222658,0.064145,0.058487,-0.065543,0.001151,0.435943
-0.243250,0.957000,0.138427,1,0.227040,0.227040,0.071189,0.058869,-0.071739,0.001151,0.430809
-0.243250,1.000500,0.153626,1,0.231328,0.231328,0.078355,0.060129,-0.077705,0.001151,0.425410
-0.243250,1.044000,0.170169,1,0.235522,0.235522,0.085600,0.062263,-0.083432,0.001151,0.419756
-0.243250,1.087500,0.188029,1,0.239617,0.239617,0.092893,0.065264,-0.088907,0.001151,0.413859
-0.243250,1.131000,0.207178,1,0.243612,0.243612,0.100212,0.067932,-0.094120,0.001151,0.407729
-0.243250,1.174500,0.227586,1,0.247504,0.247504,0.107539,0.068047,-0.099062,0.001151,0.401379
-0.243250,1.218000,0.249219,1,0.251290,0.251290,0.114860,0.069021,-0.103723,0.001151,0.394819
-0.243250,1.261500,0.272045,1,0.254969,0.254969,0.122163,0.070846,-0.108094,0.001151,0.388063
-0.243250,1.305000,0.296026,1,0.258537,0.258537,0.129439,0.073516,-0.112168,0.001151,0.381124
-0.243250,1.348500,0.321124,1,0.261993,0.261993,0.136679,0.076960,-0.115936,0.001151,0.374013
-0.243250,1.392000,0.347300,1,0.265335,0.265335,0.143877,0.076693,-0.119391,0.001151,0.366746
-0.243250,1.435500,0.382324,1,0.268561,0.268561,0.151025,0.077260,-0.122527,0.001151,0.359335
-0.243250,1.479000,0.433966,1,0.271668,0.271668,0.158118,0.078657,-0.125337,0.001151,0.351795
-0.243250,1.522500,0.502181,1,0.274656,0.274656,0.165150,0.080874,-0.127817,0.001151,0.344140
-0.243250,1.566000,0.586923,1,0.277523,0.277523,0.172116,0.083907,-0.129962,0.001151,0.336384
-0.243250,1.609500,0.688145,1,0.280266,0.280266,0.179011,0.084555,-0.131767,0.001151,0.328543
-0.243250,1.653000,0.807099,1,0.282885,0.282885,0.185832,0.084591,-0.133230,0.001151,0.320630
-0.243250,1.696500,0.955321,1,0.285377,0.285377,0.192573,0.085431,-0.134347,0.001151,0.312661
-0.243250,1.740000,1.135498,1,0.287742,0.287742,0.199231,0.087068,-0.135117,0.001151,0.304651
-0.208500,-1.740000,inf,0,inf,inf,inf,inf,0.000000,0.000000,0.000000
-0.208500,-1.696500,inf,0,inf,inf,inf,inf,0.000000,0.000000,0.000000
-0.208500,-1.653000,inf,0,inf,inf,inf,inf,0.000000,0.000000,0.000000
-0.208500,-1.609500,inf,0,inf,inf,inf,inf,0.000000,0.000000,0.000000
-0.208500,-1.566000,inf,0,inf,inf,inf,inf,0.000000,0.000000,0.000000
-0.208500,-1.522500,1.030123,1,0.130080,0.130080,0.162820,0.104132,0.225065,0.001151,0.263049
-0.208500,-1.479000,0.844958,1,0.124561,0.124561,0.155766,0.092013,0.226175,0.001151,0.271019
-0.208500,-1.435500,0.692118,1,0.119064,0.119064,0.148652,0.080730,0.226938,0.001151,0.279030
-0.208500,-1.392000,0.571646,1,0.113601,0.113601,0.141485,0.070288,0.227352,0.001151,0.287066
-0.208500,-1.348500,0.475772,1,0.108191,0.108191,0.134271,0.060690,0.227416,0.001151,0.295112
-0.208500,-1.305000,0.396723,1,0.102852,0.102852,0.127016,0.051940,0.227130,0.001151,0.303154
-0.208500,-1.261500,0.334537,1,0.097607,0.097607,0.119728,0.044042,0.226494,0.001151,0.311176
-0.208500,-1.218000,0.289250,1,0.092482,0.092482,0.112416,0.036999,0.225511,0.001151,0.319162
-0.208500,-1.174500,0.260562,1,0.087509,0.087509,0.105089,0.030814,0.224181,0.001151,0.327099
-0.208500,-1.131000,0.238128,1,0.082725,0.082725,0.097761,0.025491,0.222507,0.001151,0.334970
-0.208500,-1.087500,0.217063,1,0.078177,0.078177,0.090446,0.021031,0.220492,0.001151,0.342760
-0.208500,-1.044000,0.197395,1,0.073915,0.073915,0.083163,0.017439,0.218141,0.001151,0.350456
-0.208500,-1.000500,0.179150,1,0.070002,0.070002,0.075938,0.014716,0.215457,0.001151,0.358042
-0.208500,-0.957000,0.162349,1,0.066507,0.066507,0.068804,0.012864,0.212446,0.001151,0.365504
-0.208500,-0.913500,0.147014,1,0.063506,0.063506,0.061809,0.011885,0.209113,0.001151,0.372828
-0.208500,-0.870000,0.133162,1,0.061078,0.061078,0.055021,0.011781,0.205465,0.001151,0.380001
-0.208500,-0.826500,0.120809,1,0.059298,0.059298,0.048543,0.012554,0.201508,0.001151,0.387008
-0.208500,-0.783000,0.109968,1,0.058229,0.058229,0.042532,0.014205,0.197250,0.001151,0.393836
-0.208500,-0.739500,0.100650,1,0.057913,0.057913,0.037229,0.012737,0.192700,0.001151,0.400472
-0.208500,-0.696000,0.092863,1,0.058363,0.058363,0.032989,0.011605,0.187865,0.001151,0.406905
-0.208500,-0.652500,0.086612,1,0.059559,0.059559,0.030271,0.011367,0.182755,0.001151,0.413121
-0.208500,-0.609000,0.081900,1,0.061458,0.061458,0.029505,0.012024,0.177380,0.001151,0.419109
-0.208500,-0.565500,0.078728,1,0.063992,0.063992,0.030839,0.013576,0.171749,0.001151,0.424857
-0.208500,-0.522000,0.077094,1,0.067085,0.067085,0.034023,0.015084,0.165873,0.001151,0.430356
-0.208500,-0.478500,0.076992,1,0.070659,0.070659,0.038598,0.013876,0.159764,0.001151,0.435593
-0.208500,-0.435000,0.078416,1,0.074638,0.074638,0.044126,0.013578,0.153433,0.001151,0.440560
-0.208500,-0.391500,0.081357,1,0.078953,0.078953,0.050285,0.014188,0.146892,0.001151,0.445247
-0.208500,-0.348000,0.085800,1,0.083547,0.083547,0.056861,0.015706,0.140154,0.001151,0.449645
-0.208500,-0.304500,0.091733,1,0.088366,0.088366,0.063714,0.018133,0.133230,0.001151,0.453746
-0.208500,-0.261000,0.099137,1,0.093368,0.093368,0.070753,0.018431,0.126135,0.001151,0.457542
-0.208500,-0.217500,0.107994,1,0.098516,0.098516,0.077916,0.018121,0.118881,0.001151,0.461026
-0.208500,-0.174000,0.118281,1,0.103780,0.103780,0.085160,0.018730,0.111483,0.001151,0.464191
-0.208500,-0.130500,0.129973,1,0.109133,0.109133,0.092454,0.020254,0.103954,0.001151,0.467031
-0.208500,-0.087000,0.143045,1,0.114554,0.114554,0.099775,0.022693,0.096309,0.001151,0.469542
-0.208500,-0.043500,0.155819,1,0.120023,0.120023,0.106332,0.024923,0.088562,0.001151,0.471717
-0.208500,0.000000,0.140287,1,0.125525,0.125525,0.099003,0.024627,0.080727,0.001151,0.473554
-0.208500,0.043500,0.126103,1,0.131047,0.131047,0.091685,0.025251,0.072820,0.001151,0.475048
-0.208500,0.087000,0.113290,1,0.136574,0.136574,0.084395,0.026793,0.064856,0.001151,0.476196
-0.208500,0.130500,0.101870,1,0.142098,0.142098,0.077158,0.029251,0.056849,0.001151,0.476998
-0.208500,0.174000,0.091864,1,0.147609,0.147609,0.070005,0.032621,0.048815,0.001151,0.477450
-0.208500,0.217500,0.083286,1,0.153098,0.153098,0.062983,0.032667,0.040769,0.001151,0.477553
-0.208500,0.261000,0.076152,1,0.158558,0.158558,0.056153,0.033298,0.032725,0.001151,0.477305
-0.208500,0.304500,0.070475,1,0.163982,0.163982,0.049614,0.034843,0.024701,0.001151,0.476708
-0.208500,0.348000,0.066263,1,0.169363,0.169363,0.043510,0.037299,0.016710,0.001151,0.475763
-0.208500,0.391500,0.063525,1,0.174695,0.174695,0.038065,0.040662,0.008767,0.001151,0.474471
-0.208500,0.435000,0.062265,1,0.179975,0.179975,0.033614,0.041791,0.000888,0.001151,0.472835
-0.208500,0.478500,0.062485,1,0.185195,0.185195,0.030604,0.042391,-0.006912,0.001151,0.470858
-0.208500,0.522000,0.064186,1,0.190352,0.190352,0.029486,0.043896,-0.014619,0.001151,0.468543
-0.208500,0.565500,0.067366,1,0.195442,0.195442,0.030471,0.046303,-0.022218,0.001151,0.465896
-0.208500,0.609000,0.072019,1,0.200460,0.200460,0.033372,0.049606,-0.029694,0.001151,0.462920
-0.208500,0.652500,0.078138,1,0.205402,0.205402,0.037744,0.051544,-0.037034,0.001151,0.459623
-0.208500,0.696000,0.085714,1,0.210265,0.210265,0.043137,0.052051,-0.044224,0.001151,0.456009
-0.208500,0.739500,0.094734,1,0.215045,0.215045,0.049206,0.053449,-0.051250,0.001151,0.452086
-0.208500,0.783000,0.105184,1,0.219739,0.219739,0.055723,0.055734,-0.058098,0.001151,0.447861
-0.208500,0.826500,0.117047,1,0.224344,0.224344,0.062537,0.058900,-0.064757,0.001151,0.443342
-0.208500,0.870000,0.130305,1,0.228856,0.228856,0.069549,0.061497,-0.071212,0.001151,0.438538
-0.208500,0.913500,0.144935,1,0.233273,0.233273,0.076695,0.061825,-0.077453,0.001151,0.433458
-0.208500,0.957000,0.160914,1,0.237592,0.237592,0.083928,0.063027,-0.083466,0.001151,0.428112
-0.208500,1.000500,0.178217,1,0.241809,0.241809,0.091215,0.065098,-0.089242,0.001151,0.422508
-0.208500,1.044000,0.196815,1,0.245924,0.245924,0.098532,0.068029,-0.094768,0.001151,0.416659
-0.208500,1.087500,0.216678,1,0.249932,0.249932,0.105861,0.071266,-0.100035,0.001151,0.410576
-0.208500,1.131000,0.237774,1,0.253832,0.253832,0.113186,0.071311,-0.105033,0.001151,0.404269
-0.208500,1.174500,0.260069,1,0.257621,0.257621,0.120497,0.072210,-0.109751,0.001151,0.397750
-0.208500,1.218000,0.283528,1,0.261298,0.261298,0.127782,0.073955,-0.114181,0.001151,0.391033
-0.208500,1.261500,0.308111,1,0.264860,0.264860,0.135032,0.076540,-0.118315,0.001151,0.384129
-0.208500,1.305000,0.333780,1,0.268304,0.268304,0.142242,0.079957,-0.122145,0.001151,0.377052
-0.208500,1.348500,0.360494,1,0.271630,0.271630,0.149404,0.080173,-0.125664,0.001151,0.369815
-0.208500,1.392000,0.388209,1,0.274835,0.274835,0.156511,0.080648,-0.128864,0.001151,0.362432
-0.208500,1.435500,0.424693,1,0.277917,0.277917,0.163559,0.081946,-0.131741,0.001151,0.354917
-0.208500,1.479000,0.477713,1,0.280876,0.280876,0.170542,0.084060,-0.134288,0.001151,0.347284
-0.208500,1.522500,0.547222,1,0.283708,0.283708,0.177456,0.086983,-0.136500,0.001151,0.339547
-0.208500,1.566000,0.633172,1,0.286413,0.286413,0.184295,0.088156,-0.138374,0.001151,0.331722
-0.208500,1.609500,0.735846,1,0.288989,0.288989,0.191057,0.088080,-0.139906,0.001151,0.323822
-0.208500,1.653000,0.865571,1,0.291434,0.291434,0.197736,0.088803,-0.141093,0.001151,0.315863
-0.208500,1.696500,1.027209,1,0.293748,0.293748,0.204328,0.090318,-0.141933,0.001151,0.307860
-0.208500,1.740000,1.220707,1,0.295929,0.295929,0.210830,0.092617,-0.142424,0.001151,0.299828
-0.173750,-1.740000,inf,0,inf,inf,inf,inf,0.000000,0.000000,0.000000
-0.173750,-1.696500,inf,0,inf,inf,inf,inf,0.000000,0.000000,0.000000
-0.173750,-1.653000,inf,0,inf,inf,inf,inf,0.000000,0.000000,0.000000
-0.173750,-1.609500,inf,0,inf,inf,inf,inf,0.000000,0.000000,0.000000
-0.173750,-1.566000,1.098200,1,0.125997,0.125997,0.157584,0.104531,0.217806,0.001151,0.262805
-0.173750,-1.522500,0.894616,1,0.120258,0.120258,0.150465,0.092315,0.218986,0.001151,0.270765
-0.173750,-1.479000,0.723396,1,0.114539,0.114539,0.143291,0.080939,0.219819,0.001151,0.278769
-0.173750,-1.435500,0.584582,1,0.108854,0.108854,0.136068,0.070406,0.220303,0.001151,0.286801
-0.173750,-1.392000,0.478215,1,0.103222,0.103222,0.128801,0.060721,0.220437,0.001151,0.294847
-0.173750,-1.348500,0.396521,1,0.097662,0.097662,0.121498,0.051887,0.220222,0.001151,0.302891
-0.173750,-1.305000,0.331725,1,0.092199,0.092199,0.114168,0.043908,0.219657,0.001151,0.310918
-0.173750,-1.261500,0.283860,1,0.086863,0.086863,0.106819,0.036786,0.218743,0.001151,0.318913
-0.173750,-1.218000,0.252959,1,0.081690,0.081690,0.099464,0.030526,0.217482,0.001151,0.326860
-0.173750,-1.174500,0.231152,1,0.076723,0.076723,0.092116,0.025130,0.215877,0.001151,0.334745
-0.173750,-1.131000,0.210742,1,0.072015,0.072015,0.084793,0.020600,0.213931,0.001151,0.342553
-0.173750,-1.087500,0.191756,1,0.067631,0.067631,0.077518,0.016939,0.211647,0.001151,0.350269
-0.173750,-1.044000,0.174217,1,0.063646,0.063646,0.070321,0.014150,0.209030,0.001151,0.357879
-0.173750,-1.000500,0.158147,1,0.060147,0.060147,0.063245,0.012234,0.206084,0.001151,0.365367
-0.173750,-0.957000,0.143563,1,0.057233,0.057233,0.056352,0.011193,0.202815,0.001151,0.372720
-0.173750,-0.913500,0.130483,1,0.055000,0.055000,0.049734,0.011028,0.199230,0.001151,0.379924
-0.173750,-0.870000,0.118920,1,0.053540,0.053540,0.043531,0.011742,0.195335,0.001151,0.386965
-0.173750,-0.826500,0.108886,1,0.052919,0.052919,0.037962,0.013334,0.191137,0.001151,0.393830
-0.173750,-0.783000,0.100388,1,0.053167,0.053167,0.033358,0.012472,0.186645,0.001151,0.400507
-0.173750,-0.739500,0.093434,1,0.054272,0.054272,0.030176,0.011294,0.181866,0.001151,0.406981
-0.173750,-0.696000,0.088027,1,0.056181,0.056181,0.028896,0.011011,0.176811,0.001151,0.413242
-0.173750,-0.652500,0.084167,1,0.058814,0.058814,0.029767,0.011623,0.171488,0.001151,0.419276
-0.173750,-0.609000,0.081854,1,0.062073,0.062073,0.032614,0.013132,0.165908,0.001151,0.425074
-0.173750,-0.565500,0.081082,1,0.065859,0.065859,0.036981,0.015253,0.160081,0.001151,0.430624
-0.173750,-0.522000,0.081847,1,0.070082,0.070082,0.042393,0.014012,0.154018,0.001151,0.435914
-0.173750,-0.478500,0.084137,1,0.074658,0.074658,0.048493,0.013681,0.147730,0.001151,0.440937
-0.173750,-0.435000,0.087943,1,0.079521,0.079521,0.055044,0.014258,0.141231,0.001151,0.445681
-0.173750,-0.391500,0.093248,1,0.084611,0.084611,0.061892,0.015744,0.134531,0.001151,0.450138
-0.173750,-0.348000,0.100037,1,0.089882,0.089882,0.068937,0.018138,0.127643,0.001151,0.454299
-0.173750,-0.304500,0.108291,1,0.095294,0.095294,0.076115,0.019062,0.120582,0.001151,0.458157
-0.173750,-0.261000,0.117987,1,0.100815,0.100815,0.083377,0.018728,0.113359,0.001151,0.461704
-0.173750,-0.217500,0.129102,1,0.106419,0.106419,0.090693,0.019312,0.105988,0.001151,0.464934
-0.173750,-0.174000,0.141610,1,0.112084,0.112084,0.098038,0.020811,0.098485,0.001151,0.467840
-0.173750,-0.130500,0.155482,1,0.117790,0.117790,0.105393,0.023223,0.090862,0.001151,0.470417
-0.173750,-0.087000,0.145003,1,0.123522,0.123522,0.100711,0.026078,0.083134,0.001151,0.472660
-0.173750,-0.043500,0.130166,1,0.129266,0.129266,0.093361,0.025762,0.075316,0.001151,0.474565
-0.173750,0.000000,0.116702,1,0.135011,0.135011,0.086032,0.026365,0.067422,0.001151,0.476128
-0.173750,0.043500,0.104634,1,0.140746,0.140746,0.078747,0.027885,0.059468,0.001151,0.477346
-0.173750,0.087000,0.093980,1,0.146462,0.146462,0.071534,0.030319,0.051468,0.001151,0.478218
-0.173750,0.130500,0.084759,1,0.152152,0.152152,0.064434,0.033662,0.043439,0.001151,0.478740
-0.173750,0.174000,0.076985,1,0.157808,0.157808,0.057505,0.034335,0.035394,0.001151,0.478913
-0.173750,0.217500,0.070670,1,0.163422,0.163422,0.050832,0.034944,0.027349,0.001151,0.478736
-0.173750,0.261000,0.065826,1,0.168990,0.168990,0.044546,0.036465,0.019319,0.001151,0.478210
-0.173750,0.304500,0.062460,1,0.174506,0.174506,0.038849,0.038895,0.011320,0.001151,0.477334
-0.173750,0.348000,0.060578,1,0.179964,0.179964,0.034053,0.042228,0.003366,0.001151,0.476112
-0.173750,0.391500,0.060181,1,0.185360,0.185360,0.030594,0.043973,-0.004526,0.001151,0.474545
-0.173750,0.435000,0.061272,1,0.190689,0.190689,0.028964,0.044546,-0.012344,0.001151,0.472636
-0.173750,0.478500,0.063848,1,0.195947,0.195947,0.029470,0.046022,-0.020070,0.001151,0.470389
-0.173750,0.522000,0.067904,1,0.201130,0.201130,0.032011,0.048396,-0.027692,0.001151,0.467808
-0.173750,0.565500,0.073434,1,0.206235,0.206235,0.036155,0.051662,-0.035194,0.001151,0.464898
-0.173750,0.609000,0.080428,1,0.211257,0.211257,0.041419,0.054202,-0.042563,0.001151,0.461665
-0.173750,0.652500,0.088875,1,0.216193,0.216193,0.047422,0.054673,-0.049784,0.001151,0.458114
-0.173750,0.696000,0.098760,1,0.221040,0.221040,0.053909,0.056033,-0.056844,0.001151,0.454253
-0.173750,0.739500,0.110068,1,0.225795,0.225795,0.060714,0.058275,-0.063729,0.001151,0.450088
-0.173750,0.783000,0.122779,1,0.230454,0.230454,0.067732,0.061393,-0.070427,0.001151,0.445628
-0.173750,0.826500,0.136873,1,0.235016,0.235016,0.074890,0.064574,-0.076924,0.001151,0.440880
-0.173750,0.870000,0.152325,1,0.239476,0.239476,0.082141,0.064854,-0.083209,0.001151,0.435855
-0.173750,0.913500,0.169111,1,0.243833,0.243833,0.089450,0.066004,-0.089269,0.001151,0.430561
-0.173750,0.957000,0.187203,1,0.248084,0.248084,0.096791,0.068018,-0.095094,0.001151,0.425009
-0.173750,1.000500,0.206570,1,0.252226,0.252226,0.104145,0.070889,-0.100671,0.001151,0.419208
-0.173750,1.044000,0.227182,1,0.256258,0.256258,0.111498,0.074610,-0.105991,0.001151,0.413171
-0.173750,1.087500,0.249004,1,0.260175,0.260175,0.118836,0.074671,-0.111043,0.001151,0.406908
-0.173750,1.131000,0.272000,1,0.263978,0.263978,0.126150,0.075502,-0.115818,0.001151,0.400431
-0.173750,1.174500,0.296133,1,0.267662,0.267662,0.133431,0.077174,-0.120307,0.001151,0.393753
-0.173750,1.218000,0.321363,1,0.271228,0.271228,0.140671,0.079682,-0.124502,0.001151,0.386885
-0.173750,1.261500,0.347649,1,0.274671,0.274671,0.147863,0.083016,-0.128393,0.001151,0.379842
-0.173750,1.305000,0.374948,1,0.277991,0.277991,0.155003,0.083776,-0.131975,0.001151,0.372636
-0.173750,1.348500,0.403216,1,0.281185,0.281185,0.162083,0.084165,-0.135240,0.001151,0.365282
-0.173750,1.392000,0.432407,1,0.284253,0.284253,0.169099,0.085373,-0.138182,0.001151,0.357792
-0.173750,1.435500,0.470286,1,0.287192,0.287192,0.176046,0.087392,-0.140796,0.001151,0.350181
-0.173750,1.479000,0.524618,1,0.290001,0.290001,0.182920,0.090213,-0.143076,0.001151,0.342464
-0.173750,1.522500,0.595352,1,0.292678,0.292678,0.189715,0.091905,-0.145018,0.001151,0.334655
-0.173750,1.566000,0.682438,1,0.295221,0.295221,0.196429,0.091725,-0.146619,0.001151,0.326769
-0.173750,1.609500,0.793725,1,0.297631,0.297631,0.203057,0.092339,-0.147876,0.001151,0.318821
-0.173750,1.653000,0.936885,1,0.299904,0.299904,0.209595,0.093739,-0.148786,0.001151,0.310826
-0.173750,1.696500,1.111863,1,0.302041,0.302041,0.216040,0.095919,-0.149347,0.001151,0.302799
-0.173750,1.740000,1.318605,1,0.304040,0.304040,0.222388,0.098872,-0.149558,0.001151,0.294754
-0.139000,-1.740000,inf,0,inf,inf,inf,inf,0.000000,0.000000,0.000000
-0.139000,-1.696500,inf,0,inf,inf,inf,inf,0.000000,0.000000,0.000000
-0.139000,-1.653000,inf,0,inf,inf,inf,inf,0.000000,0.000000,0.000000
-0.139000,-1.609500,inf,0,inf,inf,inf,inf,0.000000,0.000000,0.000000
-0.139000,-1.566000,0.962011,1,0.116408,0.116408,0.145325,0.092750,0.211740,0.001151,0.270270
-0.139000,-1.522500,0.772355,1,0.110448,0.110448,0.138076,0.081275,0.212643,0.001151,0.278266
-0.139000,-1.479000,0.615145,1,0.104518,0.104518,0.130781,0.070647,0.213197,0.001151,0.286293
-0.139000,-1.435500,0.490420,1,0.098636,0.098636,0.123446,0.060870,0.213402,0.001151,0.294338
-0.139000,-1.392000,0.398219,1,0.092824,0.092824,0.116079,0.051948,0.213257,0.001151,0.302383
-0.139000,-1.348500,0.330763,1,0.087108,0.087108,0.108689,0.043884,0.212762,0.001151,0.310415
-0.139000,-1.305000,0.280274,1,0.081519,0.081519,0.101285,0.036680,0.211918,0.001151,0.318417
-0.139000,-1.261500,0.246783,1,0.076098,0.076098,0.093882,0.030341,0.210727,0.001151,0.326376
-0.139000,-1.218000,0.225262,1,0.070893,0.070893,0.086495,0.024868,0.209191,0.001151,0.334274
-0.139000,-1.174500,0.205467,1,0.065969,0.065969,0.079143,0.020264,0.207313,0.001151,0.342099
-0.139000,-1.131000,0.187125,1,0.061402,0.061402,0.071855,0.016532,0.205097,0.001151,0.349835
-0.139000,-1.087500,0.170258,1,0.057288,0.057288,0.064667,0.013673,0.202546,0.001151,0.357467
-0.139000,-1.044000,0.154886,1,0.053739,0.053739,0.057632,0.011690,0.199666,0.001151,0.364980
-0.139000,-1.000500,0.141024,1,0.050881,0.050881,0.050833,0.010584,0.196462,0.001151,0.372362
-0.139000,-0.957000,0.128689,1,0.048841,0.048841,0.044391,0.010356,0.192940,0.001151,0.379597
-0.139000,-0.913500,0.117892,1,0.047729,0.047729,0.038501,0.011009,0.189106,0.001151,0.386672
-0.139000,-0.870000,0.108641,1,0.047611,0.047611,0.033472,0.012541,0.184969,0.001151,0.393574
-0.139000,-0.826500,0.100945,1,0.048496,0.048496,0.029753,0.012270,0.180535,0.001151,0.400289
-0.139000,-0.783000,0.094808,1,0.050328,0.050328,0.027883,0.011043,0.175813,0.001151,0.406805
-0.139000,-0.739500,0.090230,1,0.053006,0.053006,0.028234,0.010713,0.170813,0.001151,0.413109
-0.139000,-0.696000,0.087212,1,0.056406,0.056406,0.030731,0.011280,0.165543,0.001151,0.419191
-0.139000,-0.652500,0.085750,1,0.060399,0.060399,0.034911,0.012745,0.160014,0.001151,0.425037
-0.139000,-0.609000,0.085837,1,0.064870,0.064870,0.040248,0.015106,0.154236,0.001151,0.430637
-0.139000,-0.565500,0.087466,1,0.069718,0.069718,0.046335,0.014189,0.148219,0.001151,0.435981
-0.139000,-0.522000,0.090624,1,0.074864,0.074864,0.052905,0.013825,0.141976,0.001151,0.441058
-0.139000,-0.478500,0.095298,1,0.080239,0.080239,0.059788,0.014370,0.135518,0.001151,0.445859
-0.139000,-0.435000,0.101472,1,0.085793,0.085793,0.066876,0.015823,0.128857,0.001151,0.450374
-0.139000,-0.391500,0.109128,1,0.091483,0.091483,0.074100,0.018185,0.122007,0.001151,0.454595
-0.139000,-0.348000,0.118243,1,0.097275,0.097275,0.081412,0.019721,0.114979,0.001151,0.458515
-0.139000,-0.304500,0.128794,1,0.103143,0.103143,0.088777,0.019364,0.107787,0.001151,0.462125
-0.139000,-0.261000,0.140756,1,0.109063,0.109063,0.096171,0.019924,0.100446,0.001151,0.465419
-0.139000,-0.217500,0.154101,1,0.115018,0.115018,0.103576,0.021399,0.092968,0.001151,0.468391
-0.139000,-0.174000,0.150786,1,0.120991,0.120991,0.102541,0.023786,0.085367,0.001151,0.471034
-0.139000,-0.130500,0.135230,1,0.126970,0.126970,0.095137,0.027084,0.077659,0.001151,0.473345
-0.139000,-0.087000,0.121052,1,0.132944,0.132944,0.087746,0.026920,0.069858,0.001151,0.475318
-0.139000,-0.043500,0.108274,1,0.138902,0.138902,0.080386,0.027505,0.061979,0.001151,0.476950
-0.139000,0.000000,0.096917,1,0.144836,0.144836,0.073085,0.029005,0.054036,0.001151,0.478238
-0.139000,0.043500,0.087000,1,0.150738,0.150738,0.065876,0.031417,0.046044,0.001151,0.479180
-0.139000,0.087000,0.078536,1,0.156601,0.156601,0.058811,0.034737,0.038019,0.001151,0.479773
-0.139000,0.130500,0.071541,1,0.162419,0.162419,0.051965,0.036025,0.029976,0.001151,0.480016
-0.139000,0.174000,0.066024,1,0.168187,0.168187,0.045451,0.036616,0.021930,0.001151,0.479909
-0.139000,0.217500,0.061994,1,0.173898,0.173898,0.039450,0.038117,0.013896,0.001151,0.479453
-0.139000,0.261000,0.059458,1,0.179548,0.179548,0.034247,0.040524,0.005889,0.001151,0.478648
-0.139000,0.304500,0.058417,1,0.185132,0.185132,0.030268,0.043832,-0.002075,0.001151,0.477495
-0.139000,0.348000,0.058875,1,0.190646,0.190646,0.028049,0.046184,-0.009981,0.001151,0.475997
-0.139000,0.391500,0.060828,1,0.196086,0.196086,0.028015,0.046735,-0.017814,0.001151,0.474157
-0.139000,0.435000,0.064273,1,0.201448,0.201448,0.030174,0.048187,-0.025561,0.001151,0.471977
-0.139000,0.478500,0.069204,1,0.206729,0.206729,0.034108,0.050533,-0.033205,0.001151,0.469463
-0.139000,0.522000,0.075612,1,0.211924,0.211924,0.039281,0.053768,-0.040732,0.001151,0.466619
-0.139000,0.565500,0.083485,1,0.217031,0.217031,0.045263,0.056901,-0.048129,0.001151,0.463450
-0.139000,0.609000,0.092810,1,0.222046,0.222046,0.051765,0.057343,-0.055381,0.001151,0.459963
-0.139000,0.652500,0.103571,1,0.226966,0.226966,0.058604,0.058669,-0.062474,0.001151,0.456163
-0.139000,0.696000,0.115749,1,0.231788,0.231788,0.065663,0.060874,-0.069395,0.001151,0.452059
-0.139000,0.739500,0.129323,1,0.236509,0.236509,0.072868,0.063952,-0.076132,0.001151,0.447658
-0.139000,0.783000,0.144271,1,0.241127,0.241127,0.080167,0.067710,-0.082670,0.001151,0.442967
-0.139000,0.826500,0.160567,1,0.245639,0.245639,0.087526,0.067949,-0.088999,0.001151,0.437997
-0.139000,0.870000,0.178183,1,0.250042,0.250042,0.094916,0.069054,-0.095105,0.001151,0.432757
-0.139000,0.913500,0.197091,1,0.254334,0.254334,0.102320,0.071018,-0.100978,0.001151,0.427255
-0.139000,0.957000,0.217257,1,0.258513,0.258513,0.109722,0.073834,-0.106606,0.001151,0.421504
-0.139000,1.000500,0.238649,1,0.262575,0.262575,0.117110,0.077496,-0.111978,0.001151,0.415513
-0.139000,1.044000,0.261231,1,0.266520,0.266520,0.124473,0.078119,-0.117085,0.001151,0.409295
-0.139000,1.087500,0.284965,1,0.270344,0.270344,0.131803,0.078889,-0.121917,0.001151,0.402860
-0.139000,1.131000,0.309811,1,0.274046,0.274046,0.139092,0.080496,-0.126464,0.001151,0.396221
-0.139000,1.174500,0.335729,1,0.277624,0.277624,0.146334,0.082933,-0.130718,0.001151,0.389391
-0.139000,1.218000,0.362676,1,0.281076,0.281076,0.153522,0.086193,-0.134672,0.001151,0.382382
-0.139000,1.261500,0.390607,1,0.284399,0.284399,0.160651,0.087492,-0.138316,0.001151,0.375207
-0.139000,1.305000,0.419476,1,0.287593,0.287593,0.167717,0.087804,-0.141645,0.001151,0.367882
-0.139000,1.348500,0.449237,1,0.290656,0.290656,0.174713,0.088928,-0.144653,0.001151,0.360418
-0.139000,1.392000,0.479839,1,0.293586,0.293586,0.181636,0.090859,-0.147333,0.001151,0.352830
-0.139000,1.435500,0.519047,1,0.296381,0.296381,0.188482,0.093588,-0.149681,0.001151,0.345134
-0.139000,1.479000,0.574621,1,0.299040,0.299040,0.195245,0.095795,-0.151691,0.001151,0.337342
-0.139000,1.522500,0.646509,1,0.301562,0.301562,0.201923,0.095519,-0.153361,0.001151,0.329470
-0.139000,1.566000,0.739716,1,0.303946,0.303946,0.208512,0.096031,-0.154687,0.001151,0.321534
-0.139000,1.609500,0.864457,1,0.306189,0.306189,0.215007,0.097325,-0.155667,0.001151,0.313547
-0.139000,1.653000,1.020976,1,0.308292,0.308292,0.221406,0.099393,-0.156298,0.001151,0.305524
-0.139000,1.696500,1.209217,1,0.310252,0.310252,0.227704,0.102228,-0.156580,0.001151,0.297483
-0.139000,1.740000,1.429125,1,0.312070,0.312070,0.233899,0.101859,-0.156512,0.001151,0.289436
-0.104250,-1.740000,inf,0,inf,inf,inf,inf,0.000000,0.000000,0.000000
-0.104250,-1.696500,inf,0,inf,inf,inf,inf,0.000000,0.000000,0.000000
-0.104250,-1.653000,inf,0,inf,inf,inf,inf,0.000000,0.000000,0.000000
-0.104250,-1.609500,1.047196,1,0.113078,0.113078,0.140380,0.093323,0.204445,0.001151,0.269531
-0.104250,-1.566000,0.839047,1,0.106861,0.106861,0.133042,0.081745,0.205418,0.001151,0.277518
-0.104250,-1.522500,0.663385,1,0.100667,0.100667,0.125660,0.071017,0.206043,0.001151,0.285541
-0.104250,-1.479000,0.520249,1,0.094513,0.094513,0.118240,0.061143,0.206318,0.001151,0.293583
-0.104250,-1.435500,0.409675,1,0.088421,0.088421,0.110792,0.052128,0.206243,0.001151,0.301630
-0.104250,-1.392000,0.331697,1,0.082416,0.082416,0.103323,0.043974,0.205819,0.001151,0.309665
-0.104250,-1.348500,0.278535,1,0.076533,0.076533,0.095846,0.036684,0.205045,0.001151,0.317675
-0.104250,-1.305000,0.242407,1,0.070814,0.070814,0.088374,0.030261,0.203924,0.001151,0.325643
-0.104250,-1.261500,0.220496,1,0.065314,0.065314,0.080924,0.024707,0.202457,0.001151,0.333555
-0.104250,-1.218000,0.201274,1,0.060106,0.060106,0.073520,0.020026,0.200648,0.001151,0.341396
-0.104250,-1.174500,0.183536,1,0.055282,0.055282,0.066192,0.016219,0.198499,0.001151,0.349151
-0.104250,-1.131000,0.167304,1,0.050964,0.050964,0.058987,0.013288,0.196015,0.001151,0.356805
-0.104250,-1.087500,0.152594,1,0.047298,0.047298,0.051972,0.011235,0.193201,0.001151,0.364343
-0.104250,-1.044000,0.139422,1,0.044453,0.044453,0.045250,0.010061,0.190061,0.001151,0.371753
-0.104250,-1.000500,0.127801,1,0.042602,0.042602,0.038991,0.009768,0.186603,0.001151,0.379018
-0.104250,-0.957000,0.117742,1,0.041878,0.041878,0.033470,0.010356,0.182831,0.001151,0.386127
-0.104250,-0.913500,0.109251,1,0.042342,0.042342,0.029122,0.011827,0.178754,0.001151,0.393064
-0.104250,-0.870000,0.102335,1,0.043955,0.043955,0.026541,0.012130,0.174380,0.001151,0.399818
-0.104250,-0.826500,0.096995,1,0.046595,0.046595,0.026259,0.010854,0.169715,0.001151,0.406375
-0.104250,-0.783000,0.093231,1,0.050096,0.050096,0.028344,0.010475,0.164770,0.001151,0.412723
-0.104250,-0.739500,0.091041,1,0.054284,0.054284,0.032339,0.010996,0.159554,0.001151,0.418850
-0.104250,-0.696000,0.090419,1,0.059008,0.059008,0.037634,0.012414,0.154076,0.001151,0.424745
-0.104250,-0.652500,0.091357,1,0.064141,0.064141,0.043751,0.014731,0.148347,0.001151,0.430395
-0.104250,-0.609000,0.093845,1,0.069583,0.069583,0.050384,0.014408,0.142377,0.001151,0.435791
-0.104250,-0.565500,0.097868,1,0.075259,0.075259,0.057342,0.014010,0.136179,0.001151,0.440923
-0.104250,-0.522000,0.103413,1,0.081111,0.081111,0.064511,0.014522,0.129763,0.001151,0.445780
-0.104250,-0.478500,0.110459,1,0.087092,0.087092,0.071814,0.015943,0.123142,0.001151,0.450353
-0.104250,-0.435000,0.118987,1,0.093167,0.093167,0.079204,0.018272,0.116329,0.001151,0.454634
-0.104250,-0.391500,0.128974,1,0.099309,0.099309,0.086645,0.020408,0.109335,0.001151,0.458615
-0.104250,-0.348000,0.140393,1,0.105496,0.105496,0.094114,0.020027,0.102176,0.001151,0.462288
-0.104250,-0.304500,0.153217,1,0.111710,0.111710,0.101592,0.020564,0.094863,0.001151,0.465646
-0.104250,-0.261000,0.157860,1,0.117934,0.117934,0.104591,0.022016,0.087411,0.001151,0.468683
-0.104250,-0.217500,0.141506,1,0.124158,0.124158,0.097114,0.024380,0.079835,0.001151,0.471393
-0.104250,-0.174000,0.126537,1,0.130369,0.130369,0.089640,0.027653,0.072147,0.001151,0.473771
-0.104250,-0.130500,0.112977,1,0.136560,0.136560,0.082185,0.028099,0.064364,0.001151,0.475813
-0.104250,-0.087000,0.100848,1,0.142720,0.142720,0.074771,0.028666,0.056499,0.001151,0.477514
-0.104250,-0.043500,0.090168,1,0.148844,0.148844,0.067428,0.030148,0.048567,0.001151,0.478871
-0.104250,0.000000,0.080953,1,0.154925,0.154925,0.060198,0.032541,0.040584,0.001151,0.479883
-0.104250,0.043500,0.073218,1,0.160957,0.160957,0.053144,0.035841,0.032564,0.001151,0.480546
-0.104250,0.087000,0.066974,1,0.166934,0.166934,0.046363,0.037735,0.024524,0.001151,0.480860
-0.104250,0.130500,0.062230,1,0.172851,0.172851,0.040010,0.038310,0.016477,0.001151,0.480823
-0.104250,0.174000,0.058993,1,0.178703,0.178703,0.034338,0.039794,0.008439,0.001151,0.480437
-0.104250,0.217500,0.057266,1,0.184487,0.184487,0.029753,0.042182,0.000426,0.001151,0.479702
-0.104250,0.261000,0.057052,1,0.190198,0.190198,0.026828,0.045470,-0.007548,0.001151,0.478619
-0.104250,0.304500,0.058349,1,0.195832,0.195832,0.026134,0.048420,-0.015467,0.001151,0.477190
-0.104250,0.348000,0.061155,1,0.201385,0.201385,0.027839,0.048953,-0.023316,0.001151,0.475418
-0.104250,0.391500,0.065462,1,0.206853,0.206853,0.031554,0.050384,-0.031081,0.001151,0.473307
-0.104250,0.435000,0.071263,1,0.212234,0.212234,0.036667,0.052707,-0.038747,0.001151,0.470860
-0.104250,0.478500,0.078546,1,0.217524,0.217524,0.042671,0.055916,-0.046299,0.001151,0.468082
-0.104250,0.522000,0.087300,1,0.222720,0.222720,0.049232,0.059637,-0.053723,0.001151,0.464978
-0.104250,0.565500,0.097507,1,0.227818,0.227818,0.056145,0.060053,-0.061005,0.001151,0.461554
-0.104250,0.609000,0.109149,1,0.232816,0.232816,0.063284,0.061351,-0.068131,0.001151,0.457817
-0.104250,0.652500,0.122207,1,0.237712,0.237712,0.070568,0.063525,-0.075088,0.001151,0.453773
-0.104250,0.696000,0.136657,1,0.242501,0.242501,0.077946,0.066568,-0.081863,0.001151,0.449431
-0.104250,0.739500,0.152474,1,0.247182,0.247182,0.085381,0.070472,-0.088443,0.001151,0.444798
-0.104250,0.783000,0.169632,1,0.251752,0.251752,0.092847,0.071102,-0.094814,0.001151,0.439883
-0.104250,0.826500,0.188100,1,0.256208,0.256208,0.100324,0.072167,-0.100966,0.001151,0.434696
-0.104250,0.870000,0.207846,1,0.260549,0.260549,0.107797,0.074088,-0.106887,0.001151,0.429247
-0.104250,0.913500,0.228838,1,0.264771,0.264771,0.115255,0.076857,-0.112565,0.001151,0.423545
-0.104250,0.957000,0.251039,1,0.268873,0.268873,0.122687,0.080467,-0.117990,0.001151,0.417601
-0.104250,1.000500,0.274413,1,0.272852,0.272852,0.130085,0.081647,-0.123151,0.001151,0.411427
-0.104250,1.044000,0.298918,1,0.276707,0.276707,0.137441,0.082363,-0.128038,0.001151,0.405035
-0.104250,1.087500,0.324515,1,0.280435,0.280435,0.144750,0.083912,-0.132644,0.001151,0.398436
-0.104250,1.131000,0.351160,1,0.284034,0.284034,0.152004,0.086287,-0.136957,0.001151,0.391643
-0.104250,1.174500,0.378809,1,0.287503,0.287503,0.159200,0.089478,-0.140972,0.001151,0.384669
-0.104250,1.218000,0.407416,1,0.290839,0.290839,0.166331,0.091313,-0.144679,0.001151,0.377527
-0.104250,1.261500,0.436932,1,0.294042,0.294042,0.173392,0.091554,-0.148072,0.001151,0.370231
-0.104250,1.305000,0.467310,1,0.297109,0.297109,0.180380,0.092604,-0.151145,0.001151,0.362794
-0.104250,1.348500,0.498498,1,0.300039,0.300039,0.187291,0.094454,-0.153891,0.001151,0.355230
-0.104250,1.392000,0.530446,1,0.302831,0.302831,0.194119,0.097097,-0.156306,0.001151,0.347554
-0.104250,1.435500,0.570913,1,0.305482,0.305482,0.200862,0.099818,-0.158385,0.001151,0.339780
-0.104250,1.479000,0.627659,1,0.307992,0.307992,0.207515,0.099452,-0.160124,0.001151,0.331924
-0.104250,1.522500,0.703475,1,0.310359,0.310359,0.214075,0.099871,-0.161519,0.001151,0.323999
-0.104250,1.566000,0.809855,1,0.312582,0.312582,0.220538,0.101066,-0.162569,0.001151,0.316021
-0.104250,1.609500,0.947975,1,0.314661,0.314661,0.226901,0.103029,-0.163270,0.001151,0.308004
-0.104250,1.653000,1.117776,1,0.316593,0.316593,0.233160,0.105755,-0.163622,0.001151,0.299965
-0.104250,1.696500,1.319203,1,0.318379,0.318379,0.239313,0.105876,-0.163625,0.001151,0.291918
-0.104250,1.740000,1.552198,1,0.320017,0.320017,0.245355,0.105535,-0.163277,0.001151,0.283879
-0.069500,-1.740000,inf,0,inf,inf,inf,inf,0.000000,0.000000,0.000000
-0.069500,-1.696500,inf,0,inf,inf,inf,inf,0.000000,0.000000,0.000000
-0.069500,-1.653000,1.150226,1,0.110334,0.110334,0.135670,0.094040,0.197111,0.001151,0.268547
-0.069500,-1.609500,0.923525,1,0.103851,0.103851,0.128229,0.082352,0.198154,0.001151,0.276526
-0.069500,-1.566000,0.729354,1,0.097381,0.097381,0.120745,0.071519,0.198849,0.001151,0.284543
-0.069500,-1.522500,0.567750,1,0.090939,0.090939,0.113225,0.061544,0.199194,0.001151,0.292583
-0.069500,-1.479000,0.438749,1,0.084544,0.084544,0.105677,0.052430,0.199190,0.001151,0.300630
-0.069500,-1.435500,0.342384,1,0.078223,0.078223,0.098112,0.044182,0.198836,0.001151,0.308669
-0.069500,-1.392000,0.278686,1,0.072009,0.072009,0.090539,0.036801,0.198132,0.001151,0.316685
-0.069500,-1.348500,0.239872,1,0.065944,0.065944,0.082975,0.030290,0.197081,0.001151,0.324663
-0.069500,-1.305000,0.216891,1,0.060088,0.060088,0.075437,0.024652,0.195683,0.001151,0.332587
-0.069500,-1.261500,0.198198,1,0.054520,0.054520,0.067952,0.019889,0.193943,0.001151,0.340443
-0.069500,-1.218000,0.181023,1,0.049350,0.049350,0.060555,0.016004,0.191862,0.001151,0.348217
-0.069500,-1.174500,0.165384,1,0.044729,0.044729,0.053301,0.012997,0.189445,0.001151,0.355892
-0.069500,-1.131000,0.151299,1,0.040852,0.040852,0.046272,0.010871,0.186697,0.001151,0.363455
-0.069500,-1.087500,0.138782,1,0.037957,0.037957,0.039607,0.009626,0.183622,0.001151,0.370891
-0.069500,-1.044000,0.127843,1,0.036286,0.036286,0.033538,0.009265,0.180227,0.001151,0.378187
-0.069500,-1.000500,0.118491,1,0.036012,0.036012,0.028466,0.009787,0.176518,0.001151,0.385328
-0.069500,-0.957000,0.110733,1,0.037168,0.037168,0.025015,0.011194,0.172502,0.001151,0.392301
-0.069500,-0.913500,0.104571,1,0.039625,0.039625,0.023907,0.012057,0.168187,0.001151,0.399093
-0.069500,-0.870000,0.100006,1,0.043159,0.043159,0.025451,0.010728,0.163580,0.001151,0.405691
-0.069500,-0.826500,0.097037,1,0.047524,0.047524,0.029227,0.010299,0.158690,0.001151,0.412082
-0.069500,-0.783000,0.095658,1,0.052505,0.052505,0.034504,0.010770,0.153528,0.001151,0.418254
-0.069500,-0.739500,0.095863,1,0.057937,0.057937,0.040696,0.012142,0.148102,0.001151,0.424196
-0.069500,-0.696000,0.097641,1,0.063695,0.063695,0.047436,0.014413,0.142422,0.001151,0.429897
-0.069500,-0.652500,0.100979,1,0.069688,0.069688,0.054510,0.014670,0.136500,0.001151,0.435345
-0.069500,-0.609000,0.105863,1,0.075852,0.075852,0.061793,0.014236,0.130347,0.001151,0.440530
-0.069500,-0.565500,0.112275,1,0.082137,0.082137,0.069208,0.014714,0.123974,0.001151,0.445443
-0.069500,-0.522000,0.120195,1,0.088506,0.088506,0.076705,0.016102,0.117393,0.001151,0.450075
-0.069500,-0.478500,0.129600,1,0.094933,0.094933,0.084248,0.018399,0.110618,0.001151,0.454415
-0.069500,-0.435000,0.140464,1,0.101395,0.101395,0.091815,0.021121,0.103659,0.001151,0.458457
-0.069500,-0.391500,0.152760,1,0.107875,0.107875,0.099387,0.020718,0.096532,0.001151,0.462193
-0.069500,-0.348000,0.166459,1,0.114358,0.114358,0.106951,0.021231,0.089249,0.001151,0.465615
-0.069500,-0.304500,0.149233,1,0.120833,0.120833,0.099395,0.022660,0.081824,0.001151,0.468717
-0.069500,-0.261000,0.133385,1,0.127289,0.127289,0.091823,0.025002,0.074271,0.001151,0.471493
-0.069500,-0.217500,0.118959,1,0.133719,0.133719,0.084256,0.028253,0.066605,0.001151,0.473938
-0.069500,-0.174000,0.105976,1,0.140113,0.140113,0.076713,0.029295,0.058840,0.001151,0.476048
-0.069500,-0.130500,0.094455,1,0.146467,0.146467,0.069216,0.029847,0.050990,0.001151,0.477817
-0.069500,-0.087000,0.084413,1,0.152772,0.152772,0.061801,0.031313,0.043070,0.001151,0.479244
-0.069500,-0.043500,0.075867,1,0.159025,0.159025,0.054518,0.033689,0.035097,0.001151,0.480325
-0.069500,0.000000,0.068827,1,0.165219,0.165219,0.047443,0.036971,0.027083,0.001151,0.481058
-0.069500,0.043500,0.063304,1,0.171351,0.171351,0.040703,0.039461,0.019045,0.001151,0.481443
-0.069500,0.087000,0.059306,1,0.177415,0.177415,0.034511,0.040023,0.010999,0.001151,0.481477
-0.069500,0.130500,0.056836,1,0.183407,0.183407,0.029232,0.041493,0.002958,0.001151,0.481161
-0.069500,0.174000,0.055897,1,0.189323,0.189323,0.025454,0.043865,-0.005061,0.001151,0.480496
-0.069500,0.217500,0.056490,1,0.195160,0.195160,0.023907,0.047135,-0.013044,0.001151,0.479483
-0.069500,0.261000,0.058610,1,0.200914,0.200914,0.025013,0.050676,-0.020975,0.001151,0.478123
-0.069500,0.304500,0.062254,1,0.206581,0.206581,0.028461,0.051195,-0.028840,0.001151,0.476420
-0.069500,0.348000,0.067412,1,0.212159,0.212159,0.033532,0.052609,-0.036623,0.001151,0.474377
-0.069500,0.391500,0.074075,1,0.217643,0.217643,0.039600,0.054913,-0.044310,0.001151,0.471997
-0.069500,0.435000,0.082229,1,0.223030,0.223030,0.046265,0.058100,-0.051886,0.001151,0.469285
-0.069500,0.478500,0.091860,1,0.228319,0.228319,0.053293,0.062165,-0.059337,0.001151,0.466246
-0.069500,0.522000,0.102950,1,0.233505,0.233505,0.060547,0.062799,-0.066649,0.001151,0.462886
-0.069500,0.565500,0.115478,1,0.238586,0.238586,0.067944,0.064074,-0.073808,0.001151,0.459211
-0.069500,0.609000,0.129422,1,0.243559,0.243559,0.075429,0.066221,-0.080800,0.001151,0.455229
-0.069500,0.652500,0.144758,1,0.248422,0.248422,0.082967,0.069234,-0.087612,0.001151,0.450946
-0.069500,0.696000,0.161457,1,0.253171,0.253171,0.090531,0.073106,-0.094232,0.001151,0.446371
-0.069500,0.739500,0.179491,1,0.257805,0.257805,0.098103,0.074306,-0.100646,0.001151,0.441512
-0.069500,0.783000,0.198828,1,0.262321,0.262321,0.105669,0.075338,-0.106844,0.001151,0.436379
-0.069500,0.826500,0.219435,1,0.266717,0.266717,0.113217,0.077222,-0.112812,0.001151,0.430982
-0.069500,0.870000,0.241276,1,0.270990,0.270990,0.120737,0.079950,-0.118539,0.001151,0.425329
-0.069500,0.913500,0.264313,1,0.275139,0.275139,0.128221,0.083514,-0.124016,0.001151,0.419434
-0.069500,0.957000,0.288506,1,0.279160,0.279160,0.135662,0.085247,-0.129231,0.001151,0.413305
-0.069500,1.000500,0.313815,1,0.283053,0.283053,0.143054,0.085917,-0.134174,0.001151,0.406956
-0.069500,1.044000,0.340197,1,0.286815,0.286815,0.150391,0.087414,-0.138837,0.001151,0.400398
-0.069500,1.087500,0.367605,1,0.290444,0.290444,0.157669,0.089733,-0.143210,0.001151,0.393643
-0.069500,1.131000,0.395995,1,0.293938,0.293938,0.164881,0.092864,-0.147285,0.001151,0.386704
-0.069500,1.174500,0.425318,1,0.297296,0.297296,0.172023,0.095231,-0.151055,0.001151,0.379595
-0.069500,1.218000,0.455525,1,0.300516,0.300516,0.179092,0.095409,-0.154512,0.001151,0.372328
-0.069500,1.261500,0.486566,1,0.303596,0.303596,0.186082,0.096390,-0.157649,0.001151,0.364919
-0.069500,1.305000,0.518388,1,0.306535,0.306535,0.192990,0.098168,-0.160462,0.001151,0.357379
-0.069500,1.348500,0.550938,1,0.309332,0.309332,0.199812,0.100734,-0.162944,0.001151,0.349725
-0.069500,1.392000,0.584163,1,0.311984,0.311984,0.206544,0.103964,-0.165090,0.001151,0.341969
-0.069500,1.435500,0.625821,1,0.314491,0.314491,0.213183,0.103517,-0.166898,0.001151,0.334128
-0.069500,1.479000,0.684932,1,0.316852,0.316852,0.219724,0.103849,-0.168363,0.001151,0.326216
-0.069500,1.522500,0.773009,1,0.319065,0.319065,0.226166,0.104952,-0.169482,0.001151,0.318247
-0.069500,1.566000,0.892787,1,0.321129,0.321129,0.232503,0.106820,-0.170254,0.001151,0.310237
-0.069500,1.609500,1.044208,1,0.323043,0.323043,0.238734,0.109444,-0.170676,0.001151,0.302202
-0.069500,1.653000,1.227215,1,0.324806,0.324806,0.244854,0.110053,-0.170749,0.001151,0.294155
-0.069500,1.696500,1.441749,1,0.326418,0.326418,0.250861,0.109606,-0.170472,0.001151,0.286113
-0.069500,1.740000,1.687751,1,0.327877,0.327877,0.256752,0.109907,-0.169845,0.001151,0.278090
-0.034750,-1.740000,inf,0,inf,inf,inf,inf,0.000000,0.000000,0.000000
-0.034750,-1.696500,1.271153,1,0.108239,0.108239,0.131239,0.094904,0.189746,0.001151,0.267320
-0.034750,-1.653000,1.025840,1,0.101490,0.101490,0.123681,0.083102,0.190859,0.001151,0.275289
-0.034750,-1.609500,0.813100,1,0.094740,0.094740,0.116081,0.072158,0.191623,0.001151,0.283300
-0.034750,-1.566000,0.632971,1,0.088002,0.088002,0.108446,0.062076,0.192039,0.001151,0.291336
-0.034750,-1.522500,0.485487,1,0.081295,0.081295,0.100782,0.052860,0.192105,0.001151,0.299382
-0.034750,-1.479000,0.370680,1,0.074640,0.074640,0.093100,0.044512,0.191821,0.001151,0.307424
-0.034750,-1.435500,0.288581,1,0.068067,0.068067,0.085412,0.037035,0.191188,0.001151,0.315446
-0.034750,-1.392000,0.239218,1,0.061618,0.061618,0.077732,0.030432,0.190206,0.001151,0.323433
-0.034750,-1.348500,0.214487,1,0.055349,0.055349,0.070079,0.024706,0.188878,0.001151,0.331369
-0.034750,-1.305000,0.196275,1,0.049344,0.049344,0.062481,0.019857,0.187206,0.001151,0.339241
-0.034750,-1.261500,0.179617,1,0.043724,0.043724,0.054978,0.015889,0.185194,0.001151,0.347032
-0.034750,-1.218000,0.164530,1,0.038672,0.038672,0.047632,0.012803,0.182844,0.001151,0.354728
-0.034750,-1.174500,0.151030,1,0.034450,0.034450,0.040547,0.010600,0.180162,0.001151,0.362315
-0.034750,-1.131000,0.139129,1,0.031402,0.031402,0.033904,0.009282,0.177153,0.001151,0.369778
-0.034750,-1.087500,0.128837,1,0.029898,0.029898,0.028035,0.008849,0.173822,0.001151,0.377103
-0.034750,-1.044000,0.120160,1,0.030172,0.030172,0.023543,0.009302,0.170175,0.001151,0.384276
-0.034750,-1.000500,0.113103,1,0.032177,0.032177,0.021325,0.010642,0.166220,0.001151,0.391284
-0.034750,-0.957000,0.107668,1,0.035620,0.035620,0.022084,0.012050,0.161965,0.001151,0.398113
-0.034750,-0.913500,0.103854,1,0.040126,0.040126,0.025553,0.010666,0.157416,0.001151,0.404751
-0.034750,-0.870000,0.101657,1,0.045373,0.045373,0.030826,0.010184,0.152582,0.001151,0.411184
-0.034750,-0.826500,0.101070,1,0.051125,0.051125,0.037136,0.010605,0.147474,0.001151,0.417402
-0.034750,-0.783000,0.102084,1,0.057221,0.057221,0.044028,0.011928,0.142100,0.001151,0.423391
-0.034750,-0.739500,0.104688,1,0.063552,0.063552,0.051260,0.014151,0.136471,0.001151,0.429141
-0.034750,-0.696000,0.108866,1,0.070043,0.070043,0.058693,0.014975,0.130597,0.001151,0.434641
-0.034750,-0.652500,0.114603,1,0.076645,0.076645,0.066250,0.014504,0.124489,0.001151,0.439880
-0.034750,-0.609000,0.121877,1,0.083318,0.083318,0.073879,0.014946,0.118159,0.001151,0.444849
-0.034750,-0.565500,0.130668,1,0.090037,0.090037,0.081548,0.016300,0.111619,0.001151,0.449537
-0.034750,-0.522000,0.140949,1,0.096780,0.096780,0.089235,0.018564,0.104882,0.001151,0.453937
-0.034750,-0.478500,0.152695,1,0.103531,0.103531,0.096921,0.021736,0.097959,0.001151,0.458040
-0.034750,-0.435000,0.165875,1,0.110277,0.110277,0.104595,0.021434,0.090865,0.001151,0.461837
-0.034750,-0.391500,0.158675,1,0.117008,0.117008,0.102083,0.021924,0.083612,0.001151,0.465323
-0.034750,-0.348000,0.141852,1,0.123713,0.123713,0.094404,0.023331,0.076215,0.001151,0.468490
-0.034750,-0.304500,0.126463,1,0.130386,0.130386,0.086716,0.025650,0.068687,0.001151,0.471332
-0.034750,-0.261000,0.112532,1,0.137019,0.137019,0.079033,0.028879,0.061042,0.001151,0.473844
-0.034750,-0.217500,0.100080,1,0.143606,0.143606,0.071374,0.030508,0.053295,0.001151,0.476022
-0.034750,-0.174000,0.089125,1,0.150142,0.150142,0.063764,0.031045,0.045461,0.001151,0.477860
-0.034750,-0.130500,0.079683,1,0.156620,0.156620,0.056241,0.032496,0.037555,0.001151,0.479356
-0.034750,-0.087000,0.071766,1,0.163038,0.163038,0.048863,0.034856,0.029590,0.001151,0.480507
-0.034750,-0.043500,0.065387,1,0.169390,0.169390,0.041724,0.038122,0.021584,0.001151,0.481310
-0.034750,0.000000,0.060552,1,0.175671,0.175671,0.034988,0.041199,0.013550,0.001151,0.481765
-0.034750,0.043500,0.057268,1,0.181878,0.181878,0.028954,0.041751,0.005504,0.001151,0.481869
-0.034750,0.087000,0.055538,1,0.188008,0.188008,0.024171,0.043209,-0.002540,0.001151,0.481624
-0.034750,0.130500,0.055363,1,0.194056,0.194056,0.021501,0.045568,-0.010564,0.001151,0.481029
-0.034750,0.174000,0.056739,1,0.200018,0.200018,0.021743,0.048823,-0.018556,0.001151,0.480085
-0.034750,0.217500,0.059664,1,0.205892,0.205892,0.024812,0.052947,-0.026499,0.001151,0.478796
-0.034750,0.261000,0.064128,1,0.211675,0.211675,0.029842,0.053455,-0.034378,0.001151,0.477161
-0.034750,0.304500,0.070124,1,0.217362,0.217362,0.036015,0.054856,-0.042178,0.001151,0.475186
-0.034750,0.348000,0.077637,1,0.222951,0.222951,0.042831,0.057145,-0.049886,0.001151,0.472874
-0.034750,0.391500,0.086655,1,0.228439,0.228439,0.050016,0.060316,-0.057485,0.001151,0.470228
-0.034750,0.435000,0.097158,1,0.233823,0.233823,0.057422,0.064361,-0.064963,0.001151,0.467254
-0.034750,0.478500,0.109128,1,0.239101,0.239101,0.064962,0.065573,-0.072304,0.001151,0.463959
-0.034750,0.522000,0.122543,1,0.244269,0.244269,0.072582,0.066830,-0.079494,0.001151,0.460347
-0.034750,0.565500,0.137377,1,0.249324,0.249324,0.080246,0.068956,-0.086521,0.001151,0.456425
-0.034750,0.609000,0.153603,1,0.254265,0.254265,0.087931,0.071945,-0.093371,0.001151,0.452202
-0.034750,0.652500,0.171194,1,0.259088,0.259088,0.095618,0.075790,-0.100030,0.001151,0.447685
-0.034750,0.696000,0.190117,1,0.263792,0.263792,0.103295,0.077555,-0.106487,0.001151,0.442883
-0.034750,0.739500,0.210338,1,0.268373,0.268373,0.110951,0.078559,-0.112729,0.001151,0.437804
-0.034750,0.783000,0.231823,1,0.272831,0.272831,0.118576,0.080412,-0.118744,0.001151,0.432459
-0.034750,0.826500,0.254533,1,0.277161,0.277161,0.126162,0.083105,-0.124521,0.001151,0.426857
-0.034750,0.870000,0.278429,1,0.281363,0.281363,0.133704,0.086631,-0.130049,0.001151,0.421010
-0.034750,0.913500,0.303469,1,0.285433,0.285433,0.141196,0.088912,-0.135317,0.001151,0.414927
-0.034750,0.957000,0.329611,1,0.289371,0.289371,0.148631,0.089541,-0.140316,0.001151,0.408622
-0.034750,1.000500,0.356808,1,0.293174,0.293174,0.156005,0.090994,-0.145036,0.001151,0.402104
-0.034750,1.044000,0.385014,1,0.296840,0.296840,0.163313,0.093264,-0.149468,0.001151,0.395388
-0.034750,1.087500,0.414181,1,0.300368,0.300368,0.170551,0.096342,-0.153604,0.001151,0.388485
-0.034750,1.131000,0.444260,1,0.303755,0.303755,0.177714,0.099238,-0.157435,0.001151,0.381409
-0.034750,1.174500,0.475199,1,0.307000,0.307000,0.184799,0.099359,-0.160956,0.001151,0.374173
-0.034750,1.218000,0.506945,1,0.310102,0.310102,0.191801,0.100280,-0.164158,0.001151,0.366791
-0.034750,1.261500,0.539446,1,0.313059,0.313059,0.198716,0.101992,-0.167036,0.001151,0.359277
-0.034750,1.305000,0.572647,1,0.315869,0.315869,0.205541,0.104487,-0.169585,0.001151,0.351644
-0.034750,1.348500,0.606492,1,0.318531,0.318531,0.212273,0.107758,-0.171800,0.001151,0.343908
-0.034750,1.392000,0.640925,1,0.321044,0.321044,0.218907,0.107704,-0.173676,0.001151,0.336083
-0.034750,1.435500,0.684017,1,0.323407,0.323407,0.225440,0.107957,-0.175209,0.001151,0.328183
-0.034750,1.479000,0.753846,1,0.325618,0.325618,0.231870,0.108976,-0.176398,0.001151,0.320225
-0.034750,1.522500,0.855340,1,0.327677,0.327677,0.238192,0.110755,-0.177240,0.001151,0.312222
-0.034750,1.566000,0.988439,1,0.329582,0.329582,0.244403,0.113285,-0.177733,0.001151,0.304190
-0.034750,1.609500,1.153085,1,0.331332,0.331332,0.250501,0.114380,-0.177876,0.001151,0.296145
-0.034750,1.653000,1.349219,1,0.332927,0.332927,0.256483,0.113834,-0.177669,0.001151,0.288101
-0.034750,1.696500,1.576780,1,0.334366,0.334366,0.262345,0.114032,-0.177113,0.001151,0.280073
-0.034750,1.740000,1.835710,1,0.335648,0.335648,0.268084,0.114966,-0.176208,0.001151,0.272077
0.000000,-1.740000,1.410028,1,0.106850,0.106850,0.127134,0.095921,0.182358,0.001151,0.265846
0.000000,-1.696500,1.146041,1,0.099843,0.099843,0.119450,0.083999,0.183540,0.001151,0.273806
0.000000,-1.653000,0.914673,1,0.092820,0.092820,0.111721,0.072939,0.184375,0.001151,0.281809
0.000000,-1.609500,0.715959,1,0.085793,0.085793,0.103956,0.062745,0.184861,0.001151,0.289842
0.000000,-1.566000,0.549934,1,0.078775,0.078775,0.096162,0.053421,0.184998,0.001151,0.297887
0.000000,-1.522500,0.416630,1,0.071784,0.071784,0.088347,0.044968,0.184784,0.001151,0.305931
0.000000,-1.479000,0.316075,1,0.064844,0.064844,0.080522,0.037391,0.184221,0.001151,0.313958
0.000000,-1.435500,0.248297,1,0.057989,0.057989,0.072702,0.030691,0.183309,0.001151,0.321954
0.000000,-1.392000,0.213320,1,0.051269,0.051269,0.064906,0.024871,0.182051,0.001151,0.329901
0.000000,-1.348500,0.195541,1,0.044761,0.044761,0.057162,0.019933,0.180448,0.001151,0.337787
0.000000,-1.305000,0.179353,1,0.038585,0.038585,0.049511,0.015878,0.178503,0.001151,0.345595
0.000000,-1.261500,0.164773,1,0.032946,0.032946,0.042022,0.012708,0.176221,0.001151,0.353312
0.000000,-1.218000,0.151815,1,0.028180,0.028180,0.034821,0.010425,0.173606,0.001151,0.360922
0.000000,-1.174500,0.140490,1,0.024808,0.024808,0.028146,0.009029,0.170662,0.001151,0.368411
0.000000,-1.131000,0.130806,1,0.023447,0.023447,0.022491,0.008522,0.167395,0.001151,0.375765
0.000000,-1.087500,0.122769,1,0.024437,0.024437,0.018811,0.008903,0.163812,0.001151,0.382970
0.000000,-1.044000,0.116381,1,0.027524,0.027524,0.018347,0.010174,0.159918,0.001151,0.390012
0.000000,-1.000500,0.111642,1,0.032104,0.032104,0.021311,0.012113,0.155722,0.001151,0.396878
0.000000,-0.957000,0.108550,1,0.037629,0.037629,0.026574,0.010671,0.151231,0.001151,0.403555
0.000000,-0.913500,0.107100,1,0.043735,0.043735,0.033050,0.010134,0.146455,0.001151,0.410031
0.000000,-0.870000,0.107282,1,0.050199,0.050199,0.040146,0.010501,0.141401,0.001151,0.416293
0.000000,-0.826500,0.109086,1,0.056891,0.056891,0.047576,0.011773,0.136079,0.001151,0.422329
0.000000,-0.783000,0.112499,1,0.063728,0.063728,0.055193,0.013947,0.130501,0.001151,0.428128
0.000000,-0.739500,0.117503,1,0.070657,0.070657,0.062919,0.015323,0.124675,0.001151,0.433679
0.000000,-0.696000,0.124081,1,0.077641,0.077641,0.070705,0.014814,0.118613,0.001151,0.438971
0.000000,-0.652500,0.132209,1,0.084656,0.084656,0.078521,0.015219,0.112327,0.001151,0.443995
0.000000,-0.609000,0.141865,1,0.091683,0.091683,0.086345,0.016538,0.105829,0.001151,0.448741
0.000000,-0.565500,0.153021,1,0.098707,0.098707,0.094164,0.018768,0.099130,0.001151,0.453199
0.000000,-0.522000,0.165648,1,0.105717,0.105717,0.101965,0.021907,0.092244,0.001151,0.457362
0.000000,-0.478500,0.170119,1,0.112704,0.112704,0.105275,0.022175,0.085183,0.001151,0.461222
0.000000,-0.435000,0.152213,1,0.119659,0.119659,0.097485,0.022642,0.077961,0.001151,0.464771
0.000000,-0.391500,0.135758,1,0.126576,0.126576,0.089673,0.024026,0.070591,0.001151,0.468002
0.000000,-0.348000,0.120777,1,0.133448,0.133448,0.081849,0.026323,0.063088,0.001151,0.470910
0.000000,-0.304500,0.107293,1,0.140271,0.140271,0.074028,0.029530,0.055466,0.001151,0.473489
0.000000,-0.261000,0.095325,1,0.147038,0.147038,0.066226,0.031736,0.047739,0.001151,0.475734
0.000000,-0.217500,0.084891,1,0.153746,0.153746,0.058470,0.032258,0.039921,0.001151,0.477641
0.000000,-0.174000,0.076004,1,0.160390,0.160390,0.050799,0.033695,0.032028,0.001151,0.479207
0.000000,-0.130500,0.068677,1,0.166965,0.166965,0.043276,0.036041,0.024074,0.001151,0.480427
0.000000,-0.087000,0.062920,1,0.173468,0.173468,0.036014,0.039293,0.016075,0.001151,0.481300
0.000000,-0.043500,0.058738,1,0.179895,0.179895,0.029225,0.042948,0.008045,0.001151,0.481825
0.000000,0.000000,0.056136,1,0.186242,0.186242,0.023344,0.043490,0.000000,0.001151,0.482000
0.000000,0.043500,0.055115,1,0.192506,0.192506,0.019240,0.044938,-0.008045,0.001151,0.481825
0.000000,0.087000,0.055674,1,0.198683,0.198683,0.018168,0.047287,-0.016075,0.001151,0.481300
0.000000,0.130500,0.057810,1,0.204771,0.204771,0.020609,0.050531,-0.024074,0.001151,0.480427
0.000000,0.174000,0.061515,1,0.210765,0.210765,0.025573,0.054663,-0.032028,0.001151,0.479207
0.000000,0.217500,0.066782,1,0.216663,0.216663,0.031897,0.055729,-0.039921,0.001151,0.477641
0.000000,0.261000,0.073597,1,0.222461,0.222461,0.038913,0.057121,-0.047739,0.001151,0.475734
0.000000,0.304500,0.081948,1,0.228157,0.228157,0.046300,0.059399,-0.055466,0.001151,0.473489
0.000000,0.348000,0.091817,1,0.233747,0.233747,0.053892,0.062556,-0.063088,0.001151,0.470910
0.000000,0.391500,0.103184,1,0.239230,0.239230,0.061604,0.066586,-0.070591,0.001151,0.468002
0.000000,0.435000,0.116029,1,0.244601,0.244601,0.069382,0.068370,-0.077961,0.001151,0.464771
0.000000,0.478500,0.130327,1,0.249860,0.249860,0.077194,0.069613,-0.085183,0.001151,0.461222
0.000000,0.522000,0.146051,1,0.255001,0.255001,0.085019,0.071723,-0.092244,0.001151,0.457362
0.000000,0.565500,0.163173,1,0.260024,0.260024,0.092839,0.074693,-0.099130,0.001151,0.453199
0.000000,0.609000,0.181661,1,0.264926,0.264926,0.100643,0.078515,-0.105829,0.001151,0.448741
0.000000,0.652500,0.201482,1,0.269704,0.269704,0.108422,0.080841,-0.112327,0.001151,0.443995
0.000000,0.696000,0.222600,1,0.274357,0.274357,0.116167,0.081823,-0.118613,0.001151,0.438971
0.000000,0.739500,0.244977,1,0.278881,0.278881,0.123871,0.083650,-0.124675,0.001151,0.433679
0.000000,0.783000,0.268575,1,0.283274,0.283274,0.131528,0.086314,-0.130501,0.001151,0.428128
0.000000,0.826500,0.293350,1,0.287535,0.287535,0.139133,0.089807,-0.136079,0.001151,0.422329
0.000000,0.870000,0.319260,1,0.291661,0.291661,0.146680,0.092635,-0.141401,0.001151,0.416293
0.000000,0.913500,0.346259,1,0.295651,0.295651,0.154164,0.093229,-0.146455,0.001151,0.410031
0.000000,0.957000,0.374301,1,0.299501,0.299501,0.161582,0.094643,-0.151231,0.001151,0.403555
0.000000,1.000500,0.403336,1,0.303212,0.303212,0.168929,0.096870,-0.155722,0.001151,0.396878
0.000000,1.044000,0.433314,1,0.306780,0.306780,0.176200,0.099902,-0.159918,0.001151,0.390012
0.000000,1.087500,0.464185,1,0.310203,0.310203,0.183392,0.103326,-0.163812,0.001151,0.382970
0.000000,1.131000,0.495894,1,0.313482,0.313482,0.190501,0.103397,-0.167395,0.001151,0.375765
0.000000,1.174500,0.528388,1,0.316613,0.316613,0.197523,0.104263,-0.170662,0.001151,0.368411
0.000000,1.218000,0.561611,1,0.319595,0.319595,0.204454,0.105916,-0.173606,0.001151,0.360922
0.000000,1.261500,0.595507,1,0.322427,0.322427,0.211291,0.108349,-0.176221,0.001151,0.353312
0.000000,1.305000,0.630020,1,0.325107,0.325107,0.218031,0.111552,-0.178503,0.001151,0.345595
0.000000,1.348500,0.665090,1,0.327635,0.327635,0.224669,0.112006,-0.180448,0.001151,0.337787
0.000000,1.392000,0.700660,1,0.330008,0.330008,0.231204,0.112186,-0.182051,0.001151,0.329901
0.000000,1.435500,0.752294,1,0.332226,0.332226,0.237630,0.113128,-0.183309,0.001151,0.321954
0.000000,1.479000,0.835558,1,0.334288,0.334288,0.243946,0.114825,-0.184221,0.001151,0.313958
0.000000,1.522500,0.950392,1,0.336192,0.336192,0.250148,0.117269,-0.184784,0.001151,0.305931
0.000000,1.566000,1.096736,1,0.337939,0.337939,0.256233,0.118849,-0.184998,0.001151,0.297887
0.000000,1.609500,1.274529,1,0.339526,0.339526,0.262199,0.118212,-0.184861,0.001151,0.289842
0.000000,1.653000,1.483710,1,0.340953,0.340953,0.268041,0.118313,-0.184375,0.001151,0.281809
0.000000,1.696500,1.724220,1,0.342220,0.342220,0.273758,0.119146,-0.183540,0.001151,0.273806
0.000000,1.740000,1.995997,1,0.343326,0.343326,0.279346,0.120704,-0.182358,0.001151,0.265846
0.034750,-1.740000,1.284178,1,0.098964,0.098964,0.115588,0.085048,0.176208,0.001151,0.272077
0.034750,-1.696500,1.034119,1,0.091687,0.091687,0.107722,0.073866,0.177113,0.001151,0.280073
0.034750,-1.653000,0.816760,1,0.084390,0.084390,0.099817,0.063555,0.177669,0.001151,0.288101
0.034750,-1.609500,0.632136,1,0.077080,0.077080,0.091880,0.054117,0.177876,0.001151,0.296145
0.034750,-1.566000,0.480276,1,0.069772,0.069772,0.083918,0.045555,0.177733,0.001151,0.304190
0.034750,-1.522500,0.361209,1,0.062481,0.062481,0.075941,0.037872,0.177240,0.001151,0.312222
0.034750,-1.479000,0.274962,1,0.055230,0.055230,0.067961,0.031070,0.176398,0.001151,0.320225
0.034750,-1.435500,0.221557,1,0.048055,0.048055,0.059997,0.025152,0.175209,0.001151,0.328183
0.034750,-1.392000,0.196031,1,0.041014,0.041014,0.052072,0.020119,0.173676,0.001151,0.336083
0.034750,-1.348500,0.180264,1,0.034204,0.034204,0.044228,0.015974,0.171800,0.001151,0.343908
0.034750,-1.305000,0.166144,1,0.027815,0.027815,0.036536,0.012717,0.169585,0.001151,0.351644
0.034750,-1.261500,0.153683,1,0.022231,0.022231,0.029136,0.010349,0.167036,0.001151,0.359277
0.034750,-1.218000,0.142891,1,0.018221,0.018221,0.022344,0.008872,0.164158,0.001151,0.366791
0.034750,-1.174500,0.133775,1,0.016951,0.016951,0.016925,0.008286,0.160956,0.001151,0.374173
0.034750,-1.131000,0.126338,1,0.018983,0.018983,0.014524,0.008593,0.157435,0.001151,0.381409
0.034750,-1.087500,0.120583,1,0.023471,0.023471,0.016520,0.009790,0.153604,0.001151,0.388485
0.034750,-1.044000,0.116508,1,0.029301,0.029301,0.021730,0.011880,0.149468,0.001151,0.395388
0.034750,-1.000500,0.114108,1,0.035816,0.035816,0.028433,0.010744,0.145036,0.001151,0.402104
0.034750,-0.957000,0.113376,1,0.042695,0.042695,0.035791,0.010148,0.140316,0.001151,0.408622
0.034750,-0.913500,0.114302,1,0.049775,0.049775,0.043462,0.010459,0.135317,0.001151,0.414927
0.034750,-0.870000,0.116873,1,0.056973,0.056973,0.051295,0.011677,0.130049,0.001151,0.421010
0.034750,-0.826500,0.121075,1,0.064236,0.064236,0.059214,0.013801,0.124521,0.001151,0.426857
0.034750,-0.783000,0.126888,1,0.071533,0.071533,0.067176,0.015717,0.118744,0.001151,0.432459
0.034750,-0.739500,0.134292,1,0.078843,0.078843,0.075155,0.015166,0.112729,0.001151,0.437804
0.034750,-0.696000,0.143264,1,0.086150,0.086150,0.083133,0.015533,0.106487,0.001151,0.442883
0.034750,-0.652500,0.153776,1,0.093443,0.093443,0.091097,0.016815,0.100030,0.001151,0.447685
0.034750,-0.609000,0.165801,1,0.100713,0.100713,0.099037,0.019009,0.093371,0.001151,0.452202
0.034750,-0.565500,0.179307,1,0.107952,0.107952,0.106945,0.022115,0.086521,0.001151,0.456425
0.034750,-0.522000,0.164769,1,0.115154,0.115154,0.101160,0.022942,0.079494,0.001151,0.460347
0.034750,-0.478500,0.147133,1,0.122312,0.122312,0.093228,0.023384,0.072304,0.001151,0.463959
0.034750,-0.435000,0.130990,1,0.129421,0.129421,0.085269,0.024744,0.064963,0.001151,0.467254
0.034750,-0.391500,0.116364,1,0.136477,0.136477,0.077294,0.027019,0.057485,0.001151,0.470228
0.034750,-0.348000,0.103275,1,0.143475,0.143475,0.069314,0.030205,0.049886,0.001151,0.472874
0.034750,-0.304500,0.091742,1,0.150411,0.150411,0.061345,0.032976,0.042178,0.001151,0.475186
0.034750,-0.261000,0.081782,1,0.157281,0.157281,0.053412,0.033484,0.034378,0.001151,0.477161
0.034750,-0.217500,0.073406,1,0.164081,0.164081,0.045550,0.034907,0.026499,0.001151,0.478796
0.034750,-0.174000,0.066626,1,0.170807,0.170807,0.037825,0.037240,0.018556,0.001151,0.480085
0.034750,-0.130500,0.061450,1,0.177455,0.177455,0.030360,0.040479,0.010564,0.001151,0.481029
0.034750,-0.087000,0.057882,1,0.184023,0.184023,0.023429,0.044617,0.002540,0.001151,0.481624
0.034750,-0.043500,0.055926,1,0.190506,0.190506,0.017688,0.045237,-0.005504,0.001151,0.481869
0.034750,0.000000,0.055581,1,0.196902,0.196902,0.014631,0.046677,-0.013550,0.001151,0.481765
0.034750,0.043500,0.056845,1,0.203207,0.203207,0.015897,0.049018,-0.021584,0.001151,0.481310
0.034750,0.087000,0.059712,1,0.209417,0.209417,0.020706,0.052252,-0.029590,0.001151,0.480507
0.034750,0.130500,0.064173,1,0.215530,0.215530,0.027236,0.056375,-0.037555,0.001151,0.479356
0.034750,0.174000,0.070219,1,0.221544,0.221544,0.034515,0.058013,-0.045461,0.001151,0.477860
0.034750,0.217500,0.077834,1,0.227453,0.227453,0.042147,0.059398,-0.053295,0.001151,0.476022
0.034750,0.261000,0.087005,1,0.233257,0.233257,0.049959,0.061668,-0.061042,0.001151,0.473844
0.034750,0.304500,0.097711,1,0.238952,0.238952,0.057867,0.064815,-0.068687,0.001151,0.471332
0.034750,0.348000,0.109931,1,0.244535,0.244535,0.065824,0.068834,-0.076215,0.001151,0.468490
0.034750,0.391500,0.123642,1,0.250003,0.250003,0.073802,0.071185,-0.083612,0.001151,0.465323
0.034750,0.435000,0.138818,1,0.255354,0.255354,0.081781,0.072417,-0.090865,0.001151,0.461837
0.034750,0.478500,0.155430,1,0.260586,0.260586,0.089748,0.074515,-0.097959,0.001151,0.458040
0.034750,0.522000,0.173447,1,0.265695,0.265695,0.097692,0.077471,-0.104882,0.001151,0.453937
0.034750,0.565500,0.192835,1,0.270679,0.270679,0.105607,0.081276,-0.111619,0.001151,0.449537
0.034750,0.609000,0.213560,1,0.275536,0.275536,0.113484,0.084159,-0.118159,0.001151,0.444849
0.034750,0.652500,0.235583,1,0.280264,0.280264,0.121317,0.085123,-0.124489,0.001151,0.439880
0.034750,0.696000,0.258865,1,0.284860,0.284860,0.129100,0.086929,-0.130597,0.001151,0.434641
0.034750,0.739500,0.283364,1,0.289321,0.289321,0.136830,0.089570,-0.136471,0.001151,0.429141
0.034750,0.783000,0.309037,1,0.293647,0.293647,0.144500,0.093036,-0.142100,0.001151,0.423391
0.034750,0.826500,0.335837,1,0.297834,0.297834,0.152107,0.096407,-0.147474,0.001151,0.417402
0.034750,0.870000,0.363717,1,0.301882,0.301882,0.159646,0.096972,-0.152582,0.001151,0.411184
0.034750,0.913500,0.392629,1,0.305786,0.305786,0.167113,0.098354,-0.157416,0.001151,0.404751
0.034750,0.957000,0.422521,1,0.309547,0.309547,0.174505,0.100545,-0.161965,0.001151,0.398113
0.034750,1.000500,0.453342,1,0.313162,0.313162,0.181816,0.103536,-0.166220,0.001151,0.391284
0.034750,1.044000,0.485038,1,0.316630,0.316630,0.189044,0.107320,-0.170175,0.001151,0.384276
0.034750,1.087500,0.517553,1,0.319948,0.319948,0.196184,0.107514,-0.173822,0.001151,0.377103
0.034750,1.131000,0.550833,1,0.323115,0.323115,0.203234,0.108332,-0.177153,0.001151,0.369778
0.034750,1.174500,0.584820,1,0.326130,0.326130,0.210189,0.109933,-0.180162,0.001151,0.362315
0.034750,1.218000,0.619455,1,0.328991,0.328991,0.217047,0.112310,-0.182844,0.001151,0.354728
0.034750,1.261500,0.654680,1,0.331697,0.331697,0.223803,0.115452,-0.185194,0.001151,0.347032
0.034750,1.305000,0.690435,1,0.334247,0.334247,0.230454,0.116412,-0.187206,0.001151,0.339241
0.034750,1.348500,0.726660,1,0.336639,0.336639,0.236998,0.116527,-0.188878,0.001151,0.331369
0.034750,1.392000,0.768280,1,0.338872,0.338872,0.243431,0.117399,-0.190206,0.001151,0.323433
0.034750,1.435500,0.833368,1,0.340945,0.340945,0.249749,0.119022,-0.191188,0.001151,0.315446
0.034750,1.479000,0.929992,1,0.342858,0.342858,0.255951,0.121386,-0.191821,0.001151,0.307424
0.034750,1.522500,1.058090,1,0.344609,0.344609,0.262032,0.123451,-0.192105,0.001151,0.299382
0.034750,1.566000,1.217600,1,0.346197,0.346197,0.267990,0.122729,-0.192039,0.001151,0.291336
0.034750,1.609500,1.408461,1,0.347621,0.347621,0.273822,0.122741,-0.191623,0.001151,0.283300
0.034750,1.653000,1.630610,1,0.348882,0.348882,0.279525,0.123481,-0.190859,0.001151,0.275289
0.034750,1.696500,1.883987,1,0.349978,0.349978,0.285097,0.124940,-0.189746,0.001151,0.267320
0.034750,1.740000,inf,0,inf,inf,inf,inf,0.000000,0.000000,0.000000
0.069500,-1.740000,1.171487,1,0.091390,0.091390,0.104146,0.074944,0.169845,0.001151,0.278090
0.069500,-1.696500,0.935421,1,0.083854,0.083854,0.096095,0.064509,0.170472,0.001151,0.286113
0.069500,-1.653000,0.732135,1,0.076290,0.076290,0.088009,0.054952,0.170749,0.001151,0.294155
0.069500,-1.609500,0.561660,1,0.068704,0.068704,0.079892,0.046276,0.170676,0.001151,0.302202
0.069500,-1.566000,0.424024,1,0.061106,0.061106,0.071752,0.038482,0.170254,0.001151,0.310237
0.069500,-1.522500,0.319251,1,0.053508,0.053508,0.063601,0.031573,0.169482,0.001151,0.318247
0.069500,-1.479000,0.247364,1,0.045927,0.045927,0.055450,0.025552,0.168363,0.001151,0.326216
0.069500,-1.435500,0.205592,1,0.038394,0.038394,0.047319,0.020420,0.166898,0.001151,0.334128
0.069500,-1.392000,0.182383,1,0.030961,0.030961,0.039242,0.016179,0.165090,0.001151,0.341969
0.069500,-1.348500,0.168673,1,0.023743,0.023743,0.031281,0.012830,0.162944,0.001151,0.349725
0.069500,-1.305000,0.156662,1,0.017040,0.017040,0.023577,0.010374,0.160462,0.001151,0.357379
0.069500,-1.261500,0.146358,1,0.011787,0.011787,0.016517,0.008812,0.157649,0.001151,0.364919
0.069500,-1.218000,0.137766,1,0.010477,0.010477,0.011397,0.008144,0.154512,0.001151,0.372328
0.069500,-1.174500,0.130890,1,0.014244,0.014244,0.011285,0.008372,0.151055,0.001151,0.379595
0.069500,-1.131000,0.125730,1,0.020449,0.020449,0.016285,0.009494,0.147285,0.001151,0.386704
0.069500,-1.087500,0.122281,1,0.027480,0.027480,0.023306,0.011510,0.143210,0.001151,0.393643
0.069500,-1.044000,0.120539,1,0.034831,0.034831,0.030997,0.010886,0.138837,0.001151,0.400398
0.069500,-1.000500,0.120495,1,0.042326,0.042326,0.038951,0.010229,0.134174,0.001151,0.406956
0.069500,-0.957000,0.122137,1,0.049889,0.049889,0.047026,0.010481,0.129231,0.001151,0.413305
0.069500,-0.913500,0.125450,1,0.057481,0.057481,0.055155,0.011643,0.124016,0.001151,0.419434
0.069500,-0.870000,0.130418,1,0.065081,0.065081,0.063306,0.013712,0.118539,0.001151,0.425329
0.069500,-0.826500,0.136816,1,0.072674,0.072674,0.071315,0.016156,0.112812,0.001151,0.430982
0.069500,-0.783000,0.144447,1,0.080249,0.080249,0.079102,0.015562,0.106844,0.001151,0.436379
0.069500,-0.739500,0.153853,1,0.087800,0.087800,0.087040,0.015887,0.100646,0.001151,0.441512
0.069500,-0.696000,0.165007,1,0.095318,0.095318,0.095078,0.017130,0.094232,0.001151,0.446371
0.069500,-0.652500,0.177159,1,0.102799,0.102799,0.102831,0.019288,0.087612,0.001151,0.450946
0.069500,-0.609000,0.177128,1,0.110237,0.110237,0.104216,0.022359,0.080800,0.001151,0.455229
0.069500,-0.565500,0.159496,1,0.117627,0.117627,0.096742,0.023733,0.073808,0.001151,0.459211
0.069500,-0.522000,0.142237,1,0.124967,0.124967,0.088687,0.024149,0.066649,0.001151,0.462886
0.069500,-0.478500,0.126705,1,0.132250,0.132250,0.080725,0.025485,0.059337,0.001151,0.466246
0.069500,-0.435000,0.112923,1,0.139473,0.139473,0.072902,0.027737,0.051886,0.001151,0.469285
0.069500,-0.391500,0.100515,1,0.146633,0.146633,0.064983,0.030901,0.044310,0.001151,0.471997
0.069500,-0.348000,0.089366,1,0.153726,0.153726,0.056831,0.034228,0.036623,0.001151,0.474377
0.069500,-0.304500,0.079830,1,0.160748,0.160748,0.048695,0.034721,0.028840,0.001151,0.476420
0.069500,-0.261000,0.071918,1,0.167695,0.167695,0.040606,0.036131,0.020975,0.001151,0.478123
0.069500,-0.217500,0.065639,1,0.174564,0.174564,0.032619,0.038451,0.013044,0.001151,0.479483
0.069500,-0.174000,0.061001,1,0.181352,0.181352,0.024854,0.041677,0.005061,0.001151,0.480496
0.069500,-0.130500,0.058008,1,0.188056,0.188056,0.017634,0.045804,-0.002958,0.001151,0.481161
0.069500,-0.087000,0.056659,1,0.194671,0.194671,0.012010,0.046990,-0.010999,0.001151,0.481477
0.069500,-0.043500,0.056954,1,0.201195,0.201195,0.010857,0.048423,-0.019045,0.001151,0.481443
0.069500,0.000000,0.058889,1,0.207624,0.207624,0.015230,0.050756,-0.027083,0.001151,0.481058
0.069500,0.043500,0.062456,1,0.213957,0.213957,0.022050,0.053984,-0.035097,0.001151,0.480325
0.069500,0.087000,0.067645,1,0.220188,0.220188,0.029668,0.058098,-0.043070,0.001151,0.479244
0.069500,0.130500,0.074443,1,0.226316,0.226316,0.037592,0.060303,-0.050990,0.001151,0.477817
0.069500,0.174000,0.082837,1,0.232338,0.232338,0.045651,0.061683,-0.058840,0.001151,0.476048
0.069500,0.217500,0.092806,1,0.238250,0.238250,0.053774,0.063947,-0.066605,0.001151,0.473938
0.069500,0.261000,0.104332,1,0.244050,0.244050,0.061923,0.067088,-0.074271,0.001151,0.471493
0.069500,0.304500,0.117391,1,0.249735,0.249735,0.070076,0.071099,-0.081824,0.001151,0.468717
0.069500,0.348000,0.131957,1,0.255302,0.255302,0.078218,0.074011,-0.089249,0.001151,0.465615
0.069500,0.391500,0.148002,1,0.260749,0.260749,0.086340,0.075237,-0.096532,0.001151,0.462193
0.069500,0.435000,0.165495,1,0.266073,0.266073,0.094434,0.077327,-0.103659,0.001151,0.458457
0.069500,0.478500,0.184404,1,0.271271,0.271271,0.102492,0.080272,-0.110618,0.001151,0.454415
0.069500,0.522000,0.204693,1,0.276341,0.276341,0.110509,0.084065,-0.117393,0.001151,0.450075
0.069500,0.565500,0.226325,1,0.281281,0.281281,0.118480,0.087501,-0.123974,0.001151,0.445443
0.069500,0.609000,0.249259,1,0.286089,0.286089,0.126399,0.088452,-0.130347,0.001151,0.440530
0.069500,0.652500,0.273455,1,0.290761,0.290761,0.134262,0.090242,-0.136500,0.001151,0.435345
0.069500,0.696000,0.298868,1,0.295295,0.295295,0.142065,0.092865,-0.142422,0.001151,0.429897
0.069500,0.739500,0.325452,1,0.299691,0.299691,0.149804,0.096310,-0.148102,0.001151,0.424196
0.069500,0.783000,0.353159,1,0.303945,0.303945,0.157474,0.100221,-0.153528,0.001151,0.418254
0.069500,0.826500,0.381941,1,0.308055,0.308055,0.165072,0.100762,-0.158690,0.001151,0.412082
0.069500,0.870000,0.411746,1,0.312020,0.312020,0.172593,0.102117,-0.163580,0.001151,0.405691
0.069500,0.913500,0.442521,1,0.315837,0.315837,0.180034,0.104278,-0.168187,0.001151,0.399093
0.069500,0.957000,0.474212,1,0.319505,0.319505,0.187391,0.107236,-0.172502,0.001151,0.392301
0.069500,1.000500,0.506764,1,0.323023,0.323023,0.194661,0.110983,-0.176518,0.001151,0.385328
0.069500,1.044000,0.540120,1,0.326387,0.326387,0.201840,0.111701,-0.180227,0.001151,0.378187
0.069500,1.087500,0.574221,1,0.329598,0.329598,0.208924,0.112478,-0.183622,0.001151,0.370891
0.069500,1.131000,0.609009,1,0.332653,0.332653,0.215910,0.114034,-0.186697,0.001151,0.363455
0.069500,1.174500,0.644425,1,0.335550,0.335550,0.222795,0.116361,-0.189445,0.001151,0.355892
0.069500,1.218000,0.680406,1,0.338289,0.338289,0.229575,0.119450,-0.191862,0.001151,0.348217
0.069500,1.261500,0.716891,1,0.340868,0.340868,0.236248,0.120915,-0.193943,0.001151,0.340443
0.069500,1.305000,0.753819,1,0.343286,0.343286,0.242809,0.120971,-0.195683,0.001151,0.332587
0.069500,1.348500,0.793918,1,0.345542,0.345542,0.249256,0.121781,-0.197081,0.001151,0.324663
0.069500,1.392000,0.848694,1,0.347635,0.347635,0.255585,0.123336,-0.198132,0.001151,0.316685
0.069500,1.435500,0.927161,1,0.349563,0.349563,0.261794,0.125628,-0.198836,0.001151,0.308669
0.069500,1.479000,1.037068,1,0.351326,0.351326,0.267879,0.128178,-0.199190,0.001151,0.300630
0.069500,1.522500,1.178352,1,0.352923,0.352923,0.273839,0.127378,-0.199194,0.001151,0.292583
0.069500,1.566000,1.350950,1,0.354353,0.354353,0.279669,0.127307,-0.198849,0.001151,0.284543
0.069500,1.609500,1.554799,1,0.355616,0.355616,0.285367,0.127960,-0.198154,0.001151,0.276526
0.069500,1.653000,1.789836,1,0.356710,0.356710,0.290930,0.129327,-0.197111,0.001151,0.268547
0.069500,1.696500,inf,0,inf,inf,inf,inf,0.000000,0.000000,0.000000
0.069500,1.740000,inf,0,inf,inf,inf,inf,0.000000,0.000000,0.000000
0.104250,-1.740000,1.071985,1,0.084223,0.084223,0.092863,0.065612,0.163277,0.001151,0.283879
0.104250,-1.696500,0.849977,1,0.076454,0.076454,0.084628,0.055931,0.163625,0.001151,0.291918
0.104250,-1.653000,0.660826,1,0.068650,0.068650,0.076358,0.047134,0.163622,0.001151,0.299965
0.104250,-1.609500,0.504560,1,0.060816,0.060816,0.068057,0.039224,0.163270,0.001151,0.308004
0.104250,-1.566000,0.381203,1,0.052956,0.052956,0.059733,0.032203,0.162569,0.001151,0.316021
0.104250,-1.522500,0.290777,1,0.045077,0.045077,0.051395,0.026074,0.161519,0.001151,0.323999
0.104250,-1.479000,0.232073,1,0.037186,0.037186,0.043052,0.020838,0.160124,0.001151,0.331924
0.104250,-1.435500,0.193555,1,0.029292,0.029292,0.034725,0.016497,0.158385,0.001151,0.339780
0.104250,-1.392000,0.172392,1,0.021419,0.021419,0.026451,0.013051,0.156306,0.001151,0.347554
0.104250,-1.348500,0.160781,1,0.013627,0.013627,0.018328,0.010502,0.153891,0.001151,0.355230
0.104250,-1.305000,0.150917,1,0.006272,0.006272,0.010738,0.008851,0.151145,0.001151,0.362794
0.104250,-1.261500,0.142805,1,0.004471,0.004471,0.006185,0.008098,0.148072,0.001151,0.370231
0.104250,-1.218000,0.136446,1,0.011299,0.011299,0.010242,0.008242,0.144679,0.001151,0.377527
0.104250,-1.174500,0.131839,1,0.019031,0.019031,0.017751,0.009285,0.140972,0.001151,0.384669
0.104250,-1.131000,0.128979,1,0.026890,0.026890,0.025855,0.011225,0.136957,0.001151,0.391643
0.104250,-1.087500,0.127860,1,0.034780,0.034780,0.034123,0.011100,0.132644,0.001151,0.398436
0.104250,-1.044000,0.128469,1,0.042674,0.042674,0.042448,0.010377,0.128038,0.001151,0.405035
0.104250,-1.000500,0.130631,1,0.050557,0.050557,0.050628,0.010568,0.123151,0.001151,0.411427
0.104250,-0.957000,0.133580,1,0.058423,0.058423,0.058069,0.011670,0.117990,0.001151,0.417601
0.104250,-0.913500,0.138400,1,0.066266,0.066266,0.065857,0.013683,0.112565,0.001151,0.423545
0.104250,-0.870000,0.145071,1,0.074080,0.074080,0.073868,0.016605,0.106887,0.001151,0.429247
0.104250,-0.826500,0.153570,1,0.081860,0.081860,0.082025,0.016001,0.100966,0.001151,0.434696
0.104250,-0.783000,0.162640,1,0.089604,0.089604,0.089590,0.016283,0.094814,0.001151,0.439883
0.104250,-0.739500,0.172517,1,0.097306,0.097306,0.096826,0.017485,0.088443,0.001151,0.444798
0.104250,-0.696000,0.178287,1,0.104962,0.104962,0.101408,0.019605,0.081863,0.001151,0.449431
0.104250,-0.652500,0.169221,1,0.112570,0.112570,0.098381,0.022638,0.075088,0.001151,0.453773
0.104250,-0.609000,0.153323,1,0.120126,0.120126,0.091441,0.024548,0.068131,0.001151,0.457817
0.104250,-0.565500,0.137667,1,0.127624,0.127624,0.083903,0.024937,0.061005,0.001151,0.461554
0.104250,-0.522000,0.122624,1,0.135063,0.135063,0.075831,0.026247,0.053723,0.001151,0.464978
0.104250,-0.478500,0.109190,1,0.142439,0.142439,0.067779,0.028475,0.046299,0.001151,0.468082
0.104250,-0.435000,0.097572,1,0.149747,0.149747,0.059928,0.031617,0.038747,0.001151,0.470860
0.104250,-0.391500,0.087786,1,0.156984,0.156984,0.052388,0.035490,0.031081,0.001151,0.473307
0.104250,-0.348000,0.079066,1,0.164148,0.164148,0.044466,0.035968,0.023316,0.001151,0.475418
0.104250,-0.304500,0.071568,1,0.171234,0.171234,0.036135,0.037364,0.015467,0.001151,0.477190
0.104250,-0.261000,0.065743,1,0.178239,0.178239,0.027847,0.039671,0.007548,0.001151,0.478619
0.104250,-0.217500,0.061598,1,0.185160,0.185160,0.019686,0.042886,-0.000426,0.001151,0.479702
0.104250,-0.174000,0.059135,1,0.191993,0.191993,0.011942,0.047001,-0.008439,0.001151,0.480437
0.104250,-0.130500,0.058353,1,0.198736,0.198736,0.006419,0.048744,-0.016477,0.001151,0.480823
0.104250,-0.087000,0.059250,1,0.205385,0.205385,0.009137,0.050171,-0.024524,0.001151,0.480860
0.104250,-0.043500,0.061819,1,0.211937,0.211937,0.016412,0.052499,-0.032564,0.001151,0.480546
0.104250,0.000000,0.066052,1,0.218389,0.218389,0.024464,0.055721,-0.040584,0.001151,0.479883
0.104250,0.043500,0.071938,1,0.224737,0.224737,0.032715,0.059830,-0.048567,0.001151,0.478871
0.104250,0.087000,0.079461,1,0.230979,0.230979,0.041034,0.062594,-0.056499,0.001151,0.477514
0.104250,0.130500,0.088606,1,0.237112,0.237112,0.049375,0.063971,-0.064364,0.001151,0.475813
0.104250,0.174000,0.099353,1,0.243133,0.243133,0.057716,0.066233,-0.072147,0.001151,0.473771
0.104250,0.217500,0.111678,1,0.249039,0.249039,0.066044,0.069370,-0.079835,0.001151,0.471393
0.104250,0.261000,0.125558,1,0.254827,0.254827,0.074351,0.073376,-0.087411,0.001151,0.468683
0.104250,0.304500,0.140964,1,0.260495,0.260495,0.082630,0.076845,-0.094863,0.001151,0.465646
0.104250,0.348000,0.157866,1,0.266040,0.266040,0.090874,0.078067,-0.102176,0.001151,0.462288
0.104250,0.391500,0.176232,1,0.271458,0.271458,0.099079,0.080152,-0.109335,0.001151,0.458615
0.104250,0.435000,0.196027,1,0.276749,0.276749,0.107239,0.083091,-0.116329,0.001151,0.454634
0.104250,0.478500,0.217214,1,0.281908,0.281908,0.115352,0.086876,-0.123142,0.001151,0.450353
0.104250,0.522000,0.239752,1,0.286934,0.286934,0.123411,0.090861,-0.129763,0.001151,0.445780
0.104250,0.565500,0.263601,1,0.291825,0.291825,0.131414,0.091803,-0.136179,0.001151,0.440923
0.104250,0.609000,0.288716,1,0.296577,0.296577,0.139356,0.093582,-0.142377,0.001151,0.435791
0.104250,0.652500,0.315050,1,0.301189,0.301189,0.147232,0.096191,-0.148347,0.001151,0.430395
0.104250,0.696000,0.342557,1,0.305659,0.305659,0.155041,0.099621,-0.154076,0.001151,0.424745
0.104250,0.739500,0.371187,1,0.309984,0.309984,0.162776,0.103862,-0.159554,0.001151,0.418850
0.104250,0.783000,0.400887,1,0.314163,0.314163,0.170435,0.104593,-0.164770,0.001151,0.412723
0.104250,0.826500,0.431605,1,0.318193,0.318193,0.178014,0.105927,-0.169715,0.001151,0.406375
0.104250,0.870000,0.463285,1,0.322072,0.322072,0.185509,0.108063,-0.174380,0.001151,0.399818
0.104250,0.913500,0.495873,1,0.325799,0.325799,0.192917,0.110993,-0.178754,0.001151,0.393064
0.104250,0.957000,0.529309,1,0.329372,0.329372,0.200234,0.114709,-0.182831,0.001151,0.386127
0.104250,1.000500,0.563536,1,0.332789,0.332789,0.207457,0.115951,-0.186603,0.001151,0.379018
0.104250,1.044000,0.598493,1,0.336049,0.336049,0.214582,0.116692,-0.190061,0.001151,0.371753
0.104250,1.087500,0.634118,1,0.339150,0.339150,0.221605,0.118209,-0.193201,0.001151,0.364343
0.104250,1.131000,0.670352,1,0.342091,0.342091,0.228524,0.120493,-0.196015,0.001151,0.356805
0.104250,1.174500,0.707129,1,0.344869,0.344869,0.235336,0.123535,-0.198499,0.001151,0.349151
0.104250,1.218000,0.744388,1,0.347485,0.347485,0.242036,0.125506,-0.200648,0.001151,0.341396
0.104250,1.261500,0.782064,1,0.349936,0.349936,0.248621,0.125510,-0.202457,0.001151,0.333555
0.104250,1.305000,0.821321,1,0.352222,0.352222,0.255090,0.126263,-0.203924,0.001151,0.325643
0.104250,1.348500,0.873647,1,0.354341,0.354341,0.261438,0.127757,-0.205045,0.001151,0.317675
0.104250,1.392000,0.941821,1,0.356292,0.356292,0.267662,0.129985,-0.205819,0.001151,0.309665
0.104250,1.435500,1.033590,1,0.358075,0.358075,0.273760,0.132938,-0.206243,0.001151,0.301630
0.104250,1.479000,1.156703,1,0.359689,0.359689,0.279728,0.132148,-0.206318,0.001151,0.293583
0.104250,1.522500,1.311095,1,0.361132,0.361132,0.285564,0.132002,-0.206043,0.001151,0.285541
0.104250,1.566000,1.496702,1,0.362405,0.362405,0.291266,0.132575,-0.205418,0.001151,0.277518
0.104250,1.609500,1.713458,1,0.363506,0.363506,0.296829,0.133858,-0.204445,0.001151,0.269531
0.104250,1.653000,inf,0,inf,inf,inf,inf,0.000000,0.000000,0.000000
0.104250,1.696500,inf,0,inf,inf,inf,inf,0.000000,0.000000,0.000000
0.104250,1.740000,inf,0,inf,inf,inf,inf,0.000000,0.000000,0.000000
0.139000,-1.740000,0.985702,1,0.077587,0.077587,0.081824,0.057057,0.156512,0.001151,0.289436
0.139000,-1.696500,0.777813,1,0.069634,0.069634,0.073413,0.048134,0.156580,0.001151,0.297483
0.139000,-1.653000,0.602856,1,0.061651,0.061651,0.064967,0.040102,0.156298,0.001151,0.305524
0.139000,-1.609500,0.460856,1,0.053642,0.053642,0.056492,0.032964,0.155667,0.001151,0.313547
0.139000,-1.566000,0.351833,1,0.045612,0.045612,0.047991,0.026722,0.154687,0.001151,0.321534
0.139000,-1.522500,0.275508,1,0.037569,0.037569,0.039468,0.021377,0.153361,0.001151,0.329470
0.139000,-1.479000,0.221626,1,0.029522,0.029522,0.030930,0.016930,0.151691,0.001151,0.337342
0.139000,-1.435500,0.185143,1,0.021493,0.021493,0.022382,0.013383,0.149681,0.001151,0.345134
0.139000,-1.392000,0.166068,1,0.013541,0.013541,0.013841,0.010737,0.147333,0.001151,0.352830
0.139000,-1.348500,0.156595,1,0.006022,0.006022,0.005390,0.008992,0.144653,0.001151,0.360418
0.139000,-1.305000,0.148915,1,0.004580,0.004580,0.003700,0.008148,0.141645,0.001151,0.367882
0.139000,-1.261500,0.143028,1,0.011727,0.011727,0.012063,0.008207,0.138316,0.001151,0.375207
0.139000,-1.218000,0.138931,1,0.019639,0.019639,0.020599,0.009166,0.134672,0.001151,0.382382
0.139000,-1.174500,0.136619,1,0.027659,0.027659,0.029147,0.011026,0.130718,0.001151,0.389391
0.139000,-1.131000,0.135598,1,0.035703,0.035703,0.037039,0.011388,0.126464,0.001151,0.396221
0.139000,-1.087500,0.135420,1,0.043749,0.043749,0.044122,0.010596,0.121917,0.001151,0.402860
0.139000,-1.044000,0.137183,1,0.051782,0.051782,0.051806,0.010721,0.117085,0.001151,0.409295
0.139000,-1.000500,0.140871,1,0.059797,0.059797,0.059849,0.011760,0.111978,0.001151,0.415513
0.139000,-0.957000,0.146465,1,0.067786,0.067786,0.068112,0.013714,0.106606,0.001151,0.421504
0.139000,-0.913500,0.152627,1,0.075746,0.075746,0.075644,0.016579,0.100978,0.001151,0.427255
0.139000,-0.870000,0.160425,1,0.083672,0.083672,0.083291,0.016486,0.095105,0.001151,0.432757
0.139000,-0.826500,0.168324,1,0.091560,0.091560,0.090177,0.016721,0.088999,0.001151,0.437997
0.139000,-0.783000,0.174269,1,0.099406,0.099406,0.095397,0.017880,0.082670,0.001151,0.442967
0.139000,-0.739500,0.172853,1,0.107205,0.107205,0.096452,0.019958,0.076132,0.001151,0.447658
0.139000,-0.696000,0.162111,1,0.114954,0.114954,0.092428,0.022953,0.069395,0.001151,0.452059
0.139000,-0.652500,0.147799,1,0.122649,0.122649,0.086002,0.025388,0.062474,0.001151,0.456163
0.139000,-0.609000,0.132898,1,0.130286,0.130286,0.078494,0.025747,0.055381,0.001151,0.459963
0.139000,-0.565500,0.119558,1,0.137862,0.137862,0.071089,0.027029,0.048129,0.001151,0.463450
0.139000,-0.522000,0.106676,1,0.145374,0.145374,0.062954,0.029232,0.040732,0.001151,0.466619
0.139000,-0.478500,0.095394,1,0.152816,0.152816,0.054815,0.032351,0.033205,0.001151,0.469463
0.139000,-0.435000,0.085992,1,0.160187,0.160187,0.046974,0.036380,0.025561,0.001151,0.471977
0.139000,-0.391500,0.078481,1,0.167482,0.167482,0.039625,0.037223,0.017814,0.001151,0.474157
0.139000,-0.348000,0.072384,1,0.174698,0.174698,0.032379,0.038604,0.009981,0.001151,0.475997
0.139000,-0.304500,0.066964,1,0.181832,0.181832,0.023832,0.040898,0.002075,0.001151,0.477495
0.139000,-0.261000,0.063265,1,0.188879,0.188879,0.015288,0.044101,-0.005889,0.001151,0.478648
0.139000,-0.217500,0.061286,1,0.195838,0.195838,0.006801,0.048205,-0.013896,0.001151,0.479453
0.139000,-0.174000,0.061028,1,0.202703,0.202703,0.002434,0.050498,-0.021930,0.001151,0.479909
0.139000,-0.130500,0.062485,1,0.209473,0.209473,0.010621,0.051920,-0.029976,0.001151,0.480016
0.139000,-0.087000,0.065650,1,0.216144,0.216144,0.019150,0.054243,-0.038019,0.001151,0.479773
0.139000,-0.043500,0.070513,1,0.222713,0.222713,0.027697,0.057461,-0.046044,0.001151,0.479180
0.139000,0.000000,0.077062,1,0.229177,0.229177,0.036240,0.061565,-0.054036,0.001151,0.478238
0.139000,0.043500,0.085279,1,0.235532,0.235532,0.044769,0.064882,-0.061979,0.001151,0.476950
0.139000,0.087000,0.095147,1,0.241776,0.241776,0.053279,0.066259,-0.069858,0.001151,0.475318
0.139000,0.130500,0.106644,1,0.247905,0.247905,0.061765,0.068519,-0.077659,0.001151,0.473345
0.139000,0.174000,0.119745,1,0.253918,0.253918,0.070222,0.071655,-0.085367,0.001151,0.471034
0.139000,0.217500,0.134425,1,0.259810,0.259810,0.078647,0.075659,-0.092968,0.001151,0.468391
0.139000,0.261000,0.150654,1,0.265579,0.265579,0.087034,0.079680,-0.100446,0.001151,0.465419
0.139000,0.304500,0.168399,1,0.271223,0.271223,0.095381,0.080902,-0.107787,0.001151,0.462125
0.139000,0.348000,0.187626,1,0.276739,0.276739,0.103682,0.082984,-0.114979,0.001151,0.458515
0.139000,0.391500,0.208298,1,0.282123,0.282123,0.111935,0.085920,-0.122007,0.001151,0.454595
0.139000,0.435000,0.230376,1,0.287375,0.287375,0.120135,0.089701,-0.128857,0.001151,0.450374
0.139000,0.478500,0.253818,1,0.292490,0.292490,0.128278,0.094233,-0.135518,0.001151,0.445859
0.139000,0.522000,0.278580,1,0.297467,0.297467,0.136361,0.095170,-0.141976,0.001151,0.441058
0.139000,0.565500,0.304617,1,0.302303,0.302303,0.144379,0.096942,-0.148219,0.001151,0.435981
0.139000,0.609000,0.331879,1,0.306997,0.306997,0.152329,0.099542,-0.154236,0.001151,0.430637
0.139000,0.652500,0.360317,1,0.311545,0.311545,0.160207,0.102961,-0.160014,0.001151,0.425037
0.139000,0.696000,0.389880,1,0.315945,0.315945,0.168009,0.107188,-0.165543,0.001151,0.419191
0.139000,0.739500,0.420513,1,0.320197,0.320197,0.175732,0.108456,-0.170813,0.001151,0.413109
0.139000,0.783000,0.452161,1,0.324297,0.324297,0.183372,0.109774,-0.175813,0.001151,0.406805
0.139000,0.826500,0.484767,1,0.328243,0.328243,0.190925,0.111891,-0.180535,0.001151,0.400289
0.139000,0.870000,0.518273,1,0.332034,0.332034,0.198387,0.114799,-0.184969,0.001151,0.393574
0.139000,0.913500,0.552620,1,0.335669,0.335669,0.205756,0.118489,-0.189106,0.001151,0.386672
0.139000,0.957000,0.587745,1,0.339144,0.339144,0.213028,0.120254,-0.192940,0.001151,0.379597
0.139000,1.000500,0.623588,1,0.342459,0.342459,0.220198,0.120966,-0.196462,0.001151,0.372362
0.139000,1.044000,0.660085,1,0.345612,0.345612,0.227265,0.122450,-0.199666,0.001151,0.364980
0.139000,1.087500,0.697172,1,0.348602,0.348602,0.234224,0.124697,-0.202546,0.001151,0.357467
0.139000,1.131000,0.734784,1,0.351427,0.351427,0.241072,0.127699,-0.205097,0.001151,0.349835
0.139000,1.174500,0.772857,1,0.354085,0.354085,0.247807,0.130176,-0.207313,0.001151,0.342099
0.139000,1.218000,0.811323,1,0.356576,0.356576,0.254424,0.130133,-0.209191,0.001151,0.334274
0.139000,1.261500,0.850417,1,0.358898,0.358898,0.260921,0.130837,-0.210727,0.001151,0.326376
0.139000,1.305000,0.900339,1,0.361051,0.361051,0.267294,0.132277,-0.211918,0.001151,0.318417
0.139000,1.348500,0.966081,1,0.363033,0.363033,0.273541,0.134447,-0.212762,0.001151,0.310415
0.139000,1.392000,1.047577,1,0.364843,0.364843,0.279658,0.137337,-0.213257,0.001151,0.302383
0.139000,1.435500,1.152572,1,0.366480,0.366480,0.285643,0.137032,-0.213402,0.001151,0.294338
0.139000,1.479000,1.288813,1,0.367945,0.367945,0.291494,0.136817,-0.213197,0.001151,0.286293
0.139000,1.522500,1.456233,1,0.369235,0.369235,0.297206,0.137316,-0.212643,0.001151,0.278266
0.139000,1.566000,1.654767,1,0.370350,0.370350,0.302777,0.138522,-0.211740,0.001151,0.270270
0.139000,1.609500,inf,0,inf,inf,inf,inf,0.000000,0.000000,0.000000
0.139000,1.653000,inf,0,inf,inf,inf,inf,0.000000,0.000000,0.000000
0.139000,1.696500,inf,0,inf,inf,inf,inf,0.000000,0.000000,0.000000
0.139000,1.740000,inf,0,inf,inf,inf,inf,0.000000,0.000000,0.000000
0.173750,-1.740000,0.912662,1,0.071636,0.071636,0.071155,0.049279,0.149558,0.001151,0.294754
0.173750,-1.696500,0.718952,1,0.063592,0.063592,0.062601,0.041120,0.149347,0.001151,0.302799
0.173750,-1.653000,0.558247,1,0.055546,0.055546,0.054020,0.033859,0.148786,0.001151,0.310826
0.173750,-1.609500,0.430567,1,0.047518,0.047518,0.045421,0.027498,0.147876,0.001151,0.318821
0.173750,-1.566000,0.335930,1,0.039536,0.039536,0.036810,0.022038,0.146619,0.001151,0.326769
0.173750,-1.522500,0.266628,1,0.031658,0.031658,0.028202,0.017482,0.145018,0.001151,0.334655
0.173750,-1.479000,0.214770,1,0.024007,0.024007,0.019628,0.013828,0.143076,0.001151,0.342464
0.173750,-1.435500,0.180366,1,0.016920,0.016920,0.011199,0.011080,0.140796,0.001151,0.350181
0.173750,-1.392000,0.163419,1,0.011516,0.011516,0.004046,0.009237,0.138182,0.001151,0.357792
0.173750,-1.348500,0.156121,1,0.010752,0.010752,0.007636,0.008299,0.135240,0.001151,0.365282
0.173750,-1.305000,0.150657,1,0.015339,0.015339,0.015847,0.008266,0.131975,0.001151,0.372636
0.173750,-1.261500,0.146731,1,0.022168,0.022168,0.023772,0.009139,0.128393,0.001151,0.379842
0.173750,-1.218000,0.143170,1,0.029724,0.029724,0.029717,0.010915,0.124502,0.001151,0.386885
0.173750,-1.174500,0.141615,1,0.037562,0.037562,0.037002,0.011751,0.120307,0.001151,0.393753
0.173750,-1.131000,0.142054,1,0.045525,0.045525,0.044972,0.010886,0.115818,0.001151,0.400431
0.173750,-1.087500,0.144476,1,0.053545,0.053545,0.053307,0.010941,0.111043,0.001151,0.406908
0.173750,-1.044000,0.147984,1,0.061589,0.061589,0.061135,0.011915,0.105991,0.001151,0.413171
0.173750,-1.000500,0.152427,1,0.069635,0.069635,0.068519,0.013805,0.100671,0.001151,0.419208
0.173750,-0.957000,0.158776,1,0.077669,0.077669,0.076231,0.016611,0.095094,0.001151,0.425009
0.173750,-0.913500,0.164859,1,0.085683,0.085683,0.082882,0.017017,0.089269,0.001151,0.430561
0.173750,-0.870000,0.170417,1,0.093668,0.093668,0.088566,0.017202,0.083209,0.001151,0.435855
0.173750,-0.826500,0.171976,1,0.101617,0.101617,0.091584,0.018314,0.076924,0.001151,0.440880
0.173750,-0.783000,0.167031,1,0.109525,0.109525,0.090830,0.020348,0.070427,0.001151,0.445628
0.173750,-0.739500,0.155979,1,0.117387,0.117387,0.086439,0.023303,0.063729,0.001151,0.450088
0.173750,-0.696000,0.142677,1,0.125198,0.125198,0.080239,0.026253,0.056844,0.001151,0.454253
0.173750,-0.652500,0.129343,1,0.132953,0.132953,0.073294,0.026579,0.049784,0.001151,0.458114
0.173750,-0.609000,0.116287,1,0.140649,0.140649,0.065606,0.027832,0.042563,0.001151,0.461665
0.173750,-0.565500,0.105320,1,0.148281,0.148281,0.058450,0.030008,0.035194,0.001151,0.464898
0.173750,-0.522000,0.094412,1,0.155844,0.155844,0.050061,0.033102,0.027692,0.001151,0.467808
0.173750,-0.478500,0.085333,1,0.163336,0.163336,0.041841,0.037108,0.020070,0.001151,0.470389
0.173750,-0.435000,0.078195,1,0.170753,0.170753,0.034085,0.038484,0.012344,0.001151,0.472636
0.173750,-0.391500,0.073004,1,0.178090,0.178090,0.027212,0.039850,0.004526,0.001151,0.474545
0.173750,-0.348000,0.069329,1,0.185344,0.185344,0.021077,0.042130,-0.003366,0.001151,0.476112
0.173750,-0.304500,0.066025,1,0.192511,0.192511,0.012605,0.045321,-0.011320,0.001151,0.477334
0.173750,-0.261000,0.064484,1,0.199589,0.199589,0.004923,0.049414,-0.019319,0.001151,0.478210
0.173750,-0.217500,0.064703,1,0.206573,0.206573,0.006369,0.052250,-0.027349,0.001151,0.478736
0.173750,-0.174000,0.066676,1,0.213460,0.213460,0.014416,0.053666,-0.035394,0.001151,0.478913
0.173750,-0.130500,0.070396,1,0.220247,0.220247,0.022928,0.055985,-0.043439,0.001151,0.478740
0.173750,-0.087000,0.075851,1,0.226930,0.226930,0.031521,0.059198,-0.051468,0.001151,0.478218
0.173750,-0.043500,0.083025,1,0.233507,0.233507,0.040132,0.063300,-0.059468,0.001151,0.477346
0.173750,0.000000,0.091902,1,0.239973,0.239973,0.048740,0.067164,-0.067422,0.001151,0.476128
0.173750,0.043500,0.102462,1,0.246327,0.246327,0.057333,0.068541,-0.075316,0.001151,0.474565
0.173750,0.087000,0.114680,1,0.252565,0.252565,0.065904,0.070802,-0.083134,0.001151,0.472660
0.173750,0.130500,0.128533,1,0.258684,0.258684,0.074448,0.073939,-0.090862,0.001151,0.470417
0.173750,0.174000,0.143989,1,0.264680,0.264680,0.082958,0.077943,-0.098485,0.001151,0.467840
0.173750,0.217500,0.161020,1,0.270552,0.270552,0.091431,0.082512,-0.105988,0.001151,0.464934
0.173750,0.261000,0.179590,1,0.276296,0.276296,0.099862,0.083735,-0.113359,0.001151,0.461704
0.173750,0.304500,0.199663,1,0.281910,0.281910,0.108247,0.085819,-0.120582,0.001151,0.458157
0.173750,0.348000,0.221200,1,0.287391,0.287391,0.116581,0.088755,-0.127643,0.001151,0.454299
0.173750,0.391500,0.244160,1,0.292737,0.292737,0.124861,0.092535,-0.134531,0.001151,0.450138
0.173750,0.435000,0.268499,1,0.297944,0.297944,0.133082,0.097149,-0.141231,0.001151,0.445681
0.173750,0.478500,0.294172,1,0.303010,0.303010,0.141241,0.098546,-0.147730,0.001151,0.440937
0.173750,0.522000,0.321129,1,0.307933,0.307933,0.149333,0.100315,-0.154018,0.001151,0.435914
0.173750,0.565500,0.349321,1,0.312711,0.312711,0.157354,0.102911,-0.160081,0.001151,0.430624
0.173750,0.609000,0.378697,1,0.317342,0.317342,0.165302,0.106322,-0.165908,0.001151,0.425074
0.173750,0.652500,0.409201,1,0.321822,0.321822,0.173172,0.110541,-0.171488,0.001151,0.419276
0.173750,0.696000,0.440778,1,0.326150,0.326150,0.180959,0.112345,-0.176811,0.001151,0.413242
0.173750,0.739500,0.473370,1,0.330325,0.330325,0.188662,0.113650,-0.181866,0.001151,0.406981
0.173750,0.783000,0.506919,1,0.334343,0.334343,0.196275,0.115754,-0.186645,0.001151,0.400507
0.173750,0.826500,0.541363,1,0.338203,0.338203,0.203796,0.118645,-0.191137,0.001151,0.393830
0.173750,0.870000,0.576642,1,0.341903,0.341903,0.211220,0.122315,-0.195335,0.001151,0.386965
0.173750,0.913500,0.612692,1,0.345442,0.345442,0.218545,0.124604,-0.199230,0.001151,0.379924
0.173750,0.957000,0.649448,1,0.348818,0.348818,0.225766,0.125291,-0.202815,0.001151,0.372720
0.173750,1.000500,0.686846,1,0.352029,0.352029,0.232880,0.126748,-0.206084,0.001151,0.365367
0.173750,1.044000,0.724820,1,0.355073,0.355073,0.239885,0.128964,-0.209030,0.001151,0.357879
0.173750,1.087500,0.763303,1,0.357950,0.357950,0.246776,0.131932,-0.211647,0.001151,0.350269
0.173750,1.131000,0.802228,1,0.360657,0.360657,0.253550,0.134917,-0.213931,0.001151,0.342553
0.173750,1.174500,0.841526,1,0.363194,0.363194,0.260205,0.134834,-0.215877,0.001151,0.334745
0.173750,1.218000,0.881130,1,0.365560,0.365560,0.266736,0.135493,-0.217482,0.001151,0.326860
0.173750,1.261500,0.928695,1,0.367752,0.367752,0.273141,0.136886,-0.218743,0.001151,0.318913
0.173750,1.305000,0.992053,1,0.369771,0.369771,0.279417,0.139004,-0.219657,0.001151,0.310918
0.173750,1.348500,1.071136,1,0.371615,0.371615,0.285561,0.141839,-0.220222,0.001151,0.302891
0.173750,1.392000,1.165877,1,0.373284,0.373284,0.291570,0.142020,-0.220437,0.001151,0.294847
0.173750,1.435500,1.284019,1,0.374775,0.374775,0.297441,0.141742,-0.220303,0.001151,0.286801
0.173750,1.479000,1.433308,1,0.376090,0.376090,0.303172,0.142174,-0.219819,0.001151,0.278769
0.173750,1.522500,1.613676,1,0.377227,0.377227,0.308759,0.143309,-0.218986,0.001151,0.270765
0.173750,1.566000,1.825059,1,0.378186,0.378186,0.314200,0.145138,-0.217806,0.001151,0.262805
0.173750,1.609500,inf,0,inf,inf,inf,inf,0.000000,0.000000,0.000000
0.173750,1.653000,inf,0,inf,inf,inf,inf,0.000000,0.000000,0.000000
0.173750,1.696500,inf,0,inf,inf,inf,inf,0.000000,0.000000,0.000000
0.173750,1.740000,inf,0,inf,inf,inf,inf,0.000000,0.000000,0.000000
0.208500,-1.740000,0.852885,1,0.066564,0.066564,0.061070,0.042281,0.142424,0.001151,0.299828
0.208500,-1.696500,0.673413,1,0.058577,0.058577,0.052460,0.034892,0.141933,0.001151,0.307860
0.208500,-1.653000,0.527015,1,0.050669,0.050669,0.043868,0.028406,0.141093,0.001151,0.315863
0.208500,-1.609500,0.413708,1,0.042905,0.042905,0.035331,0.022827,0.139906,0.001151,0.323822
0.208500,-1.566000,0.328593,1,0.035397,0.035397,0.026923,0.018154,0.138374,0.001151,0.331722
0.208500,-1.522500,0.261303,1,0.028370,0.028370,0.018847,0.014390,0.136500,0.001151,0.339547
0.208500,-1.479000,0.211513,1,0.022304,0.022304,0.011832,0.011535,0.134288,0.001151,0.347284
0.208500,-1.435500,0.179227,1,0.018201,0.018201,0.008924,0.009588,0.131741,0.001151,0.354917
0.208500,-1.392000,0.164446,1,0.017512,0.017512,0.013200,0.008551,0.128864,0.001151,0.362432
0.208500,-1.348500,0.157747,1,0.020582,0.020582,0.016207,0.008424,0.125664,0.001151,0.369815
0.208500,-1.305000,0.152602,1,0.026115,0.026115,0.021761,0.009205,0.122145,0.001151,0.377052
0.208500,-1.261500,0.149518,1,0.032882,0.032882,0.029282,0.010893,0.118315,0.001151,0.384129
0.208500,-1.218000,0.148486,1,0.040257,0.040257,0.037597,0.012192,0.114181,0.001151,0.391033
0.208500,-1.174500,0.149494,1,0.047949,0.047949,0.046270,0.011249,0.109751,0.001151,0.397750
0.208500,-1.131000,0.150461,1,0.055816,0.055816,0.053211,0.011231,0.105033,0.001151,0.404269
0.208500,-1.087500,0.153436,1,0.063781,0.063781,0.060747,0.012134,0.100035,0.001151,0.410576
0.208500,-1.044000,0.157871,1,0.071799,0.071799,0.068283,0.013958,0.094768,0.001151,0.416659
0.208500,-1.000500,0.162438,1,0.079841,0.079841,0.074940,0.016701,0.089242,0.001151,0.422508
0.208500,-0.957000,0.166797,1,0.087887,0.087887,0.080726,0.017595,0.083466,0.001151,0.428112
0.208500,-0.913500,0.169658,1,0.095923,0.095923,0.085064,0.017727,0.077453,0.001151,0.433458
0.208500,-0.870000,0.167922,1,0.103939,0.103939,0.086394,0.018788,0.071212,0.001151,0.438538
0.208500,-0.826500,0.161569,1,0.111924,0.111924,0.084849,0.020777,0.064757,0.001151,0.443342
0.208500,-0.783000,0.150879,1,0.119871,0.119871,0.080437,0.023687,0.058098,0.001151,0.447861
0.208500,-0.739500,0.138703,1,0.127774,0.127774,0.074579,0.027143,0.051250,0.001151,0.452086
0.208500,-0.696000,0.126478,1,0.135627,0.135627,0.067962,0.027434,0.044224,0.001151,0.456009
0.208500,-0.652500,0.114206,1,0.143424,0.143424,0.060344,0.028655,0.037034,0.001151,0.459623
0.208500,-0.609000,0.103509,1,0.151161,0.151161,0.052841,0.030801,0.029694,0.001151,0.462920
0.208500,-0.565500,0.094664,1,0.158832,0.158832,0.045818,0.033868,0.022218,0.001151,0.465896
0.208500,-0.522000,0.085845,1,0.166433,0.166433,0.037158,0.037851,0.014619,0.001151,0.468543
0.208500,-0.478500,0.079019,1,0.173961,0.173961,0.028870,0.039752,0.006912,0.001151,0.470858
0.208500,-0.435000,0.074189,1,0.181410,0.181410,0.021412,0.041100,-0.000888,0.001151,0.472835
0.208500,-0.391500,0.071359,1,0.188776,0.188776,0.016016,0.043366,-0.008767,0.001151,0.474471
0.208500,-0.348000,0.069903,1,0.196057,0.196057,0.012868,0.046543,-0.016710,0.001151,0.475763
0.208500,-0.304500,0.068749,1,0.203248,0.203248,0.008886,0.050626,-0.024701,0.001151,0.476708
0.208500,-0.261000,0.069397,1,0.210345,0.210345,0.012136,0.053996,-0.032725,0.001151,0.477305
0.208500,-0.217500,0.071842,1,0.217345,0.217345,0.019247,0.055406,-0.040769,0.001151,0.477553
0.208500,-0.174000,0.076073,1,0.224244,0.224244,0.027350,0.057721,-0.048815,0.001151,0.477450
0.208500,-0.130500,0.082077,1,0.231039,0.231039,0.035768,0.060931,-0.056849,0.001151,0.476998
0.208500,-0.087000,0.089839,1,0.237726,0.237726,0.044309,0.065031,-0.064856,0.001151,0.476196
0.208500,-0.043500,0.099339,1,0.244303,0.244303,0.052903,0.069436,-0.072820,0.001151,0.475048
0.208500,0.000000,0.110556,1,0.250765,0.250765,0.061514,0.070814,-0.080727,0.001151,0.473554
0.208500,0.043500,0.123465,1,0.257110,0.257110,0.070122,0.073077,-0.088562,0.001151,0.471717
0.208500,0.087000,0.138038,1,0.263335,0.263335,0.078715,0.076216,-0.096309,0.001151,0.469542
0.208500,0.130500,0.154246,1,0.269436,0.269436,0.087284,0.080223,-0.103954,0.001151,0.467031
0.208500,0.174000,0.172054,1,0.275411,0.275411,0.095820,0.085089,-0.111483,0.001151,0.464191
0.208500,0.217500,0.191428,1,0.281257,0.281257,0.104319,0.086562,-0.118881,0.001151,0.461026
0.208500,0.261000,0.212329,1,0.286970,0.286970,0.112773,0.088650,-0.126135,0.001151,0.457542
0.208500,0.304500,0.234716,1,0.292549,0.292549,0.121178,0.091589,-0.133230,0.001151,0.453746
0.208500,0.348000,0.258546,1,0.297990,0.297990,0.129529,0.095370,-0.140154,0.001151,0.449645
0.208500,0.391500,0.283773,1,0.303291,0.303291,0.137822,0.099986,-0.146892,0.001151,0.445247
0.208500,0.435000,0.310349,1,0.308450,0.308450,0.146052,0.101925,-0.153433,0.001151,0.440560
0.208500,0.478500,0.338224,1,0.313463,0.313463,0.154215,0.103695,-0.159764,0.001151,0.435593
0.208500,0.522000,0.367346,1,0.318328,0.318328,0.162307,0.106289,-0.165873,0.001151,0.430356
0.208500,0.565500,0.397660,1,0.323044,0.323044,0.170323,0.109698,-0.171749,0.001151,0.424857
0.208500,0.609000,0.429111,1,0.327608,0.327608,0.178260,0.113913,-0.177380,0.001151,0.419109
0.208500,0.652500,0.461640,1,0.332017,0.332017,0.186114,0.116252,-0.182755,0.001151,0.413121
0.208500,0.696000,0.495188,1,0.336269,0.336269,0.193880,0.117550,-0.187865,0.001151,0.406905
0.208500,0.739500,0.529693,1,0.340363,0.340363,0.201556,0.119643,-0.192700,0.001151,0.400472
0.208500,0.783000,0.565092,1,0.344297,0.344297,0.209137,0.122523,-0.197250,0.001151,0.393836
0.208500,0.826500,0.601323,1,0.348068,0.348068,0.216620,0.126179,-0.201508,0.001151,0.387008
0.208500,0.870000,0.638319,1,0.351675,0.351675,0.224001,0.128991,-0.205465,0.001151,0.380001
0.208500,0.913500,0.676015,1,0.355117,0.355117,0.231277,0.129659,-0.209113,0.001151,0.372828
0.208500,0.957000,0.714342,1,0.358390,0.358390,0.238443,0.131094,-0.212446,0.001151,0.365504
0.208500,1.000500,0.753234,1,0.361495,0.361495,0.245498,0.133286,-0.215457,0.001151,0.358042
0.208500,1.044000,0.792620,1,0.364429,0.364429,0.252436,0.136226,-0.218141,0.001151,0.350456
0.208500,1.087500,0.832432,1,0.367191,0.367191,0.259256,0.139719,-0.220492,0.001151,0.342760
0.208500,1.131000,0.872600,1,0.369780,0.369780,0.265953,0.139602,-0.222507,0.001151,0.334970
0.208500,1.174500,0.913054,1,0.372195,0.372195,0.272525,0.140223,-0.224181,0.001151,0.327099
0.208500,1.218000,0.958637,1,0.374433,0.374433,0.278968,0.141575,-0.225511,0.001151,0.319162
0.208500,1.261500,1.019655,1,0.376495,0.376495,0.285280,0.143648,-0.226494,0.001151,0.311176
0.208500,1.305000,1.096374,1,0.378380,0.378380,0.291457,0.146434,-0.227130,0.001151,0.303154
0.208500,1.348500,1.188722,1,0.380085,0.380085,0.297496,0.147102,-0.227416,0.001151,0.295112
0.208500,1.392000,1.296629,1,0.381612,0.381612,0.303394,0.146768,-0.227352,0.001151,0.287066
0.208500,1.435500,1.427840,1,0.382958,0.382958,0.309150,0.147140,-0.226938,0.001151,0.279030
0.208500,1.479000,1.590097,1,0.384123,0.384123,0.314759,0.148210,-0.226175,0.001151,0.271019
0.208500,1.522500,1.783334,1,0.385107,0.385107,0.320220,0.149971,-0.225065,0.001151,0.263049
0.208500,1.566000,inf,0,inf,inf,inf,inf,0.000000,0.000000,0.000000
0.208500,1.609500,inf,0,inf,inf,inf,inf,0.000000,0.000000,0.000000
0.208500,1.653000,inf,0,inf,inf,inf,inf,0.000000,0.000000,0.000000
0.208500,1.696500,inf,0,inf,inf,inf,inf,0.000000,0.000000,0.000000
0.208500,1.740000,inf,0,inf,inf,inf,inf,0.000000,0.000000,0.000000
0.243250,-1.740000,0.806390,1,0.062592,0.062592,0.051924,0.036065,0.135117,0.001151,0.304651
0.243250,-1.696500,0.641211,1,0.054878,0.054878,0.043479,0.029450,0.134347,0.001151,0.312661
0.243250,-1.653000,0.509173,1,0.047406,0.047406,0.035222,0.023745,0.133230,0.001151,0.320630
0.243250,-1.609500,0.407552,1,0.040330,0.040330,0.027349,0.018952,0.131767,0.001151,0.328543
0.243250,-1.566000,0.324772,1,0.033917,0.033917,0.020335,0.015071,0.129962,0.001151,0.336384
0.243250,-1.522500,0.259539,1,0.028629,0.028629,0.015420,0.012103,0.127817,0.001151,0.344140
0.243250,-1.479000,0.211380,1,0.025199,0.025199,0.013169,0.010049,0.125337,0.001151,0.351795
0.243250,-1.435500,0.178936,1,0.024431,0.024431,0.009195,0.008908,0.122527,0.001151,0.359335
0.243250,-1.392000,0.164235,1,0.026557,0.026557,0.013184,0.008680,0.119391,0.001151,0.366746
0.243250,-1.348500,0.159462,1,0.030984,0.030984,0.021002,0.009365,0.115936,0.001151,0.374013
0.243250,-1.305000,0.156798,1,0.036886,0.036886,0.029762,0.010962,0.112168,0.001151,0.381124
0.243250,-1.261500,0.155575,1,0.043660,0.043660,0.037961,0.012713,0.108094,0.001151,0.388063
0.243250,-1.218000,0.154651,1,0.050951,0.050951,0.044643,0.011688,0.103723,0.001151,0.394819
0.243250,-1.174500,0.155988,1,0.058553,0.058553,0.052325,0.011591,0.099062,0.001151,0.401379
0.243250,-1.131000,0.158546,1,0.066348,0.066348,0.059764,0.012420,0.094120,0.001151,0.407729
0.243250,-1.087500,0.161416,1,0.074264,0.074264,0.066362,0.014174,0.088907,0.001151,0.413859
0.243250,-1.044000,0.164588,1,0.082252,0.082252,0.072344,0.016850,0.083432,0.001151,0.419756
0.243250,-1.000500,0.167062,1,0.090280,0.090280,0.077210,0.018221,0.077705,0.001151,0.425410
0.243250,-0.957000,0.167271,1,0.098325,0.098325,0.080189,0.018296,0.071739,0.001151,0.430809
0.243250,-0.913500,0.164236,1,0.106370,0.106370,0.080888,0.019304,0.065543,0.001151,0.435943
0.243250,-0.870000,0.156900,1,0.114401,0.114401,0.078702,0.021242,0.059129,0.001151,0.440803
0.243250,-0.826500,0.146864,1,0.122407,0.122407,0.074456,0.024107,0.052511,0.001151,0.445380
0.243250,-0.783000,0.135928,1,0.130379,0.130379,0.069084,0.027893,0.045700,0.001151,0.449665
0.243250,-0.739500,0.123906,1,0.138309,0.138309,0.062149,0.028311,0.038708,0.001151,0.453649
0.243250,-0.696000,0.113360,1,0.146190,0.146190,0.055407,0.029497,0.031550,0.001151,0.457326
0.243250,-0.652500,0.102861,1,0.154016,0.154016,0.047459,0.031612,0.024240,0.001151,0.460687
0.243250,-0.609000,0.094578,1,0.161781,0.161781,0.040339,0.034650,0.016789,0.001151,0.463728
0.243250,-0.565500,0.087565,1,0.169480,0.169480,0.033171,0.038606,0.009214,0.001151,0.466442
0.243250,-0.522000,0.080986,1,0.177108,0.177108,0.024261,0.041024,0.001528,0.001151,0.468824
0.243250,-0.478500,0.076457,1,0.184660,0.184660,0.015940,0.042353,-0.006255,0.001151,0.470869
0.243250,-0.435000,0.073978,1,0.192131,0.192131,0.009869,0.044603,-0.014119,0.001151,0.472574
0.243250,-0.391500,0.073548,1,0.199518,0.199518,0.010901,0.047766,-0.022050,0.001151,0.473936
0.243250,-0.348000,0.074104,1,0.206816,0.206816,0.014586,0.051836,-0.030033,0.001151,0.474951
0.243250,-0.304500,0.075132,1,0.214021,0.214021,0.018119,0.055735,-0.038052,0.001151,0.475618
0.243250,-0.261000,0.078000,1,0.221129,0.221129,0.024550,0.057139,-0.046092,0.001151,0.475936
0.243250,-0.217500,0.082696,1,0.228136,0.228136,0.032180,0.059448,-0.054139,0.001151,0.475904
0.243250,-0.174000,0.089206,1,0.235040,0.235040,0.040323,0.062656,-0.062177,0.001151,0.475521
0.243250,-0.130500,0.097513,1,0.241835,0.241835,0.048712,0.066753,-0.070191,0.001151,0.474790
0.243250,-0.087000,0.107597,1,0.248519,0.248519,0.057226,0.071696,-0.078165,0.001151,0.473711
0.243250,-0.043500,0.119434,1,0.255089,0.255089,0.065803,0.073075,-0.086084,0.001151,0.472286
0.243250,0.000000,0.132999,1,0.261540,0.261540,0.074409,0.075340,-0.093935,0.001151,0.470519
0.243250,0.043500,0.148261,1,0.267870,0.267870,0.083020,0.078483,-0.101701,0.001151,0.468411
0.243250,0.087000,0.165190,1,0.274076,0.274076,0.091622,0.082493,-0.109368,0.001151,0.465968
0.243250,0.130500,0.183751,1,0.280154,0.280154,0.100202,0.087363,-0.116921,0.001151,0.463193
0.243250,0.174000,0.203905,1,0.286102,0.286102,0.108751,0.089379,-0.124347,0.001151,0.460093
0.243250,0.217500,0.225612,1,0.291916,0.291916,0.117262,0.091471,-0.131631,0.001151,0.456673
0.243250,0.261000,0.248831,1,0.297594,0.297594,0.125728,0.094415,-0.138759,0.001151,0.452939
0.243250,0.304500,0.273515,1,0.303132,0.303132,0.134142,0.098202,-0.145718,0.001151,0.448899
0.243250,0.348000,0.299618,1,0.308529,0.308529,0.142500,0.102822,-0.152495,0.001151,0.444560
0.243250,0.391500,0.327088,1,0.313782,0.313782,0.150797,0.105302,-0.159077,0.001151,0.439931
0.243250,0.435000,0.355874,1,0.318887,0.318887,0.159027,0.107075,-0.165451,0.001151,0.435019
0.243250,0.478500,0.385922,1,0.323843,0.323843,0.167186,0.109671,-0.171605,0.001151,0.429835
0.243250,0.522000,0.417175,1,0.328647,0.328647,0.175269,0.113081,-0.177529,0.001151,0.424389
0.243250,0.565500,0.449574,1,0.333296,0.333296,0.183273,0.117295,-0.183210,0.001151,0.418689
0.243250,0.609000,0.483060,1,0.337790,0.337790,0.191192,0.120169,-0.188637,0.001151,0.412749
0.243250,0.652500,0.517571,1,0.342124,0.342124,0.199024,0.121464,-0.193801,0.001151,0.406578
0.243250,0.696000,0.553043,1,0.346298,0.346298,0.206764,0.123552,-0.198692,0.001151,0.400188
0.243250,0.739500,0.589412,1,0.350309,0.350309,0.214407,0.126425,-0.203301,0.001151,0.393591
0.243250,0.783000,0.626611,1,0.354155,0.354155,0.221951,0.130072,-0.207618,0.001151,0.386800
0.243250,0.826500,0.664574,1,0.357835,0.357835,0.229391,0.133409,-0.211636,0.001151,0.379828
0.243250,0.870000,0.703230,1,0.361347,0.361347,0.236725,0.134062,-0.215347,0.001151,0.372688
0.243250,0.913500,0.742512,1,0.364688,0.364688,0.243947,0.135480,-0.218744,0.001151,0.365394
0.243250,0.957000,0.782349,1,0.367858,0.367858,0.251055,0.137653,-0.221820,0.001151,0.357958
0.243250,1.000500,0.822669,1,0.370855,0.370855,0.258046,0.140570,-0.224570,0.001151,0.350396
0.243250,1.044000,0.863402,1,0.373677,0.373677,0.264915,0.144223,-0.226989,0.001151,0.342721
0.243250,1.087500,0.904475,1,0.376323,0.376323,0.271660,0.144429,-0.229071,0.001151,0.334948
0.243250,1.131000,0.945816,1,0.378792,0.378792,0.278278,0.145018,-0.230814,0.001151,0.327092
0.243250,1.174500,0.990090,1,0.381083,0.381083,0.284764,0.146334,-0.232214,0.001151,0.319168
0.243250,1.218000,1.048812,1,0.383194,0.383194,0.291117,0.148369,-0.233267,0.001151,0.311190
0.243250,1.261500,1.123210,1,0.385125,0.385125,0.297332,0.151112,-0.233973,0.001151,0.303175
0.243250,1.305000,1.213212,1,0.386874,0.386874,0.303408,0.152271,-0.234329,0.001151,0.295136
0.243250,1.348500,1.318746,1,0.388441,0.388441,0.309340,0.151886,-0.234335,0.001151,0.287089
0.243250,1.392000,1.439742,1,0.389825,0.389825,0.315127,0.152204,-0.233992,0.001151,0.279049
0.243250,1.435500,1.583942,1,0.391025,0.391025,0.320765,0.153216,-0.233299,0.001151,0.271032
0.243250,1.479000,1.759087,1,0.392041,0.392041,0.326252,0.154915,-0.232258,0.001151,0.263053
0.243250,1.522500,inf,0,inf,inf,inf,inf,0.000000,0.000000,0.000000
0.243250,1.566000,inf,0,inf,inf,inf,inf,0.000000,0.000000,0.000000
0.243250,1.609500,inf,0,inf,inf,inf,inf,0.000000,0.000000,0.000000
0.243250,1.653000,inf,0,inf,inf,inf,inf,0.000000,0.000000,0.000000
0.243250,1.696500,inf,0,inf,inf,inf,inf,0.000000,0.000000,0.000000
0.243250,1.740000,inf,0,inf,inf,inf,inf,0.000000,0.000000,0.000000
0.278000,-1.740000,0.773188,1,0.059943,0.059943,0.044318,0.030631,0.127647,0.001151,0.309217
0.278000,-1.696500,0.622356,1,0.052777,0.052777,0.036537,0.024795,0.126600,0.001151,0.317195
0.278000,-1.653000,0.503536,1,0.046106,0.046106,0.029454,0.019876,0.125206,0.001151,0.325121
0.278000,-1.609500,0.405205,1,0.040192,0.040192,0.023724,0.015873,0.123470,0.001151,0.332978
0.278000,-1.566000,0.323206,1,0.035432,0.035432,0.017172,0.012787,0.121393,0.001151,0.340752
0.278000,-1.522500,0.257547,1,0.032348,0.032348,0.008021,0.010620,0.118980,0.001151,0.348429
0.278000,-1.479000,0.209682,1,0.031445,0.031445,0.004089,0.009370,0.116235,0.001151,0.355993
0.278000,-1.435500,0.179614,1,0.032904,0.032904,0.012333,0.009038,0.113165,0.001151,0.363431
0.278000,-1.392000,0.167338,1,0.036441,0.036441,0.021686,0.009623,0.109773,0.001151,0.370728
0.278000,-1.348500,0.163740,1,0.041521,0.041521,0.028999,0.011123,0.106068,0.001151,0.377871
0.278000,-1.305000,0.160929,1,0.047646,0.047646,0.035445,0.013316,0.102055,0.001151,0.384846
0.278000,-1.261500,0.160447,1,0.054456,0.054456,0.043253,0.012203,0.097743,0.001151,0.391640
0.278000,-1.218000,0.161202,1,0.061713,0.061713,0.050747,0.012023,0.093139,0.001151,0.398240
0.278000,-1.174500,0.162180,1,0.069265,0.069265,0.057172,0.012774,0.088253,0.001151,0.404634
0.278000,-1.131000,0.164277,1,0.077014,0.077014,0.063564,0.014454,0.083094,0.001151,0.410809
0.278000,-1.087500,0.166390,1,0.084893,0.084893,0.069142,0.017059,0.077671,0.001151,0.416753
0.278000,-1.044000,0.166820,1,0.092856,0.092856,0.072936,0.018898,0.071994,0.001151,0.422457
0.278000,-1.000500,0.165426,1,0.100869,0.100869,0.075125,0.018911,0.066075,0.001151,0.427908
0.278000,-0.957000,0.160734,1,0.108909,0.108909,0.074870,0.019862,0.059924,0.001151,0.433096
0.278000,-0.913500,0.153259,1,0.116956,0.116956,0.072507,0.021746,0.053554,0.001151,0.438013
0.278000,-0.870000,0.143986,1,0.124995,0.124995,0.068537,0.024561,0.046975,0.001151,0.442647
0.278000,-0.826500,0.133446,1,0.133013,0.133013,0.063082,0.028301,0.040202,0.001151,0.446991
0.278000,-0.783000,0.122505,1,0.141001,0.141001,0.056485,0.029211,0.033246,0.001151,0.451037
0.278000,-0.739500,0.113036,1,0.148949,0.148949,0.050183,0.030359,0.026120,0.001151,0.454776
0.278000,-0.696000,0.103418,1,0.156849,0.156849,0.042440,0.032439,0.018839,0.001151,0.458201
0.278000,-0.652500,0.095320,1,0.164694,0.164694,0.034733,0.035446,0.011416,0.001151,0.461307
0.278000,-0.609000,0.089504,1,0.172479,0.172479,0.028473,0.039374,0.003864,0.001151,0.464087
0.278000,-0.565500,0.084131,1,0.180197,0.180197,0.020752,0.042300,-0.003801,0.001151,0.466536
0.278000,-0.522000,0.079839,1,0.187842,0.187842,0.011426,0.043608,-0.011565,0.001151,0.468649
0.278000,-0.478500,0.077650,1,0.195410,0.195410,0.003643,0.045839,-0.019414,0.001151,0.470423
0.278000,-0.435000,0.077562,1,0.202895,0.202895,0.008888,0.048987,-0.027333,0.001151,0.471854
0.278000,-0.391500,0.079567,1,0.210294,0.210294,0.018100,0.053044,-0.035306,0.001151,0.472939
0.278000,-0.348000,0.081927,1,0.217601,0.217601,0.024201,0.057466,-0.043319,0.001151,0.473676
0.278000,-0.304500,0.085167,1,0.224813,0.224813,0.030109,0.058861,-0.051357,0.001151,0.474064
0.278000,-0.261000,0.090279,1,0.231925,0.231925,0.037282,0.061165,-0.059404,0.001151,0.474103
0.278000,-0.217500,0.097249,1,0.238933,0.238933,0.045111,0.064369,-0.067444,0.001151,0.473791
0.278000,-0.174000,0.106057,1,0.245833,0.245833,0.053297,0.068465,-0.075464,0.001151,0.473130
0.278000,-0.130500,0.116683,1,0.252623,0.252623,0.061684,0.073444,-0.083447,0.001151,0.472120
0.278000,-0.087000,0.129102,1,0.259298,0.259298,0.070188,0.075320,-0.091379,0.001151,0.470765
0.278000,-0.043500,0.143285,1,0.265854,0.265854,0.078758,0.077588,-0.099245,0.001151,0.469066
0.278000,0.000000,0.159203,1,0.272288,0.272288,0.087360,0.080734,-0.107029,0.001151,0.467026
0.278000,0.043500,0.176821,1,0.278598,0.278598,0.095972,0.084750,-0.114717,0.001151,0.464650
0.278000,0.087000,0.196104,1,0.284779,0.284779,0.104576,0.089625,-0.122294,0.001151,0.461942
0.278000,0.130500,0.217011,1,0.290829,0.290829,0.113161,0.092180,-0.129747,0.001151,0.458907
0.278000,0.174000,0.239502,1,0.296744,0.296744,0.121716,0.094279,-0.137060,0.001151,0.455551
0.278000,0.217500,0.263531,1,0.302522,0.302522,0.130231,0.097230,-0.144221,0.001151,0.451880
0.278000,0.261000,0.289052,1,0.308159,0.308159,0.138701,0.101024,-0.151215,0.001151,0.447900
0.278000,0.304500,0.316014,1,0.313653,0.313653,0.147117,0.105650,-0.158030,0.001151,0.443621
0.278000,0.348000,0.344366,1,0.319002,0.319002,0.155475,0.108670,-0.164652,0.001151,0.439049
0.278000,0.391500,0.374053,1,0.324201,0.324201,0.163768,0.110448,-0.171069,0.001151,0.434194
0.278000,0.435000,0.405020,1,0.329250,0.329250,0.171991,0.113050,-0.177268,0.001151,0.429064
0.278000,0.478500,0.437207,1,0.334145,0.334145,0.180139,0.116465,-0.183239,0.001151,0.423669
0.278000,0.522000,0.470554,1,0.338883,0.338883,0.188208,0.120682,-0.188970,0.001151,0.418020
0.278000,0.565500,0.504999,1,0.343464,0.343464,0.196193,0.124091,-0.194449,0.001151,0.412127
0.278000,0.609000,0.540478,1,0.347884,0.347884,0.204090,0.125386,-0.199667,0.001151,0.406001
0.278000,0.652500,0.576926,1,0.352141,0.352141,0.211894,0.127473,-0.204614,0.001151,0.399654
0.278000,0.696000,0.614274,1,0.356233,0.356233,0.219601,0.130343,-0.209280,0.001151,0.393098
0.278000,0.739500,0.652456,1,0.360158,0.360158,0.227208,0.133985,-0.213656,0.001151,0.386346
0.278000,0.783000,0.691400,1,0.363915,0.363915,0.234710,0.137849,-0.217735,0.001151,0.379409
0.278000,0.826500,0.731038,1,0.367501,0.367501,0.242104,0.138492,-0.221508,0.001151,0.372302
0.278000,0.870000,0.771296,1,0.370914,0.370914,0.249385,0.139898,-0.224969,0.001151,0.365037
0.278000,0.913500,0.812103,1,0.374154,0.374154,0.256551,0.142056,-0.228110,0.001151,0.357629
0.278000,0.957000,0.853384,1,0.377218,0.377218,0.263597,0.144957,-0.230926,0.001151,0.350091
0.278000,1.000500,0.895068,1,0.380105,0.380105,0.270521,0.148590,-0.233412,0.001151,0.342437
0.278000,1.044000,0.937079,1,0.382814,0.382814,0.277318,0.149306,-0.235563,0.001151,0.334683
0.278000,1.087500,0.979342,1,0.385343,0.385343,0.283985,0.149868,-0.237374,0.001151,0.326843
0.278000,1.131000,1.022978,1,0.387691,0.387691,0.290520,0.151155,-0.238843,0.001151,0.318931
0.278000,1.174500,1.079444,1,0.389857,0.389857,0.296919,0.153156,-0.239966,0.001151,0.310963
0.278000,1.218000,1.151564,1,0.391839,0.391839,0.303178,0.155863,-0.240742,0.001151,0.302954
0.278000,1.261500,1.239265,1,0.393638,0.393638,0.309295,0.157516,-0.241168,0.001151,0.294918
0.278000,1.305000,1.342473,1,0.395252,0.395252,0.315267,0.157087,-0.241245,0.001151,0.286872
0.278000,1.348500,1.461116,1,0.396679,0.396679,0.321091,0.157356,-0.240972,0.001151,0.278829
0.278000,1.392000,1.595121,1,0.397921,0.397921,0.326765,0.158317,-0.240349,0.001151,0.270807
0.278000,1.435500,1.752229,1,0.398975,0.398975,0.332284,0.159960,-0.239378,0.001151,0.262819
0.278000,1.479000,inf,0,inf,inf,inf,inf,0.000000,0.000000,0.000000
0.278000,1.522500,inf,0,inf,inf,inf,inf,0.000000,0.000000,0.000000
0.278000,1.566000,inf,0,inf,inf,inf,inf,0.000000,0.000000,0.000000
0.278000,1.609500,inf,0,inf,inf,inf,inf,0.000000,0.000000,0.000000
0.278000,1.653000,inf,0,inf,inf,inf,inf,0.000000,0.000000,0.000000
0.278000,1.696500,inf,0,inf,inf,inf,inf,0.000000,0.000000,0.000000
0.278000,1.740000,inf,0,inf,inf,inf,inf,0.000000,0.000000,0.000000
0.312750,-1.740000,0.753290,1,0.058800,0.058800,0.039169,0.025981,0.120024,0.001151,0.313521
0.312750,-1.696500,0.616575,1,0.052469,0.052469,0.032960,0.020929,0.118700,0.001151,0.321458
0.312750,-1.653000,0.500828,1,0.046933,0.046933,0.025008,0.016799,0.117032,0.001151,0.329330
0.312750,-1.609500,0.401779,1,0.042514,0.042514,0.015408,0.013591,0.115023,0.001151,0.337122
0.312750,-1.566000,0.320577,1,0.039599,0.039599,0.006087,0.011305,0.112677,0.001151,0.344819
0.312750,-1.522500,0.257225,1,0.038536,0.038536,0.004969,0.009941,0.109999,0.001151,0.352408
0.312750,-1.479000,0.211725,1,0.039477,0.039477,0.014155,0.009499,0.106993,0.001151,0.359872
0.312750,-1.435500,0.182400,1,0.042287,0.042287,0.019913,0.009979,0.103666,0.001151,0.367199
0.312750,-1.392000,0.169698,1,0.046625,0.046625,0.025651,0.011378,0.100023,0.001151,0.374374
0.312750,-1.348500,0.167205,1,0.052103,0.052103,0.033537,0.013696,0.096072,0.001151,0.381384
0.312750,-1.305000,0.166266,1,0.058393,0.058393,0.041382,0.012798,0.091819,0.001151,0.388215
0.312750,-1.261500,0.165150,1,0.065250,0.065250,0.047415,0.012530,0.087274,0.001151,0.394855
0.312750,-1.218000,0.166318,1,0.072503,0.072503,0.054575,0.013198,0.082444,0.001151,0.401291
0.312750,-1.174500,0.166266,1,0.080032,0.080032,0.059605,0.014798,0.077338,0.001151,0.407511
0.312750,-1.131000,0.166518,1,0.087754,0.087754,0.064217,0.017329,0.071967,0.001151,0.413503
0.312750,-1.087500,0.165775,1,0.095609,0.095609,0.067543,0.019626,0.066341,0.001151,0.419256
0.312750,-1.044000,0.163033,1,0.103553,0.103553,0.069045,0.019573,0.060469,0.001151,0.424759
0.312750,-1.000500,0.157915,1,0.111555,0.111555,0.068571,0.020462,0.054364,0.001151,0.430001
0.312750,-0.957000,0.150700,1,0.119590,0.119590,0.066291,0.022289,0.048037,0.001151,0.434972
0.312750,-0.913500,0.142184,1,0.127636,0.127636,0.062648,0.025050,0.041500,0.001151,0.439664
0.312750,-0.870000,0.131871,1,0.135679,0.135679,0.056953,0.028740,0.034764,0.001151,0.444068
0.312750,-0.826500,0.122322,1,0.143704,0.143704,0.051064,0.030133,0.027844,0.001151,0.448174
0.312750,-0.783000,0.112962,1,0.151701,0.151701,0.044265,0.031240,0.020752,0.001151,0.451975
0.312750,-0.739500,0.105224,1,0.159661,0.159661,0.037986,0.033283,0.013501,0.001151,0.455464
0.312750,-0.696000,0.097236,1,0.167573,0.167573,0.029520,0.036256,0.006105,0.001151,0.458635
0.312750,-0.652500,0.091592,1,0.175431,0.175431,0.022467,0.040153,-0.001422,0.001151,0.461481
0.312750,-0.609000,0.088293,1,0.183228,0.183228,0.018537,0.043580,-0.009066,0.001151,0.463997
0.312750,-0.565500,0.084367,1,0.190958,0.190958,0.009549,0.044864,-0.016811,0.001151,0.466178
0.312750,-0.522000,0.082404,1,0.198614,0.198614,0.002687,0.047075,-0.024644,0.001151,0.468020
0.312750,-0.478500,0.082597,1,0.206191,0.206191,0.010551,0.050205,-0.032550,0.001151,0.469520
0.312750,-0.435000,0.084935,1,0.213683,0.213683,0.020082,0.054248,-0.040514,0.001151,0.470675
0.312750,-0.391500,0.089410,1,0.221087,0.221087,0.029709,0.059186,-0.048520,0.001151,0.471482
0.312750,-0.348000,0.093361,1,0.228397,0.228397,0.035833,0.060572,-0.056554,0.001151,0.471941
0.312750,-0.304500,0.098839,1,0.235609,0.235609,0.042581,0.062868,-0.064600,0.001151,0.472049
0.312750,-0.261000,0.106220,1,0.242718,0.242718,0.050081,0.066068,-0.072643,0.001151,0.471808
0.312750,-0.217500,0.115484,1,0.249721,0.249721,0.058032,0.070161,-0.080668,0.001151,0.471217
0.312750,-0.174000,0.126607,1,0.256613,0.256613,0.066259,0.075140,-0.088660,0.001151,0.470278
0.312750,-0.130500,0.139565,1,0.263391,0.263391,0.074658,0.077546,-0.096604,0.001151,0.468992
0.312750,-0.087000,0.154328,1,0.270051,0.270051,0.083163,0.079816,-0.104484,0.001151,0.467362
0.312750,-0.043500,0.170863,1,0.276588,0.276588,0.091731,0.082967,-0.112285,0.001151,0.465390
0.312750,0.000000,0.189136,1,0.283001,0.283001,0.100332,0.086988,-0.119994,0.001151,0.463082
0.312750,0.043500,0.209109,1,0.289285,0.289285,0.108944,0.091870,-0.127595,0.001151,0.460440
0.312750,0.087000,0.230741,1,0.295436,0.295436,0.117550,0.094961,-0.135073,0.001151,0.457470
0.312750,0.130500,0.253987,1,0.301453,0.301453,0.126135,0.097068,-0.142416,0.001151,0.454178
0.312750,0.174000,0.278803,1,0.307331,0.307331,0.134691,0.100027,-0.149608,0.001151,0.450569
0.312750,0.217500,0.305138,1,0.313068,0.313068,0.143206,0.103830,-0.156637,0.001151,0.446652
0.312750,0.261000,0.332941,1,0.318661,0.318661,0.151674,0.108465,-0.163489,0.001151,0.442432
0.312750,0.304500,0.362159,1,0.324106,0.324106,0.160087,0.112023,-0.170151,0.001151,0.437918
0.312750,0.348000,0.392735,1,0.329402,0.329402,0.168438,0.113810,-0.176610,0.001151,0.433119
0.312750,0.391500,0.424610,1,0.334545,0.334545,0.176722,0.116419,-0.182854,0.001151,0.428044
0.312750,0.435000,0.457725,1,0.339533,0.339533,0.184933,0.119841,-0.188872,0.001151,0.422701
0.312750,0.478500,0.492016,1,0.344363,0.344363,0.193065,0.124065,-0.194652,0.001151,0.417103
0.312750,0.522000,0.527419,1,0.349034,0.349034,0.201114,0.128010,-0.200182,0.001151,0.411258
0.312750,0.565500,0.563868,1,0.353542,0.353542,0.209076,0.129308,-0.205454,0.001151,0.405178
0.312750,0.609000,0.601295,1,0.357885,0.357885,0.216944,0.131398,-0.210456,0.001151,0.398875
0.312750,0.652500,0.639631,1,0.362062,0.362062,0.224716,0.134269,-0.215179,0.001151,0.392360
0.312750,0.696000,0.678806,1,0.366070,0.366070,0.232387,0.137910,-0.219614,0.001151,0.385646
0.312750,0.739500,0.718747,1,0.369907,0.369907,0.239952,0.142303,-0.223754,0.001151,0.378745
0.312750,0.783000,0.759381,1,0.373571,0.373571,0.247409,0.142941,-0.227589,0.001151,0.371671
0.312750,0.826500,0.800635,1,0.377061,0.377061,0.254752,0.144339,-0.231113,0.001151,0.364437
0.312750,0.870000,0.842433,1,0.380375,0.380375,0.261978,0.146488,-0.234319,0.001151,0.357056
0.312750,0.913500,0.884701,1,0.383511,0.383511,0.269083,0.149376,-0.237201,0.001151,0.349543
0.312750,0.957000,0.927363,1,0.386468,0.386468,0.276064,0.152995,-0.239754,0.001151,0.341912
0.312750,1.000500,0.970342,1,0.389243,0.389243,0.282917,0.154224,-0.241972,0.001151,0.334177
0.312750,1.044000,1.013561,1,0.391837,0.391837,0.289639,0.154765,-0.243852,0.001151,0.326353
0.312750,1.087500,1.057226,1,0.394247,0.394247,0.296226,0.156027,-0.245390,0.001151,0.318454
0.312750,1.131000,1.111473,1,0.396473,0.396473,0.302676,0.158002,-0.246583,0.001151,0.310496
0.312750,1.174500,1.181355,1,0.398513,0.398513,0.308984,0.160678,-0.247428,0.001151,0.302494
0.312750,1.218000,1.266798,1,0.400367,0.400367,0.315148,0.162829,-0.247925,0.001151,0.294462
0.312750,1.261500,1.367725,1,0.402032,0.402032,0.321165,0.162361,-0.248073,0.001151,0.286417
0.312750,1.305000,1.484062,1,0.403510,0.403510,0.327032,0.162588,-0.247870,0.001151,0.278372
0.312750,1.348500,1.615733,1,0.404798,0.404798,0.332746,0.163502,-0.247317,0.001151,0.270345
0.312750,1.392000,1.762667,1,0.405897,0.405897,0.338304,0.165096,-0.246416,0.001151,0.262348
0.312750,1.435500,inf,0,inf,inf,inf,inf,0.000000,0.000000,0.000000
0.312750,1.479000,inf,0,inf,inf,inf,inf,0.000000,0.000000,0.000000
0.312750,1.522500,inf,0,inf,inf,inf,inf,0.000000,0.000000,0.000000
0.312750,1.566000,inf,0,inf,inf,inf,inf,0.000000,0.000000,0.000000
0.312750,1.609500,inf,0,inf,inf,inf,inf,0.000000,0.000000,0.000000
0.312750,1.653000,inf,0,inf,inf,inf,inf,0.000000,0.000000,0.000000
0.312750,1.696500,inf,0,inf,inf,inf,inf,0.000000,0.000000,0.000000
0.312750,1.740000,inf,0,inf,inf,inf,inf,0.000000,0.000000,0.000000
0.347500,-1.740000,0.744653,1,0.059252,0.059252,0.034674,0.022116,0.112255,0.001151,0.317557
0.347500,-1.696500,0.612037,1,0.053986,0.053986,0.025311,0.017852,0.110656,0.001151,0.325443
0.347500,-1.653000,0.497319,1,0.049780,0.049780,0.016469,0.014515,0.108715,0.001151,0.333253
0.347500,-1.609500,0.400504,1,0.046929,0.046929,0.009733,0.012105,0.106437,0.001151,0.340970
0.347500,-1.566000,0.321598,1,0.045693,0.045693,0.010558,0.010622,0.103825,0.001151,0.348582
0.347500,-1.522500,0.258857,1,0.046205,0.046205,0.012132,0.010066,0.100885,0.001151,0.356072
0.347500,-1.479000,0.212630,1,0.048407,0.048407,0.015384,0.010435,0.097622,0.001151,0.363428
0.347500,-1.435500,0.184491,1,0.052082,0.052082,0.023185,0.011728,0.094042,0.001151,0.370634
0.347500,-1.392000,0.174192,1,0.056940,0.056940,0.032014,0.013945,0.090152,0.001151,0.377678
0.347500,-1.348500,0.170769,1,0.062698,0.062698,0.037199,0.013473,0.085960,0.001151,0.384547
0.347500,-1.305000,0.169954,1,0.069122,0.069122,0.044371,0.013113,0.081472,0.001151,0.391226
0.347500,-1.261500,0.168748,1,0.076034,0.076034,0.049799,0.013692,0.076699,0.001151,0.397704
0.347500,-1.218000,0.169022,1,0.083299,0.083299,0.055722,0.015209,0.071648,0.001151,0.403969
0.347500,-1.174500,0.167324,1,0.090823,0.090823,0.059148,0.017660,0.066330,0.001151,0.410008
0.347500,-1.131000,0.165131,1,0.098532,0.098532,0.061714,0.020407,0.060754,0.001151,0.415809
0.347500,-1.087500,0.161512,1,0.106374,0.106374,0.062790,0.020284,0.054931,0.001151,0.421363
0.347500,-1.044000,0.156130,1,0.114307,0.114307,0.062184,0.021106,0.048872,0.001151,0.426659
0.347500,-1.000500,0.149279,1,0.122301,0.122301,0.060094,0.022872,0.042588,0.001151,0.431685
0.347500,-0.957000,0.140859,1,0.130331,0.130331,0.056269,0.025575,0.036092,0.001151,0.436434
0.347500,-0.913500,0.131455,1,0.138377,0.138377,0.050897,0.029212,0.029396,0.001151,0.440896
0.347500,-0.870000,0.123407,1,0.146421,0.146421,0.046027,0.031080,0.022512,0.001151,0.445063
0.347500,-0.826500,0.114075,1,0.154451,0.154451,0.038557,0.032141,0.015453,0.001151,0.448926
0.347500,-0.783000,0.107311,1,0.162454,0.162454,0.032875,0.034143,0.008232,0.001151,0.452478
0.347500,-0.739500,0.100368,1,0.170420,0.170420,0.025029,0.037078,0.000865,0.001151,0.455714
0.347500,-0.696000,0.094821,1,0.178339,0.178339,0.016786,0.040942,-0.006637,0.001151,0.458625
0.347500,-0.652500,0.091682,1,0.186205,0.186205,0.012181,0.044864,-0.014258,0.001151,0.461208
0.347500,-0.609000,0.090073,1,0.194009,0.194009,0.011797,0.046121,-0.021984,0.001151,0.463457
0.347500,-0.565500,0.088271,1,0.201744,0.201744,0.009072,0.048308,-0.029801,0.001151,0.465368
0.347500,-0.522000,0.088680,1,0.209405,0.209405,0.014789,0.051418,-0.037693,0.001151,0.466937
0.347500,-0.478500,0.091290,1,0.216985,0.216985,0.023412,0.055444,-0.045647,0.001151,0.468161
0.347500,-0.435000,0.096090,1,0.224480,0.224480,0.032710,0.060378,-0.053646,0.001151,0.469039
0.347500,-0.391500,0.102600,1,0.231883,0.231883,0.041676,0.062268,-0.061675,0.001151,0.469567
0.347500,-0.348000,0.108392,1,0.239190,0.239190,0.048028,0.064556,-0.069720,0.001151,0.469747
0.347500,-0.304500,0.116133,1,0.246397,0.246397,0.055198,0.067750,-0.077765,0.001151,0.469576
0.347500,-0.261000,0.125803,1,0.253498,0.253498,0.062895,0.071840,-0.085795,0.001151,0.469055
0.347500,-0.217500,0.137378,1,0.260490,0.260490,0.070936,0.076818,-0.093795,0.001151,0.468185
0.347500,-0.174000,0.150830,1,0.267369,0.267369,0.079204,0.079749,-0.101749,0.001151,0.466969
0.347500,-0.130500,0.166130,1,0.274130,0.274130,0.087621,0.082022,-0.109643,0.001151,0.465408
0.347500,-0.087000,0.183243,1,0.280769,0.280769,0.096133,0.085177,-0.117462,0.001151,0.463505
0.347500,-0.043500,0.202134,1,0.287283,0.287283,0.104704,0.089204,-0.125190,0.001151,0.461264
0.347500,0.000000,0.222762,1,0.293669,0.293669,0.113306,0.094093,-0.132814,0.001151,0.458689
0.347500,0.043500,0.245085,1,0.299922,0.299922,0.121918,0.097718,-0.140318,0.001151,0.455784
0.347500,0.087000,0.269058,1,0.306040,0.306040,0.130523,0.099833,-0.147689,0.001151,0.452556
0.347500,0.130500,0.294633,1,0.312019,0.312019,0.139107,0.102802,-0.154913,0.001151,0.449011
0.347500,0.174000,0.321759,1,0.317856,0.317856,0.147660,0.106615,-0.161976,0.001151,0.445155
0.347500,0.217500,0.350382,1,0.323548,0.323548,0.156172,0.111261,-0.168864,0.001151,0.440995
0.347500,0.261000,0.380447,1,0.329092,0.329092,0.164633,0.115357,-0.175565,0.001151,0.436540
0.347500,0.304500,0.411895,1,0.334485,0.334485,0.173038,0.117153,-0.182066,0.001151,0.431798
0.347500,0.348000,0.444667,1,0.339725,0.339725,0.181378,0.119773,-0.188355,0.001151,0.426777
0.347500,0.391500,0.478699,1,0.344808,0.344808,0.189648,0.123205,-0.194419,0.001151,0.421488
0.347500,0.435000,0.513926,1,0.349732,0.349732,0.197842,0.127439,-0.200247,0.001151,0.415940
0.347500,0.478500,0.550283,1,0.354495,0.354495,0.205954,0.131920,-0.205829,0.001151,0.410144
0.347500,0.522000,0.587701,1,0.359093,0.359093,0.213979,0.133225,-0.211154,0.001151,0.404110
0.347500,0.565500,0.626109,1,0.363526,0.363526,0.221912,0.135320,-0.216211,0.001151,0.397851
0.347500,0.609000,0.665438,1,0.367790,0.367790,0.229749,0.138196,-0.220991,0.001151,0.391378
0.347500,0.652500,0.705612,1,0.371884,0.371884,0.237485,0.141841,-0.225485,0.001151,0.384702
0.347500,0.696000,0.746560,1,0.375805,0.375805,0.245115,0.146244,-0.229684,0.001151,0.377838
0.347500,0.739500,0.788204,1,0.379551,0.379551,0.252635,0.147401,-0.233581,0.001151,0.370798
0.347500,0.783000,0.830470,1,0.383121,0.383121,0.260042,0.148796,-0.237168,0.001151,0.363595
0.347500,0.826500,0.873280,1,0.386513,0.386513,0.267330,0.150939,-0.240439,0.001151,0.356243
0.347500,0.870000,0.916556,1,0.389725,0.389725,0.274497,0.153821,-0.243386,0.001151,0.348755
0.347500,0.913500,0.960221,1,0.392756,0.392756,0.281539,0.157430,-0.246006,0.001151,0.341146
0.347500,0.957000,1.004195,1,0.395603,0.395603,0.288452,0.159176,-0.248292,0.001151,0.333431
0.347500,1.000500,1.048400,1,0.398266,0.398266,0.295231,0.159700,-0.250240,0.001151,0.325624
0.347500,1.044000,1.092757,1,0.400743,0.400743,0.301875,0.160943,-0.251847,0.001151,0.317739
0.347500,1.087500,1.144822,1,0.403034,0.403034,0.308380,0.162895,-0.253109,0.001151,0.309792
0.347500,1.131000,1.212505,1,0.405136,0.405136,0.314741,0.165547,-0.254025,0.001151,0.301797
0.347500,1.174500,1.295729,1,0.407050,0.407050,0.320957,0.168201,-0.254592,0.001151,0.293770
0.347500,1.218000,1.394417,1,0.408773,0.408773,0.327024,0.167698,-0.254810,0.001151,0.285726
0.347500,1.261500,1.508492,1,0.410305,0.410305,0.332938,0.167889,-0.254677,0.001151,0.277681
0.347500,1.305000,1.637878,1,0.411646,0.411646,0.338698,0.168763,-0.254195,0.001151,0.269648
0.347500,1.348500,1.782498,1,0.412795,0.412795,0.344300,0.170314,-0.253364,0.001151,0.261644
0.347500,1.392000,1.942280,1,0.413750,0.413750,0.349741,0.172531,-0.252186,0.001151,0.253684
0.347500,1.435500,inf,0,inf,inf,inf,inf,0.000000,0.000000,0.000000
0.347500,1.479000,inf,0,inf,inf,inf,inf,0.000000,0.000000,0.000000
0.347500,1.522500,inf,0,inf,inf,inf,inf,0.000000,0.000000,0.000000
0.347500,1.566000,inf,0,inf,inf,inf,inf,0.000000,0.000000,0.000000
0.347500,1.609500,inf,0,inf,inf,inf,inf,0.000000,0.000000,0.000000
0.347500,1.653000,inf,0,inf,inf,inf,inf,0.000000,0.000000,0.000000
0.347500,1.696500,inf,0,inf,inf,inf,inf,0.000000,0.000000,0.000000
0.347500,1.740000,inf,0,inf,inf,inf,inf,0.000000,0.000000,0.000000
0.382250,-1.740000,0.740319,1,0.061262,0.061262,0.027514,0.019034,0.104351,0.001151,0.321321
0.382250,-1.696500,0.609860,1,0.057180,0.057180,0.019991,0.015563,0.102478,0.001151,0.329147
0.382250,-1.653000,0.497363,1,0.054328,0.054328,0.015509,0.013024,0.100268,0.001151,0.336884
0.382250,-1.609500,0.401373,1,0.052912,0.052912,0.011578,0.011416,0.097723,0.001151,0.344518
0.382250,-1.566000,0.321418,1,0.053049,0.053049,0.005746,0.010739,0.094848,0.001151,0.352034
0.382250,-1.522500,0.259618,1,0.054728,0.054728,0.012222,0.010993,0.091650,0.001151,0.359418
0.382250,-1.479000,0.215969,1,0.057812,0.057812,0.021976,0.012175,0.088133,0.001151,0.366655
0.382250,-1.435500,0.187319,1,0.062086,0.062086,0.026802,0.014285,0.084305,0.001151,0.373733
0.382250,-1.392000,0.176243,1,0.067316,0.067316,0.033366,0.014231,0.080172,0.001151,0.380638
0.382250,-1.348500,0.174327,1,0.073290,0.073290,0.040096,0.013773,0.075744,0.001151,0.387357
0.382250,-1.305000,0.172081,1,0.079831,0.079831,0.045101,0.014259,0.071027,0.001151,0.393876
0.382250,-1.261500,0.170470,1,0.086800,0.086800,0.049891,0.015688,0.066031,0.001151,0.400185
0.382250,-1.218000,0.168987,1,0.094089,0.094089,0.054058,0.018055,0.060766,0.001151,0.406270
0.382250,-1.174500,0.165400,1,0.101619,0.101619,0.055772,0.021243,0.055241,0.001151,0.412120
0.382250,-1.131000,0.160984,1,0.109327,0.109327,0.056408,0.021044,0.049467,0.001151,0.417725
0.382250,-1.087500,0.155433,1,0.117163,0.117163,0.055729,0.021796,0.043455,0.001151,0.423073
0.382250,-1.044000,0.149048,1,0.125092,0.125092,0.053970,0.023495,0.037215,0.001151,0.428155
0.382250,-1.000500,0.140637,1,0.133081,0.133081,0.049840,0.026137,0.030761,0.001151,0.432960
0.382250,-0.957000,0.132249,1,0.141109,0.141109,0.044999,0.029716,0.024104,0.001151,0.437480
0.382250,-0.913500,0.124553,1,0.149153,0.149153,0.040033,0.032051,0.017256,0.001151,0.441707
0.382250,-0.870000,0.116419,1,0.157199,0.157199,0.033237,0.033063,0.010231,0.001151,0.445632
0.382250,-0.826500,0.109669,1,0.165230,0.165230,0.026715,0.035019,0.003043,0.001151,0.449247
0.382250,-0.783000,0.104756,1,0.173236,0.173236,0.021806,0.037914,-0.004297,0.001151,0.452547
0.382250,-0.739500,0.099230,1,0.181205,0.181205,0.012067,0.041740,-0.011773,0.001151,0.455524
0.382250,-0.696000,0.096175,1,0.189129,0.189129,0.005738,0.046150,-0.019371,0.001151,0.458174
0.382250,-0.652500,0.095588,1,0.196997,0.196997,0.011731,0.047377,-0.027077,0.001151,0.460490
0.382250,-0.609000,0.095280,1,0.204804,0.204804,0.015542,0.049538,-0.034877,0.001151,0.462469
0.382250,-0.565500,0.095839,1,0.212541,0.212541,0.020100,0.052626,-0.042755,0.001151,0.464107
0.382250,-0.522000,0.098656,1,0.220202,0.220202,0.027654,0.056633,-0.050697,0.001151,0.465401
0.382250,-0.478500,0.103719,1,0.227780,0.227780,0.036375,0.061551,-0.058688,0.001151,0.466348
0.382250,-0.435000,0.111010,1,0.235272,0.235272,0.045586,0.063949,-0.066713,0.001151,0.466947
0.382250,-0.391500,0.118953,1,0.242669,0.242669,0.053596,0.066226,-0.074756,0.001151,0.467197
0.382250,-0.348000,0.127002,1,0.249969,0.249969,0.060437,0.069412,-0.082802,0.001151,0.467096
0.382250,-0.304500,0.137028,1,0.257165,0.257165,0.067869,0.073498,-0.090836,0.001151,0.466646
0.382250,-0.261000,0.149005,1,0.264254,0.264254,0.075705,0.078474,-0.098843,0.001151,0.465846
0.382250,-0.217500,0.162905,1,0.271230,0.271230,0.083820,0.081928,-0.106808,0.001151,0.464700
0.382250,-0.174000,0.178697,1,0.278090,0.278090,0.092127,0.084202,-0.114715,0.001151,0.463208
0.382250,-0.130500,0.196346,1,0.284830,0.284830,0.100564,0.087360,-0.122550,0.001151,0.461373
0.382250,-0.087000,0.215814,1,0.291444,0.291444,0.109087,0.091393,-0.130298,0.001151,0.459200
0.382250,-0.043500,0.237060,1,0.297931,0.297931,0.117663,0.096290,-0.137944,0.001151,0.456691
0.382250,0.000000,0.260040,1,0.304285,0.304285,0.126267,0.100447,-0.145474,0.001151,0.453853
0.382250,0.043500,0.284707,1,0.310504,0.310504,0.134879,0.102570,-0.152873,0.001151,0.450690
0.382250,0.087000,0.311011,1,0.316584,0.316584,0.143482,0.105549,-0.160127,0.001151,0.447208
0.382250,0.130500,0.338900,1,0.322521,0.322521,0.152063,0.109374,-0.167223,0.001151,0.443413
0.382250,0.174000,0.368318,1,0.328313,0.328313,0.160611,0.114033,-0.174148,0.001151,0.439314
0.382250,0.217500,0.399208,1,0.333957,0.333957,0.169115,0.118666,-0.180888,0.001151,0.434918
0.382250,0.261000,0.431510,1,0.339448,0.339448,0.177568,0.120473,-0.187430,0.001151,0.430233
0.382250,0.304500,0.465162,1,0.344786,0.344786,0.185960,0.123104,-0.193762,0.001151,0.425267
0.382250,0.348000,0.500098,1,0.349965,0.349965,0.194286,0.126549,-0.199872,0.001151,0.420031
0.382250,0.391500,0.536252,1,0.354985,0.354985,0.202538,0.130795,-0.205749,0.001151,0.414534
0.382250,0.435000,0.573555,1,0.359842,0.359842,0.210711,0.135815,-0.211381,0.001151,0.408787
0.382250,0.478500,0.611937,1,0.364534,0.364534,0.218799,0.137128,-0.216758,0.001151,0.402800
0.382250,0.522000,0.651326,1,0.369058,0.369058,0.226796,0.139232,-0.221870,0.001151,0.396586
0.382250,0.565500,0.691648,1,0.373413,0.373413,0.234697,0.142115,-0.226706,0.001151,0.390154
0.382250,0.609000,0.732827,1,0.377595,0.377595,0.242497,0.145767,-0.231258,0.001151,0.383519
0.382250,0.652500,0.774789,1,0.381603,0.381603,0.250193,0.150177,-0.235518,0.001151,0.376692
0.382250,0.696000,0.817454,1,0.385435,0.385435,0.257778,0.151864,-0.239476,0.001151,0.369686
0.382250,0.739500,0.860745,1,0.389088,0.389088,0.265250,0.153259,-0.243126,0.001151,0.362514
0.382250,0.783000,0.904582,1,0.392562,0.392562,0.272604,0.155402,-0.246461,0.001151,0.355191
0.382250,0.826500,0.948885,1,0.395853,0.395853,0.279835,0.158280,-0.249474,0.001151,0.347730
0.382250,0.870000,0.993575,1,0.398962,0.398962,0.286940,0.161885,-0.252160,0.001151,0.340144
0.382250,0.913500,1.038569,1,0.401885,0.401885,0.293915,0.164152,-0.254513,0.001151,0.332449
0.382250,0.957000,1.083787,1,0.404622,0.404622,0.300756,0.164664,-0.256530,0.001151,0.324659
0.382250,1.000500,1.129148,1,0.407171,0.407171,0.307460,0.165893,-0.258206,0.001151,0.316789
0.382250,1.044000,1.179414,1,0.409530,0.409530,0.314023,0.167828,-0.259538,0.001151,0.308853
0.382250,1.087500,1.244932,1,0.411700,0.411700,0.320442,0.170460,-0.260523,0.001151,0.300866
0.382250,1.131000,1.325976,1,0.413678,0.413678,0.326713,0.173623,-0.261161,0.001151,0.292845
0.382250,1.174500,1.422465,1,0.415464,0.415464,0.332834,0.173091,-0.261449,0.001151,0.284803
0.382250,1.218000,1.534321,1,0.417056,0.417056,0.338801,0.173250,-0.261387,0.001151,0.276757
0.382250,1.261500,1.661465,1,0.418455,0.418455,0.344611,0.174090,-0.260975,0.001151,0.268720
0.382250,1.305000,1.803819,1,0.419658,0.419658,0.350261,0.175603,-0.260214,0.001151,0.260709
0.382250,1.348500,1.961308,1,0.420667,0.420667,0.355749,0.177779,-0.259105,0.001151,0.252739
0.382250,1.392000,inf,0,inf,inf,inf,inf,0.000000,0.000000,0.000000
0.382250,1.435500,inf,0,inf,inf,inf,inf,0.000000,0.000000,0.000000
0.382250,1.479000,inf,0,inf,inf,inf,inf,0.000000,0.000000,0.000000
0.382250,1.522500,inf,0,inf,inf,inf,inf,0.000000,0.000000,0.000000
0.382250,1.566000,inf,0,inf,inf,inf,inf,0.000000,0.000000,0.000000
0.382250,1.609500,inf,0,inf,inf,inf,inf,0.000000,0.000000,0.000000
0.382250,1.653000,inf,0,inf,inf,inf,inf,0.000000,0.000000,0.000000
0.382250,1.696500,inf,0,inf,inf,inf,inf,0.000000,0.000000,0.000000
0.382250,1.740000,inf,0,inf,inf,inf,inf,0.000000,0.000000,0.000000
0.417000,-1.740000,0.739436,1,0.064684,0.064684,0.025015,0.016737,0.096320,0.001151,0.324808
0.417000,-1.696500,0.610405,1,0.061789,0.061789,0.019988,0.014062,0.094177,0.001151,0.332564
0.417000,-1.653000,0.496519,1,0.060188,0.060188,0.009441,0.012324,0.091699,0.001151,0.340220
0.417000,-1.609500,0.400850,1,0.059989,0.059989,0.001399,0.011521,0.088891,0.001151,0.347761
0.417000,-1.566000,0.323400,1,0.061207,0.061207,0.011754,0.011654,0.085757,0.001151,0.355172
0.417000,-1.522500,0.262162,1,0.063757,0.063757,0.017232,0.012720,0.082303,0.001151,0.362440
0.417000,-1.479000,0.217163,1,0.067485,0.067485,0.021936,0.014719,0.078537,0.001151,0.369552
0.417000,-1.435500,0.190541,1,0.072201,0.072201,0.030080,0.015075,0.074466,0.001151,0.376492
0.417000,-1.392000,0.178500,1,0.077719,0.077719,0.034470,0.014513,0.070096,0.001151,0.383249
0.417000,-1.348500,0.176362,1,0.083870,0.083870,0.040560,0.014901,0.065436,0.001151,0.389810
0.417000,-1.305000,0.172909,1,0.090515,0.090515,0.043988,0.016235,0.060496,0.001151,0.396162
0.417000,-1.261500,0.170440,1,0.097543,0.097543,0.047835,0.018514,0.055284,0.001151,0.402293
0.417000,-1.218000,0.166635,1,0.104864,0.104864,0.049728,0.021732,0.049811,0.001151,0.408191
0.417000,-1.174500,0.161504,1,0.112409,0.112409,0.049901,0.021855,0.044086,0.001151,0.413846
0.417000,-1.131000,0.155878,1,0.120122,0.120122,0.049231,0.022531,0.038121,0.001151,0.419247
0.417000,-1.087500,0.149856,1,0.127960,0.127960,0.047786,0.024159,0.031926,0.001151,0.424383
0.417000,-1.044000,0.141569,1,0.135887,0.135887,0.043396,0.026734,0.025514,0.001151,0.429245
0.417000,-1.000500,0.134303,1,0.143876,0.143876,0.039394,0.030252,0.018896,0.001151,0.433823
0.417000,-0.957000,0.126529,1,0.151903,0.151903,0.033716,0.033047,0.012086,0.001151,0.438109
0.417000,-0.913500,0.120042,1,0.159947,0.159947,0.028601,0.034005,0.005096,0.001151,0.442095
0.417000,-0.870000,0.113221,1,0.167993,0.167993,0.020834,0.035912,-0.002061,0.001151,0.445774
0.417000,-0.826500,0.109110,1,0.176025,0.176025,0.017017,0.038762,-0.009371,0.001151,0.449137
0.417000,-0.783000,0.104858,1,0.184032,0.184032,0.010006,0.042548,-0.016821,0.001151,0.452180
0.417000,-0.739500,0.101812,1,0.192002,0.192002,0.000981,0.047264,-0.024395,0.001151,0.454896
0.417000,-0.696000,0.101297,1,0.199925,0.199925,0.011189,0.048633,-0.032081,0.001151,0.457279
0.417000,-0.652500,0.103306,1,0.207794,0.207794,0.021738,0.050764,-0.039863,0.001151,0.459327
0.417000,-0.609000,0.104102,1,0.215599,0.215599,0.025886,0.053826,-0.047727,0.001151,0.461034
0.417000,-0.565500,0.107061,1,0.223333,0.223333,0.032495,0.057812,-0.055657,0.001151,0.462397
0.417000,-0.522000,0.112323,1,0.230990,0.230990,0.040555,0.062712,-0.063640,0.001151,0.463414
0.417000,-0.478500,0.119869,1,0.238563,0.238563,0.049350,0.065613,-0.071659,0.001151,0.464083
0.417000,-0.435000,0.129679,1,0.246047,0.246047,0.058536,0.067877,-0.079699,0.001151,0.464403
0.417000,-0.391500,0.138840,1,0.253435,0.253435,0.065782,0.071054,-0.087746,0.001151,0.464373
0.417000,-0.348000,0.149168,1,0.260722,0.260722,0.072940,0.075133,-0.095784,0.001151,0.463993
0.417000,-0.304500,0.161497,1,0.267904,0.267904,0.080556,0.080106,-0.103798,0.001151,0.463264
0.417000,-0.261000,0.175796,1,0.274976,0.274976,0.088501,0.084079,-0.111772,0.001151,0.462187
0.417000,-0.217500,0.192033,1,0.281932,0.281932,0.096679,0.086352,-0.119692,0.001151,0.460764
0.417000,-0.174000,0.210173,1,0.288770,0.288770,0.105022,0.089513,-0.127543,0.001151,0.458998
0.417000,-0.130500,0.230176,1,0.295483,0.295483,0.113481,0.093551,-0.135309,0.001151,0.456892
0.417000,-0.087000,0.251999,1,0.302069,0.302069,0.122017,0.098456,-0.142977,0.001151,0.454451
0.417000,-0.043500,0.275598,1,0.308524,0.308524,0.130599,0.103143,-0.150531,0.001151,0.451679
0.417000,0.000000,0.300924,1,0.314843,0.314843,0.139206,0.105275,-0.157958,0.001151,0.448580
0.417000,0.043500,0.327925,1,0.321023,0.321023,0.147817,0.108265,-0.165242,0.001151,0.445162
0.417000,0.087000,0.356547,1,0.327061,0.327061,0.156418,0.112101,-0.172371,0.001151,0.441430
0.417000,0.130500,0.386733,1,0.332953,0.332953,0.164994,0.116773,-0.179332,0.001151,0.437391
0.417000,0.174000,0.418424,1,0.338697,0.338697,0.173534,0.121945,-0.186109,0.001151,0.433054
0.417000,0.217500,0.451558,1,0.344288,0.344288,0.182029,0.123764,-0.192692,0.001151,0.428426
0.417000,0.261000,0.486070,1,0.349724,0.349724,0.190469,0.126409,-0.199068,0.001151,0.423516
0.417000,0.304500,0.521894,1,0.355001,0.355001,0.198846,0.129867,-0.205224,0.001151,0.418334
0.417000,0.348000,0.558961,1,0.360118,0.360118,0.207154,0.134127,-0.211148,0.001151,0.412889
0.417000,0.391500,0.597200,1,0.365072,0.365072,0.215385,0.139178,-0.216831,0.001151,0.407191
0.417000,0.435000,0.636539,1,0.369859,0.369859,0.223533,0.141012,-0.222260,0.001151,0.401252
0.417000,0.478500,0.676904,1,0.374477,0.374477,0.231592,0.143127,-0.227425,0.001151,0.395082
0.417000,0.522000,0.718218,1,0.378924,0.378924,0.239557,0.146021,-0.232318,0.001151,0.388693
0.417000,0.565500,0.760404,1,0.383198,0.383198,0.247423,0.149683,-0.236928,0.001151,0.382098
0.417000,0.609000,0.803383,1,0.387295,0.387295,0.255184,0.154103,-0.241247,0.001151,0.375308
0.417000,0.652500,0.847076,1,0.391216,0.391216,0.262835,0.156323,-0.245267,0.001151,0.368337
0.417000,0.696000,0.891403,1,0.394956,0.394956,0.270373,0.157722,-0.248979,0.001151,0.361198
0.417000,0.739500,0.936280,1,0.398514,0.398514,0.277793,0.159867,-0.252378,0.001151,0.353904
0.417000,0.783000,0.981627,1,0.401889,0.401889,0.285090,0.162747,-0.255456,0.001151,0.346469
0.417000,0.826500,1.027360,1,0.405079,0.405079,0.292260,0.166351,-0.258208,0.001151,0.338908
0.417000,0.870000,1.073396,1,0.408082,0.408082,0.299300,0.169145,-0.260629,0.001151,0.331234
0.417000,0.913500,1.119651,1,0.410896,0.410896,0.306205,0.169649,-0.262713,0.001151,0.323461
0.417000,0.957000,1.166043,1,0.413521,0.413521,0.312972,0.170867,-0.264458,0.001151,0.315606
0.417000,1.000500,1.215172,1,0.415954,0.415954,0.319597,0.172791,-0.265859,0.001151,0.307682
0.417000,1.044000,1.278558,1,0.418195,0.418195,0.326077,0.175409,-0.266915,0.001151,0.299705
0.417000,1.087500,1.357457,1,0.420242,0.420242,0.332408,0.178711,-0.267623,0.001151,0.291689
0.417000,1.131000,1.451785,1,0.422095,0.422095,0.338587,0.178530,-0.267981,0.001151,0.283650
0.417000,1.174500,1.561461,1,0.423753,0.423753,0.344611,0.178662,-0.267989,0.001151,0.275603
0.417000,1.218000,1.686406,1,0.425214,0.425214,0.350476,0.179473,-0.267648,0.001151,0.267564
0.417000,1.261500,1.826539,1,0.426478,0.426478,0.356180,0.180954,-0.266957,0.001151,0.259546
0.417000,1.305000,1.981782,1,0.427544,0.427544,0.361719,0.183095,-0.265918,0.001151,0.251567
0.417000,1.348500,inf,0,inf,inf,inf,inf,0.000000,0.000000,0.000000
0.417000,1.392000,inf,0,inf,inf,inf,inf,0.000000,0.000000,0.000000
0.417000,1.435500,inf,0,inf,inf,inf,inf,0.000000,0.000000,0.000000
0.417000,1.479000,inf,0,inf,inf,inf,inf,0.000000,0.000000,0.000000
0.417000,1.522500,inf,0,inf,inf,inf,inf,0.000000,0.000000,0.000000
0.417000,1.566000,inf,0,inf,inf,inf,inf,0.000000,0.000000,0.000000
0.417000,1.609500,inf,0,inf,inf,inf,inf,0.000000,0.000000,0.000000
0.417000,1.653000,inf,0,inf,inf,inf,inf,0.000000,0.000000,0.000000
0.417000,1.696500,inf,0,inf,inf,inf,inf,0.000000,0.000000,0.000000
0.417000,1.740000,inf,0,inf,inf,inf,inf,0.000000,0.000000,0.000000
0.451750,-1.740000,0.738399,1,0.069305,0.069305,0.021170,0.015223,0.088174,0.001151,0.328014
0.451750,-1.696500,0.608653,1,0.067518,0.067518,0.011757,0.013348,0.085763,0.001151,0.335691
0.451750,-1.653000,0.497191,1,0.067010,0.067010,0.007591,0.012415,0.083020,0.001151,0.343256
0.451750,-1.609500,0.403609,1,0.067812,0.067812,0.012881,0.012421,0.079951,0.001151,0.350695
0.451750,-1.566000,0.324460,1,0.069878,0.069878,0.010887,0.013366,0.076562,0.001151,0.357993
0.451750,-1.522500,0.263763,1,0.073095,0.073095,0.017815,0.015248,0.072858,0.001151,0.365137
0.451750,-1.479000,0.220068,1,0.077316,0.077316,0.024847,0.016005,0.068847,0.001151,0.372113
0.451750,-1.435500,0.191562,1,0.082378,0.082378,0.028942,0.015334,0.064537,0.001151,0.378908
0.451750,-1.392000,0.180749,1,0.088128,0.088128,0.035051,0.015618,0.059935,0.001151,0.385509
0.451750,-1.348500,0.176385,1,0.094431,0.094431,0.038041,0.016853,0.055050,0.001151,0.391904
0.451750,-1.305000,0.172721,1,0.101173,0.101173,0.041231,0.019038,0.049892,0.001151,0.398080
0.451750,-1.261500,0.168887,1,0.108259,0.108259,0.043593,0.022167,0.044470,0.001151,0.404026
0.451750,-1.218000,0.163124,1,0.115616,0.115616,0.043274,0.022719,0.038795,0.001151,0.409731
0.451750,-1.174500,0.157521,1,0.123181,0.123181,0.042733,0.023313,0.032877,0.001151,0.415183
0.451750,-1.131000,0.151397,1,0.130906,0.130906,0.041144,0.024865,0.026728,0.001151,0.420373
0.451750,-1.087500,0.143709,1,0.138750,0.138750,0.037000,0.027370,0.020359,0.001151,0.425291
0.451750,-1.044000,0.137669,1,0.146681,0.146681,0.034297,0.030822,0.013782,0.001151,0.429927
0.451750,-1.000500,0.129727,1,0.154671,0.154671,0.027568,0.034070,0.007009,0.001151,0.434273
0.451750,-0.957000,0.124708,1,0.162698,0.162698,0.024558,0.034969,0.000054,0.001151,0.438320
0.451750,-0.913500,0.118013,1,0.170743,0.170743,0.015691,0.036822,-0.007070,0.001151,0.442061
0.451750,-0.870000,0.113818,1,0.178788,0.178788,0.010362,0.039622,-0.014351,0.001151,0.445489
0.451750,-0.826500,0.111741,1,0.186820,0.186820,0.012208,0.043365,-0.021773,0.001151,0.448596
0.451750,-0.783000,0.108627,1,0.194826,0.194826,0.007492,0.048041,-0.029324,0.001151,0.451378
0.451750,-0.739500,0.108109,1,0.202795,0.202795,0.013881,0.049888,-0.036989,0.001151,0.453829
0.451750,-0.696000,0.110180,1,0.210716,0.210716,0.023631,0.051985,-0.044753,0.001151,0.455944
0.451750,-0.652500,0.113497,1,0.218581,0.218581,0.031934,0.055019,-0.052601,0.001151,0.457720
0.451750,-0.609000,0.116529,1,0.226382,0.226382,0.037740,0.058979,-0.060519,0.001151,0.459153
0.451750,-0.565500,0.121924,1,0.234110,0.234110,0.045136,0.063859,-0.068492,0.001151,0.460240
0.451750,-0.522000,0.129662,1,0.241760,0.241760,0.053456,0.067259,-0.076505,0.001151,0.460979
0.451750,-0.478500,0.139721,1,0.249323,0.249323,0.062319,0.069507,-0.084543,0.001151,0.461369
0.451750,-0.435000,0.151662,1,0.256795,0.256795,0.071220,0.072672,-0.092589,0.001151,0.461409
0.451750,-0.391500,0.162238,1,0.264170,0.264170,0.078099,0.076743,-0.100630,0.001151,0.461100
0.451750,-0.348000,0.174864,1,0.271442,0.271442,0.085484,0.081711,-0.108650,0.001151,0.460441
0.451750,-0.304500,0.189511,1,0.278605,0.278605,0.093242,0.086200,-0.116634,0.001151,0.459433
0.451750,-0.261000,0.206145,1,0.285656,0.285656,0.101275,0.088472,-0.124566,0.001151,0.458080
0.451750,-0.217500,0.224728,1,0.292588,0.292588,0.109508,0.091634,-0.132432,0.001151,0.456383
0.451750,-0.174000,0.245221,1,0.299399,0.299399,0.117887,0.095676,-0.140216,0.001151,0.454345
0.451750,-0.130500,0.267579,1,0.306083,0.306083,0.126367,0.100587,-0.147905,0.001151,0.451971
0.451750,-0.087000,0.291757,1,0.312636,0.312636,0.134916,0.105805,-0.155483,0.001151,0.449265
0.451750,-0.043500,0.317703,1,0.319055,0.319055,0.143505,0.107945,-0.162937,0.001151,0.446231
0.451750,0.000000,0.345365,1,0.325335,0.325335,0.152114,0.110944,-0.170251,0.001151,0.442877
0.451750,0.043500,0.374687,1,0.331474,0.331474,0.160725,0.114793,-0.177412,0.001151,0.439208
0.451750,0.087000,0.405611,1,0.337466,0.337466,0.169321,0.119479,-0.184408,0.001151,0.435230
0.451750,0.130500,0.438076,1,0.343310,0.343310,0.177890,0.124991,-0.191223,0.001151,0.430952
0.451750,0.174000,0.472016,1,0.349001,0.349001,0.186421,0.127021,-0.197846,0.001151,0.426382
0.451750,0.217500,0.507368,1,0.354536,0.354536,0.194903,0.129680,-0.204264,0.001151,0.421528
0.451750,0.261000,0.544060,1,0.359913,0.359913,0.203328,0.133153,-0.210465,0.001151,0.416400
0.451750,0.304500,0.582024,1,0.365129,0.365129,0.211687,0.137429,-0.216438,0.001151,0.411007
0.451750,0.348000,0.621186,1,0.370180,0.370180,0.219974,0.142497,-0.222169,0.001151,0.405359
0.451750,0.391500,0.661471,1,0.375064,0.375064,0.228180,0.144870,-0.227650,0.001151,0.399468
0.451750,0.435000,0.702803,1,0.379778,0.379778,0.236300,0.146998,-0.232870,0.001151,0.393343
0.451750,0.478500,0.745105,1,0.384320,0.384320,0.244328,0.149905,-0.237818,0.001151,0.386998
0.451750,0.522000,0.788295,1,0.388687,0.388687,0.252258,0.153581,-0.242486,0.001151,0.380443
0.451750,0.565500,0.832294,1,0.392877,0.392877,0.260084,0.158013,-0.246864,0.001151,0.373691
0.451750,0.609000,0.877020,1,0.396888,0.396888,0.267802,0.160771,-0.250944,0.001151,0.366756
0.451750,0.652500,0.922388,1,0.400718,0.400718,0.275407,0.162177,-0.254719,0.001151,0.359649
0.451750,0.696000,0.968316,1,0.404365,0.404365,0.282894,0.164328,-0.258182,0.001151,0.352385
0.451750,0.739500,1.014719,1,0.407826,0.407826,0.290259,0.167213,-0.261325,0.001151,0.344978
0.451750,0.783000,1.061512,1,0.411101,0.411101,0.297496,0.170821,-0.264143,0.001151,0.337440
0.451750,0.826500,1.108608,1,0.414187,0.414187,0.304603,0.174146,-0.266631,0.001151,0.329788
0.451750,0.870000,1.155923,1,0.417082,0.417082,0.311574,0.174645,-0.268783,0.001151,0.322034
0.451750,0.913500,1.203370,1,0.419786,0.419786,0.318407,0.175858,-0.270597,0.001151,0.314194
0.451750,0.957000,1.252022,1,0.422297,0.422297,0.325097,0.177774,-0.272067,0.001151,0.306283
0.451750,1.000500,1.313306,1,0.424614,0.424614,0.331641,0.180382,-0.273192,0.001151,0.298315
0.451750,1.044000,1.390091,1,0.426735,0.426735,0.338035,0.183673,-0.273970,0.001151,0.290306
0.451750,1.087500,1.482293,1,0.428659,0.428659,0.344276,0.184005,-0.274399,0.001151,0.282270
0.451750,1.131000,1.589828,1,0.430386,0.430386,0.350360,0.184116,-0.274478,0.001151,0.274224
0.451750,1.174500,1.712613,1,0.431914,0.431914,0.356284,0.184902,-0.274206,0.001151,0.266182
0.451750,1.218000,1.850567,1,0.433243,0.433243,0.362046,0.186356,-0.273586,0.001151,0.258159
0.451750,1.261500,2.003609,1,0.434372,0.434372,0.367641,0.188468,-0.272617,0.001151,0.250170
0.451750,1.305000,inf,0,inf,inf,inf,inf,0.000000,0.000000,0.000000
0.451750,1.348500,inf,0,inf,inf,inf,inf,0.000000,0.000000,0.000000
0.451750,1.392000,inf,0,inf,inf,inf,inf,0.000000,0.000000,0.000000
0.451750,1.435500,inf,0,inf,inf,inf,inf,0.000000,0.000000,0.000000
0.451750,1.479000,inf,0,inf,inf,inf,inf,0.000000,0.000000,0.000000
0.451750,1.522500,inf,0,inf,inf,inf,inf,0.000000,0.000000,0.000000
0.451750,1.566000,inf,0,inf,inf,inf,inf,0.000000,0.000000,0.000000
0.451750,1.609500,inf,0,inf,inf,inf,inf,0.000000,0.000000,0.000000
0.451750,1.653000,inf,0,inf,inf,inf,inf,0.000000,0.000000,0.000000
0.451750,1.696500,inf,0,inf,inf,inf,inf,0.000000,0.000000,0.000000
0.451750,1.740000,inf,0,inf,inf,inf,inf,0.000000,0.000000,0.000000
0.486500,-1.740000,0.737815,1,0.074898,0.074898,0.016885,0.014491,0.079921,0.001151,0.330935
0.486500,-1.696500,0.610480,1,0.074102,0.074102,0.014270,0.013421,0.077244,0.001151,0.338523
0.486500,-1.653000,0.498644,1,0.074524,0.074524,0.008517,0.013295,0.074241,0.001151,0.345989
0.486500,-1.609500,0.403642,1,0.076144,0.076144,0.005029,0.014113,0.070915,0.001151,0.353316
0.486500,-1.566000,0.327164,1,0.078884,0.078884,0.015196,0.015872,0.067274,0.001151,0.360492
0.486500,-1.522500,0.265642,1,0.082628,0.082628,0.018243,0.017025,0.063324,0.001151,0.367503
0.486500,-1.479000,0.221372,1,0.087241,0.087241,0.023674,0.016238,0.059073,0.001151,0.374335
0.486500,-1.435500,0.193255,1,0.092585,0.092585,0.028361,0.016412,0.054530,0.001151,0.380977
0.486500,-1.392000,0.180950,1,0.098531,0.098531,0.032100,0.017543,0.049701,0.001151,0.387414
0.486500,-1.348500,0.176162,1,0.104968,0.104968,0.034507,0.019628,0.044597,0.001151,0.393635
0.486500,-1.305000,0.172205,1,0.111799,0.111799,0.037391,0.022664,0.039228,0.001151,0.399628
0.486500,-1.261500,0.165898,1,0.118945,0.118945,0.036533,0.023637,0.033603,0.001151,0.405383
0.486500,-1.218000,0.160416,1,0.126340,0.126340,0.036309,0.024145,0.027733,0.001151,0.410887
0.486500,-1.174500,0.154095,1,0.133930,0.133930,0.034396,0.025615,0.021629,0.001151,0.416131
0.486500,-1.131000,0.147107,1,0.141670,0.141670,0.030765,0.028044,0.015303,0.001151,0.421104
0.486500,-1.087500,0.141274,1,0.149524,0.149524,0.028124,0.031425,0.008767,0.001151,0.425797
0.486500,-1.044000,0.134196,1,0.157461,0.157461,0.021842,0.035121,0.002033,0.001151,0.430202
0.486500,-1.000500,0.128994,1,0.165455,0.165455,0.017816,0.035955,-0.004887,0.001151,0.434310
0.486500,-0.957000,0.124088,1,0.173483,0.173483,0.012429,0.037749,-0.011978,0.001151,0.438113
0.486500,-0.913500,0.119724,1,0.181528,0.181528,0.003648,0.040496,-0.019228,0.001151,0.441604
0.486500,-0.870000,0.118208,1,0.189573,0.189573,0.011183,0.044190,-0.026623,0.001151,0.444777
0.486500,-0.826500,0.116657,1,0.197604,0.197604,0.014214,0.048822,-0.034150,0.001151,0.447624
0.486500,-0.783000,0.116059,1,0.205607,0.205607,0.018536,0.051143,-0.041792,0.001151,0.450142
0.486500,-0.739500,0.118116,1,0.213573,0.213573,0.026843,0.053202,-0.049537,0.001151,0.452325
0.486500,-0.696000,0.122814,1,0.221490,0.221490,0.036499,0.056203,-0.057370,0.001151,0.454170
0.486500,-0.652500,0.127087,1,0.229349,0.229349,0.043272,0.060135,-0.065275,0.001151,0.455672
0.486500,-0.609000,0.132546,1,0.237142,0.237142,0.050032,0.064991,-0.073239,0.001151,0.456828
0.486500,-0.565500,0.140409,1,0.244862,0.244862,0.057852,0.068886,-0.081245,0.001151,0.457638
0.486500,-0.522000,0.150653,1,0.252500,0.252500,0.066346,0.071116,-0.089279,0.001151,0.458098
0.486500,-0.478500,0.163250,1,0.260052,0.260052,0.075273,0.074265,-0.097325,0.001151,0.458209
0.486500,-0.435000,0.176248,1,0.267509,0.267509,0.083338,0.078326,-0.105368,0.001151,0.457970
0.486500,-0.391500,0.189117,1,0.274866,0.274866,0.090481,0.083286,-0.113393,0.001151,0.457381
0.486500,-0.348000,0.204058,1,0.282118,0.282118,0.098040,0.088290,-0.121385,0.001151,0.456443
0.486500,-0.304500,0.221037,1,0.289260,0.289260,0.105913,0.090557,-0.129329,0.001151,0.455159
0.486500,-0.261000,0.240014,1,0.296285,0.296285,0.114022,0.093719,-0.137209,0.001151,0.453531
0.486500,-0.217500,0.260950,1,0.303191,0.303191,0.122305,0.097764,-0.145012,0.001151,0.451562
0.486500,-0.174000,0.283798,1,0.309971,0.309971,0.130717,0.102681,-0.152721,0.001151,0.449255
0.486500,-0.130500,0.308511,1,0.316622,0.316622,0.139218,0.108428,-0.160322,0.001151,0.446615
0.486500,-0.087000,0.335037,1,0.323139,0.323139,0.147779,0.110574,-0.167802,0.001151,0.443647
0.486500,-0.043500,0.363323,1,0.329519,0.329519,0.156375,0.113583,-0.175145,0.001151,0.440357
0.486500,0.000000,0.393310,1,0.335757,0.335757,0.164986,0.117444,-0.182339,0.001151,0.436750
0.486500,0.043500,0.424939,1,0.341849,0.341849,0.173594,0.122144,-0.189368,0.001151,0.432834
0.486500,0.087000,0.458146,1,0.347793,0.347793,0.182185,0.127672,-0.196221,0.001151,0.428616
0.486500,0.130500,0.492866,1,0.353585,0.353585,0.190745,0.130239,-0.202884,0.001151,0.424104
0.486500,0.174000,0.529031,1,0.359220,0.359220,0.199264,0.132912,-0.209344,0.001151,0.419307
0.486500,0.217500,0.566570,1,0.364697,0.364697,0.207732,0.136402,-0.215590,0.001151,0.414233
0.486500,0.261000,0.605411,1,0.370012,0.370012,0.216139,0.140695,-0.221609,0.001151,0.408892
0.486500,0.304500,0.645479,1,0.375162,0.375162,0.224478,0.145782,-0.227390,0.001151,0.403295
0.486500,0.348000,0.686697,1,0.380145,0.380145,0.232740,0.148697,-0.232922,0.001151,0.397451
0.486500,0.391500,0.728986,1,0.384956,0.384956,0.240918,0.150839,-0.238195,0.001151,0.391373
0.486500,0.435000,0.772267,1,0.389595,0.389595,0.249008,0.153761,-0.243199,0.001151,0.385071
0.486500,0.478500,0.816457,1,0.394058,0.394058,0.257001,0.157452,-0.247924,0.001151,0.378557
0.486500,0.522000,0.861474,1,0.398343,0.398343,0.264892,0.161900,-0.252361,0.001151,0.371844
0.486500,0.565500,0.907233,1,0.402448,0.402448,0.272677,0.165200,-0.256502,0.001151,0.364944
0.486500,0.609000,0.953648,1,0.406370,0.406370,0.280349,0.166615,-0.260339,0.001151,0.357871
0.486500,0.652500,1.000634,1,0.410107,0.410107,0.287903,0.168775,-0.263865,0.001151,0.350638
0.486500,0.696000,1.048103,1,0.413658,0.413658,0.295336,0.171669,-0.267072,0.001151,0.343258
0.486500,0.739500,1.095968,1,0.417021,0.417021,0.302642,0.175285,-0.269956,0.001151,0.335746
0.486500,0.783000,1.144140,1,0.420193,0.420193,0.309818,0.179147,-0.272511,0.001151,0.328115
0.486500,0.826500,1.192532,1,0.423174,0.423174,0.316858,0.179645,-0.274731,0.001151,0.320381
0.486500,0.870000,1.241056,1,0.425961,0.425961,0.323758,0.180856,-0.276613,0.001151,0.312557
0.486500,0.913500,1.289888,1,0.428553,0.428553,0.330516,0.182769,-0.278153,0.001151,0.304659
0.486500,0.957000,1.349096,1,0.430949,0.430949,0.337126,0.185373,-0.279348,0.001151,0.296701
0.486500,1.000500,1.423798,1,0.433147,0.433147,0.343586,0.188656,-0.280196,0.001151,0.288699
0.486500,1.044000,1.513906,1,0.435147,0.435147,0.349892,0.189508,-0.280694,0.001151,0.280668
0.486500,1.087500,1.619335,1,0.436947,0.436947,0.356040,0.189601,-0.280844,0.001151,0.272622
0.486500,1.131000,1.739998,1,0.438547,0.438547,0.362027,0.190369,-0.280643,0.001151,0.264578
0.486500,1.174500,1.875813,1,0.439945,0.439945,0.367850,0.191801,-0.280093,0.001151,0.256550
0.486500,1.218000,2.026697,1,0.441141,0.441141,0.373506,0.193888,-0.279194,0.001151,0.248553
0.486500,1.261500,inf,0,inf,inf,inf,inf,0.000000,0.000000,0.000000
0.486500,1.305000,inf,0,inf,inf,inf,inf,0.000000,0.000000,0.000000
0.486500,1.348500,inf,0,inf,inf,inf,inf,0.000000,0.000000,0.000000
0.486500,1.392000,inf,0,inf,inf,inf,inf,0.000000,0.000000,0.000000
0.486500,1.435500,inf,0,inf,inf,inf,inf,0.000000,0.000000,0.000000
0.486500,1.479000,inf,0,inf,inf,inf,inf,0.000000,0.000000,0.000000
0.486500,1.522500,inf,0,inf,inf,inf,inf,0.000000,0.000000,0.000000
0.486500,1.566000,inf,0,inf,inf,inf,inf,0.000000,0.000000,0.000000
0.486500,1.609500,inf,0,inf,inf,inf,inf,0.000000,0.000000,0.000000
0.486500,1.653000,inf,0,inf,inf,inf,inf,0.000000,0.000000,0.000000
0.486500,1.696500,inf,0,inf,inf,inf,inf,0.000000,0.000000,0.000000
0.486500,1.740000,inf,0,inf,inf,inf,inf,0.000000,0.000000,0.000000
0.521250,-1.740000,0.740230,1,0.081257,0.081257,0.019779,0.014541,0.071571,0.001151,0.333567
0.521250,-1.696500,0.610692,1,0.081327,0.081327,0.008746,0.014278,0.068633,0.001151,0.341058
0.521250,-1.653000,0.499750,1,0.082533,0.082533,0.004616,0.014963,0.065371,0.001151,0.348415
0.521250,-1.609500,0.406962,1,0.084825,0.084825,0.013471,0.016595,0.061793,0.001151,0.355622
0.521250,-1.566000,0.328101,1,0.088113,0.088113,0.011593,0.018136,0.057905,0.001151,0.362667
0.521250,-1.522500,0.267975,1,0.092286,0.092286,0.019002,0.017228,0.053714,0.001151,0.369537
0.521250,-1.479000,0.222616,1,0.097222,0.097222,0.021555,0.017286,0.049229,0.001151,0.376217
0.521250,-1.435500,0.194463,1,0.102803,0.102803,0.026257,0.018306,0.044457,0.001151,0.382697
0.521250,-1.392000,0.180817,1,0.108920,0.108920,0.027667,0.020286,0.039408,0.001151,0.388962
0.521250,-1.348500,0.176642,1,0.115477,0.115477,0.031160,0.023222,0.034091,0.001151,0.395002
0.521250,-1.305000,0.169879,1,0.122392,0.122392,0.029686,0.024611,0.028516,0.001151,0.400806
0.521250,-1.261500,0.164615,1,0.129596,0.129596,0.030092,0.025026,0.022695,0.001151,0.406361
0.521250,-1.218000,0.158001,1,0.137031,0.137031,0.027554,0.026410,0.016637,0.001151,0.411658
0.521250,-1.174500,0.151817,1,0.144648,0.144648,0.024912,0.028757,0.010355,0.001151,0.416686
0.521250,-1.131000,0.145698,1,0.152407,0.152407,0.021299,0.032062,0.003860,0.001151,0.421437
0.521250,-1.087500,0.139983,1,0.160273,0.160273,0.017109,0.036200,-0.002836,0.001151,0.425900
0.521250,-1.044000,0.134507,1,0.168218,0.168218,0.011035,0.036965,-0.009719,0.001151,0.430069
0.521250,-1.000500,0.131488,1,0.176217,0.176217,0.012770,0.038695,-0.016777,0.001151,0.433934
0.521250,-0.957000,0.126870,1,0.184248,0.184248,0.003389,0.041383,-0.023996,0.001151,0.437488
0.521250,-0.913500,0.125172,1,0.192294,0.192294,0.010934,0.045024,-0.031363,0.001151,0.440725
0.521250,-0.870000,0.125937,1,0.200338,0.200338,0.021029,0.049608,-0.038864,0.001151,0.443639
0.521250,-0.826500,0.125180,1,0.208366,0.208366,0.024111,0.052397,-0.046484,0.001151,0.446223
0.521250,-0.783000,0.127145,1,0.216366,0.216366,0.031018,0.054415,-0.054210,0.001151,0.448474
0.521250,-0.739500,0.131819,1,0.224326,0.224326,0.039798,0.057378,-0.062026,0.001151,0.450387
0.521250,-0.696000,0.138760,1,0.232236,0.232236,0.049021,0.061278,-0.069918,0.001151,0.451958
0.521250,-0.652500,0.144215,1,0.240088,0.240088,0.055181,0.066107,-0.077871,0.001151,0.453184
0.521250,-0.609000,0.152134,1,0.247871,0.247871,0.062494,0.070494,-0.085870,0.001151,0.454064
0.521250,-0.565500,0.162496,1,0.255579,0.255579,0.070591,0.072701,-0.093899,0.001151,0.454594
0.521250,-0.522000,0.175271,1,0.263204,0.263204,0.079218,0.075832,-0.101944,0.001151,0.454775
0.521250,-0.478500,0.190428,1,0.270739,0.270739,0.088207,0.079879,-0.109989,0.001151,0.454606
0.521250,-0.435000,0.204266,1,0.278178,0.278178,0.095544,0.084830,-0.118019,0.001151,0.454088
0.521250,-0.391500,0.219446,1,0.285515,0.285515,0.102892,0.090346,-0.126019,0.001151,0.453220
0.521250,-0.348000,0.236716,1,0.292745,0.292745,0.110592,0.092607,-0.133974,0.001151,0.452006
0.521250,-0.304500,0.256036,1,0.299861,0.299861,0.118562,0.095765,-0.141868,0.001151,0.450447
0.521250,-0.261000,0.277365,1,0.306858,0.306858,0.126737,0.099811,-0.149687,0.001151,0.448546
0.521250,-0.217500,0.300655,1,0.313733,0.313733,0.135065,0.104732,-0.157416,0.001151,0.446306
0.521250,-0.174000,0.325859,1,0.320480,0.320480,0.143507,0.110518,-0.165041,0.001151,0.443733
0.521250,-0.130500,0.352922,1,0.327094,0.327094,0.152028,0.113161,-0.172546,0.001151,0.440831
0.521250,-0.087000,0.381790,1,0.333572,0.333572,0.160601,0.116178,-0.179918,0.001151,0.437605
0.521250,-0.043500,0.412404,1,0.339909,0.339909,0.169203,0.120050,-0.187142,0.001151,0.434061
0.521250,0.000000,0.444701,1,0.346101,0.346101,0.177814,0.124764,-0.194206,0.001151,0.430207
0.521250,0.043500,0.478618,1,0.352145,0.352145,0.186419,0.130308,-0.201096,0.001151,0.426049
0.521250,0.087000,0.514086,1,0.358037,0.358037,0.195003,0.133414,-0.207798,0.001151,0.421596
0.521250,0.130500,0.551037,1,0.363774,0.363774,0.203553,0.136102,-0.214300,0.001151,0.416855
0.521250,0.174000,0.589398,1,0.369351,0.369351,0.212059,0.139608,-0.220590,0.001151,0.411836
0.521250,0.217500,0.629094,1,0.374766,0.374766,0.220509,0.143920,-0.226655,0.001151,0.406548
0.521250,0.261000,0.670048,1,0.380016,0.380016,0.228896,0.149025,-0.232485,0.001151,0.401001
0.521250,0.304500,0.712182,1,0.385098,0.385098,0.237211,0.152486,-0.238068,0.001151,0.395207
0.521250,0.348000,0.755415,1,0.390009,0.390009,0.245446,0.154644,-0.243394,0.001151,0.389174
0.521250,0.391500,0.799665,1,0.394746,0.394746,0.253594,0.157583,-0.248453,0.001151,0.382916
0.521250,0.435000,0.844847,1,0.399307,0.399307,0.261650,0.161291,-0.253234,0.001151,0.376444
0.521250,0.478500,0.890876,1,0.403688,0.403688,0.269605,0.165757,-0.257730,0.001151,0.369770
0.521250,0.522000,0.937666,1,0.407889,0.407889,0.277455,0.169604,-0.261931,0.001151,0.362907
0.521250,0.565500,0.985129,1,0.411906,0.411906,0.285194,0.171031,-0.265830,0.001151,0.355868
0.521250,0.609000,1.033176,1,0.415737,0.415737,0.292817,0.173202,-0.269419,0.001151,0.348666
0.521250,0.652500,1.081718,1,0.419380,0.419380,0.300319,0.176108,-0.272691,0.001151,0.341314
0.521250,0.696000,1.130665,1,0.422833,0.422833,0.307695,0.179734,-0.275641,0.001151,0.333827
0.521250,0.739500,1.179927,1,0.426095,0.426095,0.314940,0.184071,-0.278262,0.001151,0.326219
0.521250,0.783000,1.229413,1,0.429163,0.429163,0.322050,0.184641,-0.280550,0.001151,0.318505
0.521250,0.826500,1.279032,1,0.432036,0.432036,0.329021,0.185854,-0.282500,0.001151,0.310698
0.521250,0.870000,1.328694,1,0.434713,0.434713,0.335848,0.187767,-0.284109,0.001151,0.302813
0.521250,0.913500,1.385854,1,0.437192,0.437192,0.342528,0.190370,-0.285373,0.001151,0.294866
0.521250,0.957000,1.458500,1,0.439472,0.439472,0.349056,0.193651,-0.286291,0.001151,0.286872
0.521250,1.000500,1.546544,1,0.441551,0.441551,0.355430,0.195030,-0.286860,0.001151,0.278845
0.521250,1.044000,1.649898,1,0.443429,0.443429,0.361645,0.195110,-0.287080,0.001151,0.270802
0.521250,1.087500,1.768475,1,0.445104,0.445104,0.367698,0.195863,-0.286949,0.001151,0.262756
0.521250,1.131000,1.902188,1,0.446576,0.446576,0.373586,0.197278,-0.286469,0.001151,0.254723
0.521250,1.174500,2.050952,1,0.447844,0.447844,0.379306,0.199346,-0.285640,0.001151,0.246719
0.521250,1.218000,2.214684,1,0.448907,0.448907,0.384854,0.201941,-0.284464,0.001151,0.238759
0.521250,1.261500,inf,0,inf,inf,inf,inf,0.000000,0.000000,0.000000
0.521250,1.305000,inf,0,inf,inf,inf,inf,0.000000,0.000000,0.000000
0.521250,1.348500,inf,0,inf,inf,inf,inf,0.000000,0.000000,0.000000
0.521250,1.392000,inf,0,inf,inf,inf,inf,0.000000,0.000000,0.000000
0.521250,1.435500,inf,0,inf,inf,inf,inf,0.000000,0.000000,0.000000
0.521250,1.479000,inf,0,inf,inf,inf,inf,0.000000,0.000000,0.000000
0.521250,1.522500,inf,0,inf,inf,inf,inf,0.000000,0.000000,0.000000
0.521250,1.566000,inf,0,inf,inf,inf,inf,0.000000,0.000000,0.000000
0.521250,1.609500,inf,0,inf,inf,inf,inf,0.000000,0.000000,0.000000
0.521250,1.653000,inf,0,inf,inf,inf,inf,0.000000,0.000000,0.000000
0.521250,1.696500,inf,0,inf,inf,inf,inf,0.000000,0.000000,0.000000
0.521250,1.740000,inf,0,inf,inf,inf,inf,0.000000,0.000000,0.000000
0.556000,-1.740000,0.739797,1,0.088209,0.088209,0.013487,0.015371,0.063135,0.001151,0.335908
0.556000,-1.696500,0.612827,1,0.089030,0.089030,0.010518,0.015917,0.059938,0.001151,0.343292
0.556000,-1.653000,0.502374,1,0.090898,0.090898,0.009508,0.017416,0.056423,0.001151,0.350531
0.556000,-1.609500,0.407489,1,0.093750,0.093750,0.005162,0.019340,0.052597,0.001151,0.357610
0.556000,-1.566000,0.331418,1,0.097494,0.097494,0.015617,0.018304,0.048466,0.001151,0.364516
0.556000,-1.522500,0.268881,1,0.102024,0.102024,0.014637,0.018240,0.044039,0.001151,0.371235
0.556000,-1.479000,0.224787,1,0.107233,0.107233,0.020710,0.019145,0.039324,0.001151,0.377756
0.556000,-1.435500,0.194549,1,0.113019,0.113019,0.020720,0.021014,0.034330,0.001151,0.384066
0.556000,-1.392000,0.182247,1,0.119286,0.119286,0.024976,0.023845,0.029066,0.001151,0.390152
0.556000,-1.348500,0.175119,1,0.125954,0.125954,0.022750,0.025644,0.023543,0.001151,0.396004
0.556000,-1.305000,0.170172,1,0.132948,0.132948,0.024349,0.025960,0.017770,0.001151,0.401610
0.556000,-1.261500,0.163168,1,0.140210,0.140210,0.020649,0.027251,0.011759,0.001151,0.406960
0.556000,-1.218000,0.157888,1,0.147685,0.147685,0.019909,0.029510,0.005521,0.001151,0.412043
0.556000,-1.174500,0.151388,1,0.155331,0.155331,0.014459,0.032734,-0.000932,0.001151,0.416850
0.556000,-1.131000,0.147135,1,0.163110,0.163110,0.014544,0.036915,-0.007588,0.001151,0.421372
0.556000,-1.087500,0.141294,1,0.170991,0.170991,0.004548,0.037999,-0.014435,0.001151,0.425600
0.556000,-1.044000,0.138603,1,0.178945,0.178945,0.010527,0.039659,-0.021458,0.001151,0.429527
0.556000,-1.000500,0.135297,1,0.186949,0.186949,0.010295,0.042284,-0.028646,0.001151,0.433144
0.556000,-0.957000,0.133330,1,0.194983,0.194983,0.014222,0.045866,-0.035985,0.001151,0.436446
0.556000,-0.913500,0.134350,1,0.203030,0.203030,0.023766,0.050398,-0.043460,0.001151,0.439425
0.556000,-0.870000,0.135506,1,0.211072,0.211072,0.030155,0.053652,-0.051057,0.001151,0.442076
0.556000,-0.826500,0.137300,1,0.219097,0.219097,0.035868,0.055622,-0.058763,0.001151,0.444394
0.556000,-0.783000,0.141872,1,0.227092,0.227092,0.043715,0.058544,-0.066562,0.001151,0.446375
0.556000,-0.739500,0.149203,1,0.235046,0.235046,0.052742,0.062408,-0.074440,0.001151,0.448016
0.556000,-0.696000,0.156953,1,0.242948,0.242948,0.060540,0.067205,-0.082382,0.001151,0.449311
0.556000,-0.652500,0.164859,1,0.250789,0.250789,0.067350,0.072082,-0.090373,0.001151,0.450261
0.556000,-0.609000,0.175270,1,0.258560,0.258560,0.075031,0.074262,-0.098397,0.001151,0.450862
0.556000,-0.565500,0.188157,1,0.266253,0.266253,0.083330,0.077371,-0.106440,0.001151,0.451113
0.556000,-0.522000,0.203487,1,0.273862,0.273862,0.092068,0.081401,-0.114486,0.001151,0.451015
0.556000,-0.478500,0.220321,1,0.281379,0.281379,0.100669,0.086339,-0.122521,0.001151,0.450566
0.556000,-0.435000,0.235683,1,0.288797,0.288797,0.107797,0.092176,-0.130528,0.001151,0.449769
0.556000,-0.391500,0.253189,1,0.296111,0.296111,0.115311,0.094618,-0.138493,0.001151,0.448624
0.556000,-0.348000,0.272798,1,0.303314,0.303314,0.123129,0.097771,-0.146401,0.001151,0.447134
0.556000,-0.304500,0.294468,1,0.310402,0.310402,0.131182,0.101816,-0.154236,0.001151,0.445301
0.556000,-0.261000,0.318151,1,0.317368,0.317368,0.139415,0.106739,-0.161984,0.001151,0.443130
0.556000,-0.217500,0.343797,1,0.324209,0.324209,0.147785,0.112531,-0.169631,0.001151,0.440623
0.556000,-0.174000,0.371352,1,0.330919,0.330919,0.156254,0.115701,-0.177161,0.001151,0.437787
0.556000,-0.130500,0.400759,1,0.337494,0.337494,0.164794,0.118726,-0.184561,0.001151,0.434625
0.556000,-0.087000,0.431958,1,0.343929,0.343929,0.173377,0.122607,-0.191817,0.001151,0.431145
0.556000,-0.043500,0.464886,1,0.350220,0.350220,0.181984,0.127334,-0.198914,0.001151,0.427353
0.556000,0.000000,0.499476,1,0.356364,0.356364,0.190595,0.132894,-0.205839,0.001151,0.423255
0.556000,0.043500,0.535660,1,0.362356,0.362356,0.199195,0.136541,-0.212580,0.001151,0.418861
0.556000,0.087000,0.573366,1,0.368193,0.368193,0.207770,0.139243,-0.219123,0.001151,0.414177
0.556000,0.130500,0.612520,1,0.373872,0.373872,0.216308,0.142765,-0.225457,0.001151,0.409213
0.556000,0.174000,0.653046,1,0.379388,0.379388,0.224798,0.147096,-0.231568,0.001151,0.403979
0.556000,0.217500,0.694864,1,0.384739,0.384739,0.233229,0.152222,-0.237447,0.001151,0.398483
0.556000,0.261000,0.737895,1,0.389921,0.389921,0.241593,0.156231,-0.243080,0.001151,0.392738
0.556000,0.304500,0.782054,1,0.394932,0.394932,0.249882,0.158406,-0.248459,0.001151,0.386752
0.556000,0.348000,0.827259,1,0.399769,0.399769,0.258087,0.161363,-0.253572,0.001151,0.380539
0.556000,0.391500,0.873422,1,0.404429,0.404429,0.266203,0.165091,-0.258410,0.001151,0.374109
0.556000,0.435000,0.920456,1,0.408909,0.408909,0.274221,0.169576,-0.262964,0.001151,0.367474
0.556000,0.478500,0.968272,1,0.413207,0.413207,0.282136,0.173976,-0.267225,0.001151,0.360648
0.556000,0.522000,1.016780,1,0.417321,0.417321,0.289942,0.175416,-0.271185,0.001151,0.353643
0.556000,0.565500,1.065890,1,0.421247,0.421247,0.297633,0.177602,-0.274837,0.001151,0.346473
0.556000,0.609000,1.115509,1,0.424985,0.424985,0.305204,0.180521,-0.278173,0.001151,0.339150
0.556000,0.652500,1.165545,1,0.428532,0.428532,0.312650,0.184162,-0.281188,0.001151,0.331690
0.556000,0.696000,1.215905,1,0.431886,0.431886,0.319966,0.188512,-0.283876,0.001151,0.324105
0.556000,0.739500,1.266497,1,0.435045,0.435045,0.327147,0.189625,-0.286231,0.001151,0.316410
0.556000,0.783000,1.317227,1,0.438008,0.438008,0.334189,0.190843,-0.288250,0.001151,0.308621
0.556000,0.826500,1.368003,1,0.440772,0.440772,0.341088,0.192760,-0.289928,0.001151,0.300751
0.556000,0.870000,1.423503,1,0.443338,0.443338,0.347839,0.195366,-0.291262,0.001151,0.292815
0.556000,0.913500,1.494117,1,0.445702,0.445702,0.354439,0.198648,-0.292249,0.001151,0.284829
0.556000,0.957000,1.580123,1,0.447864,0.447864,0.360883,0.200562,-0.292889,0.001151,0.276808
0.556000,1.000500,1.681433,1,0.449823,0.449823,0.367168,0.200634,-0.293179,0.001151,0.268766
0.556000,1.044000,1.797955,1,0.451578,0.451578,0.373290,0.201376,-0.293119,0.001151,0.260720
0.556000,1.087500,1.929602,1,0.453128,0.453128,0.379246,0.202778,-0.292709,0.001151,0.252683
0.556000,1.131000,2.076284,1,0.454471,0.454471,0.385033,0.204831,-0.291950,0.001151,0.244672
0.556000,1.174500,2.237918,1,0.455608,0.455608,0.390648,0.207525,-0.290843,0.001151,0.236702
0.556000,1.218000,inf,0,inf,inf,inf,inf,0.000000,0.000000,0.000000
0.556000,1.261500,inf,0,inf,inf,inf,inf,0.000000,0.000000,0.000000
0.556000,1.305000,inf,0,inf,inf,inf,inf,0.000000,0.000000,0.000000
0.556000,1.348500,inf,0,inf,inf,inf,inf,0.000000,0.000000,0.000000
0.556000,1.392000,inf,0,inf,inf,inf,inf,0.000000,0.000000,0.000000
0.556000,1.435500,inf,0,inf,inf,inf,inf,0.000000,0.000000,0.000000
0.556000,1.479000,inf,0,inf,inf,inf,inf,0.000000,0.000000,0.000000
0.556000,1.522500,inf,0,inf,inf,inf,inf,0.000000,0.000000,0.000000
0.556000,1.566000,inf,0,inf,inf,inf,inf,0.000000,0.000000,0.000000
0.556000,1.609500,inf,0,inf,inf,inf,inf,0.000000,0.000000,0.000000
0.556000,1.653000,inf,0,inf,inf,inf,inf,0.000000,0.000000,0.000000
0.556000,1.696500,inf,0,inf,inf,inf,inf,0.000000,0.000000,0.000000
0.556000,1.740000,inf,0,inf,inf,inf,inf,0.000000,0.000000,0.000000
0.590750,-1.740000,0.742915,1,0.095619,0.095619,0.017241,0.016978,0.054623,0.001151,0.337954
0.590750,-1.696500,0.614855,1,0.097088,0.097088,0.010155,0.018337,0.051171,0.001151,0.345223
0.590750,-1.653000,0.503854,1,0.099521,0.099521,0.003744,0.020640,0.047407,0.001151,0.352335
0.590750,-1.609500,0.411228,1,0.102847,0.102847,0.012705,0.019470,0.043337,0.001151,0.359277
0.590750,-1.566000,0.332100,1,0.106975,0.106975,0.007612,0.019278,0.038969,0.001151,0.366035
0.590750,-1.522500,0.271969,1,0.111810,0.111810,0.015924,0.020060,0.034311,0.001151,0.372597
0.590750,-1.479000,0.225222,1,0.117256,0.117256,0.013683,0.021812,0.029373,0.001151,0.378950
0.590750,-1.435500,0.196884,1,0.123221,0.123221,0.019016,0.024532,0.024162,0.001151,0.385082
0.590750,-1.392000,0.181671,1,0.129625,0.129625,0.015768,0.026736,0.018690,0.001151,0.390982
0.590750,-1.348500,0.177140,1,0.136394,0.136394,0.019633,0.026947,0.012967,0.001151,0.396638
0.590750,-1.305000,0.169648,1,0.143464,0.143464,0.013766,0.028139,0.007003,0.001151,0.402040
0.590750,-1.261500,0.165370,1,0.150781,0.150781,0.016694,0.030306,0.000809,0.001151,0.407178
0.590750,-1.218000,0.158393,1,0.158298,0.158298,0.007870,0.033442,-0.005601,0.001151,0.412041
0.590750,-1.174500,0.154762,1,0.165974,0.165974,0.012012,0.037541,-0.012218,0.001151,0.416622
0.590750,-1.131000,0.149401,1,0.173774,0.173774,0.004315,0.039059,-0.019027,0.001151,0.420910
0.590750,-1.087500,0.146330,1,0.181670,0.181670,0.009348,0.040644,-0.026016,0.001151,0.424897
0.590750,-1.044000,0.145045,1,0.189634,0.189634,0.017344,0.043200,-0.033172,0.001151,0.428578
0.590750,-1.000500,0.142724,1,0.197645,0.197645,0.019419,0.046719,-0.040481,0.001151,0.431943
0.590750,-0.957000,0.143463,1,0.205682,0.205682,0.026955,0.051193,-0.047930,0.001151,0.434987
0.590750,-0.913500,0.147072,1,0.213729,0.213729,0.036480,0.054907,-0.055504,0.001151,0.437705
0.590750,-0.870000,0.148614,1,0.221770,0.221770,0.041193,0.056826,-0.063189,0.001151,0.440091
0.590750,-0.826500,0.153005,1,0.229791,0.229791,0.048132,0.059701,-0.070971,0.001151,0.442140
0.590750,-0.783000,0.160224,1,0.237779,0.237779,0.056472,0.063524,-0.078834,0.001151,0.443849
0.590750,-0.739500,0.170248,1,0.245725,0.245725,0.065670,0.068285,-0.086764,0.001151,0.445214
0.590750,-0.696000,0.178606,1,0.253616,0.253616,0.072391,0.073650,-0.094746,0.001151,0.446234
0.590750,-0.652500,0.188996,1,0.261445,0.261445,0.079647,0.075798,-0.102765,0.001151,0.446905
0.590750,-0.609000,0.201926,1,0.269201,0.269201,0.087597,0.078881,-0.110806,0.001151,0.447226
0.590750,-0.565500,0.217362,1,0.276878,0.276878,0.096058,0.082890,-0.118852,0.001151,0.447198
0.590750,-0.522000,0.235267,1,0.284468,0.284468,0.104891,0.087813,-0.126890,0.001151,0.446820
0.590750,-0.478500,0.252778,1,0.291963,0.291963,0.112751,0.093639,-0.134904,0.001151,0.446093
0.590750,-0.435000,0.270462,1,0.299358,0.299358,0.120069,0.096589,-0.142879,0.001151,0.445018
0.590750,-0.391500,0.290305,1,0.306645,0.306645,0.127723,0.099734,-0.150800,0.001151,0.443597
0.590750,-0.348000,0.312262,1,0.313820,0.313820,0.135641,0.103775,-0.158651,0.001151,0.441833
0.590750,-0.304500,0.336286,1,0.320876,0.320876,0.143767,0.108699,-0.166418,0.001151,0.439729
0.590750,-0.261000,0.362324,1,0.327809,0.327809,0.152053,0.114494,-0.174086,0.001151,0.437290
0.590750,-0.217500,0.390323,1,0.334613,0.334613,0.160460,0.118193,-0.181641,0.001151,0.434519
0.590750,-0.174000,0.420224,1,0.341283,0.341283,0.168955,0.121222,-0.189068,0.001151,0.431423
0.590750,-0.130500,0.451965,1,0.347815,0.347815,0.177510,0.125112,-0.196354,0.001151,0.428006
0.590750,-0.087000,0.485482,1,0.354204,0.354204,0.186103,0.129851,-0.203484,0.001151,0.424276
0.590750,-0.043500,0.520708,1,0.360447,0.360447,0.194713,0.135426,-0.210445,0.001151,0.420240
0.590750,0.000000,0.557571,1,0.366539,0.366539,0.203322,0.139616,-0.217224,0.001151,0.415904
0.590750,0.043500,0.595998,1,0.372477,0.372477,0.211916,0.142331,-0.223808,0.001151,0.411278
0.590750,0.087000,0.635915,1,0.378257,0.378257,0.220481,0.145870,-0.230184,0.001151,0.406370
0.590750,0.130500,0.677242,1,0.383874,0.383874,0.229005,0.150219,-0.236342,0.001151,0.401189
0.590750,0.174000,0.719898,1,0.389326,0.389326,0.237476,0.155366,-0.242268,0.001151,0.395745
0.590750,0.217500,0.763802,1,0.394610,0.394610,0.245886,0.159929,-0.247951,0.001151,0.390049
0.590750,0.261000,0.808869,1,0.399723,0.399723,0.254225,0.162120,-0.253382,0.001151,0.384111
0.590750,0.304500,0.855011,1,0.404661,0.404661,0.262485,0.165097,-0.258549,0.001151,0.377942
0.590750,0.348000,0.902141,1,0.409421,0.409421,0.270659,0.168845,-0.263443,0.001151,0.371555
0.590750,0.391500,0.950168,1,0.414001,0.414001,0.278738,0.173351,-0.268055,0.001151,0.364960
0.590750,0.435000,0.999002,1,0.418398,0.418398,0.286717,0.178309,-0.272376,0.001151,0.358172
0.590750,0.478500,1.048551,1,0.422611,0.422611,0.294588,0.179764,-0.276397,0.001151,0.351202
0.590750,0.522000,1.098721,1,0.426635,0.426635,0.302347,0.181966,-0.280112,0.001151,0.344064
0.590750,0.565500,1.149417,1,0.430470,0.430470,0.309988,0.184902,-0.283512,0.001151,0.336771
0.590750,0.609000,1.200546,1,0.434112,0.434112,0.317504,0.188559,-0.286592,0.001151,0.329337
0.590750,0.652500,1.252012,1,0.437561,0.437561,0.324892,0.192925,-0.289346,0.001151,0.321776
0.590750,0.696000,1.303720,1,0.440814,0.440814,0.332145,0.194588,-0.291769,0.001151,0.314102
0.590750,0.739500,1.355574,1,0.443869,0.443869,0.339260,0.195814,-0.293855,0.001151,0.306330
0.590750,0.783000,1.407478,1,0.446724,0.446724,0.346231,0.197738,-0.295602,0.001151,0.298475
0.590750,0.826500,1.461970,1,0.449379,0.449379,0.353055,0.200351,-0.297005,0.001151,0.290552
0.590750,0.870000,1.530572,1,0.451831,0.451831,0.359728,0.203639,-0.298063,0.001151,0.282575
0.590750,0.913500,1.614566,1,0.454080,0.454080,0.366245,0.206096,-0.298772,0.001151,0.274559
0.590750,0.957000,1.713858,1,0.456124,0.456124,0.372602,0.206162,-0.299133,0.001151,0.266520
0.590750,1.000500,1.828355,1,0.457961,0.457961,0.378796,0.206897,-0.299143,0.001151,0.258474
0.590750,1.044000,1.957967,1,0.459592,0.459592,0.384824,0.208291,-0.298804,0.001151,0.250434
0.590750,1.087500,2.102603,1,0.461015,0.461015,0.390681,0.210334,-0.298115,0.001151,0.242417
0.590750,1.131000,2.262175,1,0.462229,0.462229,0.396365,0.213016,-0.297078,0.001151,0.234437
0.590750,1.174500,inf,0,inf,inf,inf,inf,0.000000,0.000000,0.000000
0.590750,1.218000,inf,0,inf,inf,inf,inf,0.000000,0.000000,0.000000
0.590750,1.261500,inf,0,inf,inf,inf,inf,0.000000,0.000000,0.000000
0.590750,1.305000,inf,0,inf,inf,inf,inf,0.000000,0.000000,0.000000
0.590750,1.348500,inf,0,inf,inf,inf,inf,0.000000,0.000000,0.000000
0.590750,1.392000,inf,0,inf,inf,inf,inf,0.000000,0.000000,0.000000
0.590750,1.435500,inf,0,inf,inf,inf,inf,0.000000,0.000000,0.000000
0.590750,1.479000,inf,0,inf,inf,inf,inf,0.000000,0.000000,0.000000
0.590750,1.522500,inf,0,inf,inf,inf,inf,0.000000,0.000000,0.000000
0.590750,1.566000,inf,0,inf,inf,inf,inf,0.000000,0.000000,0.000000
0.590750,1.609500,inf,0,inf,inf,inf,inf,0.000000,0.000000,0.000000
0.590750,1.653000,inf,0,inf,inf,inf,inf,0.000000,0.000000,0.000000
0.590750,1.696500,inf,0,inf,inf,inf,inf,0.000000,0.000000,0.000000
0.590750,1.740000,inf,0,inf,inf,inf,inf,0.000000,0.000000,0.000000
0.625500,-1.740000,0.744450,1,0.103379,0.103379,0.014969,0.019360,0.046045,0.001151,0.339703
0.625500,-1.696500,0.617241,1,0.105411,0.105411,0.010043,0.021535,0.042343,0.001151,0.346848
0.625500,-1.653000,0.507664,1,0.108331,0.108331,0.011815,0.020727,0.038334,0.001151,0.353825
0.625500,-1.609500,0.412322,1,0.112063,0.112063,0.000669,0.020400,0.034025,0.001151,0.360621
0.625500,-1.566000,0.336058,1,0.116523,0.116523,0.012961,0.021053,0.029425,0.001151,0.367224
0.625500,-1.522500,0.272888,1,0.121622,0.121622,0.006640,0.022682,0.024542,0.001151,0.373620
0.625500,-1.479000,0.228415,1,0.127276,0.127276,0.013752,0.025285,0.019385,0.001151,0.379797
0.625500,-1.435500,0.197399,1,0.133403,0.133403,0.008913,0.027891,0.013965,0.001151,0.385745
0.625500,-1.392000,0.184608,1,0.139931,0.139931,0.013861,0.027990,0.008291,0.001151,0.391451
0.625500,-1.348500,0.177490,1,0.146795,0.146795,0.007320,0.029076,0.002375,0.001151,0.396905
0.625500,-1.305000,0.172913,1,0.153937,0.153937,0.011503,0.031144,-0.003773,0.001151,0.402097
0.625500,-1.261500,0.166763,1,0.161308,0.161308,0.004131,0.034187,-0.010141,0.001151,0.407016
0.625500,-1.218000,0.162639,1,0.168866,0.168866,0.008274,0.038199,-0.016717,0.001151,0.411654
0.625500,-1.174500,0.158872,1,0.176572,0.176572,0.010954,0.040146,-0.023489,0.001151,0.416001
0.625500,-1.131000,0.155328,1,0.184394,0.184394,0.012595,0.041650,-0.030443,0.001151,0.420050
0.625500,-1.087500,0.155084,1,0.192305,0.192305,0.022197,0.044131,-0.037566,0.001151,0.423793
0.625500,-1.044000,0.153391,1,0.200280,0.200280,0.025454,0.047581,-0.044846,0.001151,0.427222
0.625500,-1.000500,0.153761,1,0.208297,0.208297,0.031242,0.051992,-0.052268,0.001151,0.430331
0.625500,-0.957000,0.157255,1,0.216338,0.216338,0.039797,0.056165,-0.059818,0.001151,0.433115
0.625500,-0.913500,0.161119,1,0.224385,0.224385,0.046865,0.058025,-0.067482,0.001151,0.435568
0.625500,-0.870000,0.165247,1,0.232423,0.232423,0.052952,0.060848,-0.075245,0.001151,0.437685
0.625500,-0.826500,0.172274,1,0.240438,0.240438,0.060586,0.064626,-0.083093,0.001151,0.439463
0.625500,-0.783000,0.182178,1,0.248420,0.248420,0.069245,0.069347,-0.091011,0.001151,0.440898
0.625500,-0.739500,0.193396,1,0.256355,0.256355,0.077597,0.075003,-0.098984,0.001151,0.441987
0.625500,-0.696000,0.203695,1,0.264235,0.264235,0.084422,0.077309,-0.106996,0.001151,0.442728
0.625500,-0.652500,0.216597,1,0.272049,0.272049,0.092009,0.080362,-0.115034,0.001151,0.443120
0.625500,-0.609000,0.232071,1,0.279789,0.279789,0.100171,0.084346,-0.123080,0.001151,0.443162
0.625500,-0.565500,0.250077,1,0.287447,0.287447,0.108765,0.089250,-0.131121,0.001151,0.442855
0.625500,-0.522000,0.270574,1,0.295015,0.295015,0.117683,0.095061,-0.139141,0.001151,0.442197
0.625500,-0.478500,0.288543,1,0.302487,0.302487,0.124866,0.098520,-0.147125,0.001151,0.441192
0.625500,-0.435000,0.308562,1,0.309855,0.309855,0.132343,0.101652,-0.155058,0.001151,0.439841
0.625500,-0.391500,0.330750,1,0.317114,0.317114,0.140115,0.105686,-0.162924,0.001151,0.438146
0.625500,-0.348000,0.355061,1,0.324257,0.324257,0.148122,0.110607,-0.170709,0.001151,0.436110
0.625500,-0.304500,0.381440,1,0.331279,0.331279,0.156312,0.116405,-0.178398,0.001151,0.433738
0.625500,-0.261000,0.409832,1,0.338174,0.338174,0.164646,0.120632,-0.185977,0.001151,0.431033
0.625500,-0.217500,0.440179,1,0.344938,0.344938,0.173086,0.123664,-0.193431,0.001151,0.428002
0.625500,-0.174000,0.472416,1,0.351566,0.351566,0.181604,0.127561,-0.200746,0.001151,0.424649
0.625500,-0.130500,0.506479,1,0.358053,0.358053,0.190174,0.132310,-0.207909,0.001151,0.420982
0.625500,-0.087000,0.542298,1,0.364394,0.364394,0.198775,0.137899,-0.214905,0.001151,0.417006
0.625500,-0.043500,0.579801,1,0.370586,0.370586,0.207386,0.142635,-0.221722,0.001151,0.412730
0.625500,0.000000,0.618914,1,0.376623,0.376623,0.215992,0.145362,-0.228346,0.001151,0.408161
0.625500,0.043500,0.659559,1,0.382504,0.382504,0.224578,0.148917,-0.234765,0.001151,0.403309
0.625500,0.087000,0.701657,1,0.388223,0.388223,0.233131,0.153285,-0.240968,0.001151,0.398182
0.625500,0.130500,0.745124,1,0.393777,0.393777,0.241638,0.158453,-0.246941,0.001151,0.392791
0.625500,0.174000,0.789875,1,0.399163,0.399163,0.250090,0.163573,-0.252674,0.001151,0.387145
0.625500,0.217500,0.835826,1,0.404377,0.404377,0.258476,0.165781,-0.258157,0.001151,0.381254
0.625500,0.261000,0.882886,1,0.409417,0.409417,0.266787,0.168777,-0.263378,0.001151,0.375131
0.625500,0.304500,0.930965,1,0.414279,0.414279,0.275016,0.172546,-0.268328,0.001151,0.368787
0.625500,0.348000,0.979972,1,0.418960,0.418960,0.283155,0.177075,-0.272997,0.001151,0.362233
0.625500,0.391500,1.029813,1,0.423459,0.423459,0.291196,0.182351,-0.277377,0.001151,0.355483
0.625500,0.435000,1.080393,1,0.427771,0.427771,0.299132,0.184069,-0.281459,0.001151,0.348548
0.625500,0.478500,1.131618,1,0.431895,0.431895,0.306958,0.186288,-0.285236,0.001151,0.341443
0.625500,0.522000,1.183390,1,0.435829,0.435829,0.314667,0.189242,-0.288700,0.001151,0.334180
0.625500,0.565500,1.235612,1,0.439569,0.439569,0.322254,0.192919,-0.291845,0.001151,0.326773
0.625500,0.609000,1.288187,1,0.443115,0.443115,0.329713,0.197304,-0.294665,0.001151,0.319236
0.625500,0.652500,1.341017,1,0.446464,0.446464,0.337040,0.199524,-0.297155,0.001151,0.311584
0.625500,0.696000,1.394004,1,0.449613,0.449613,0.344228,0.200760,-0.299309,0.001151,0.303831
0.625500,0.739500,1.447050,1,0.452563,0.452563,0.351274,0.202694,-0.301124,0.001151,0.295992
0.625500,0.783000,1.501181,1,0.455310,0.455310,0.358172,0.205316,-0.302597,0.001151,0.288081
0.625500,0.826500,1.567790,1,0.457853,0.457853,0.364919,0.208614,-0.303724,0.001151,0.280113
0.625500,0.870000,1.649792,1,0.460191,0.460191,0.371511,0.211623,-0.304504,0.001151,0.272104
0.625500,0.913500,1.747090,1,0.462323,0.462323,0.377942,0.211687,-0.304935,0.001151,0.264069
0.625500,0.957000,1.859589,1,0.464247,0.464247,0.384211,0.212419,-0.305015,0.001151,0.256022
0.625500,1.000500,1.987196,1,0.465962,0.465962,0.390312,0.213809,-0.304746,0.001151,0.247980
0.625500,1.044000,2.129818,1,0.467468,0.467468,0.396242,0.215846,-0.304128,0.001151,0.239957
0.625500,1.087500,2.287364,1,0.468764,0.468764,0.401998,0.218520,-0.303161,0.001151,0.231968
0.625500,1.131000,inf,0,inf,inf,inf,inf,0.000000,0.000000,0.000000
0.625500,1.174500,inf,0,inf,inf,inf,inf,0.000000,0.000000,0.000000
0.625500,1.218000,inf,0,inf,inf,inf,inf,0.000000,0.000000,0.000000
0.625500,1.261500,inf,0,inf,inf,inf,inf,0.000000,0.000000,0.000000
0.625500,1.305000,inf,0,inf,inf,inf,inf,0.000000,0.000000,0.000000
0.625500,1.348500,inf,0,inf,inf,inf,inf,0.000000,0.000000,0.000000
0.625500,1.392000,inf,0,inf,inf,inf,inf,0.000000,0.000000,0.000000
0.625500,1.435500,inf,0,inf,inf,inf,inf,0.000000,0.000000,0.000000
0.625500,1.479000,inf,0,inf,inf,inf,inf,0.000000,0.000000,0.000000
0.625500,1.522500,inf,0,inf,inf,inf,inf,0.000000,0.000000,0.000000
0.625500,1.566000,inf,0,inf,inf,inf,inf,0.000000,0.000000,0.000000
0.625500,1.609500,inf,0,inf,inf,inf,inf,0.000000,0.000000,0.000000
0.625500,1.653000,inf,0,inf,inf,inf,inf,0.000000,0.000000,0.000000
0.625500,1.696500,inf,0,inf,inf,inf,inf,0.000000,0.000000,0.000000
0.625500,1.740000,inf,0,inf,inf,inf,inf,0.000000,0.000000,0.000000
0.660250,-1.740000,0.747693,1,0.111408,0.111408,0.017072,0.022515,0.037411,0.001151,0.341154
0.660250,-1.696500,0.621249,1,0.113933,0.113933,0.015177,0.022076,0.033463,0.001151,0.348165
0.660250,-1.653000,0.509594,1,0.117275,0.117275,0.006811,0.021608,0.029214,0.001151,0.354999
0.660250,-1.609500,0.417099,1,0.121361,0.121361,0.013294,0.022126,0.024672,0.001151,0.361641
0.660250,-1.566000,0.337596,1,0.126111,0.126111,0.002187,0.023626,0.019845,0.001151,0.368080
0.660250,-1.522500,0.276888,1,0.131445,0.131445,0.010542,0.026105,0.014743,0.001151,0.374302
0.660250,-1.479000,0.230165,1,0.137284,0.137284,0.003868,0.029109,0.009375,0.001151,0.380297
0.660250,-1.435500,0.201140,1,0.143558,0.143558,0.009374,0.029090,0.003751,0.001151,0.386052
0.660250,-1.392000,0.186744,1,0.150200,0.150200,0.004842,0.030064,-0.002117,0.001151,0.391558
0.660250,-1.348500,0.181565,1,0.157152,0.157152,0.007865,0.032026,-0.008220,0.001151,0.396803
0.660250,-1.305000,0.176544,1,0.164363,0.164363,0.008893,0.034970,-0.014545,0.001151,0.401778
0.660250,-1.261500,0.171830,1,0.171787,0.171787,0.009507,0.038889,-0.021080,0.001151,0.406473
0.660250,-1.218000,0.169752,1,0.179384,0.179384,0.018141,0.041262,-0.027813,0.001151,0.410880
0.660250,-1.174500,0.165641,1,0.187121,0.187121,0.018134,0.042679,-0.034731,0.001151,0.414989
0.660250,-1.131000,0.164910,1,0.194966,0.194966,0.025128,0.045078,-0.041822,0.001151,0.418794
0.660250,-1.087500,0.165370,1,0.202892,0.202892,0.031914,0.048453,-0.049071,0.001151,0.422287
0.660250,-1.044000,0.165284,1,0.210878,0.210878,0.036292,0.052796,-0.056465,0.001151,0.425461
0.660250,-1.000500,0.168397,1,0.218902,0.218902,0.043615,0.057424,-0.063991,0.001151,0.428311
0.660250,-0.957000,0.174692,1,0.226945,0.226945,0.052658,0.059221,-0.071633,0.001151,0.430831
0.660250,-0.913500,0.178629,1,0.234991,0.234991,0.058101,0.061987,-0.079377,0.001151,0.433016
0.660250,-0.870000,0.185384,1,0.243025,0.243025,0.065032,0.065714,-0.087210,0.001151,0.434862
0.660250,-0.826500,0.195087,1,0.251035,0.251035,0.073121,0.070390,-0.095115,0.001151,0.436366
0.660250,-0.783000,0.207709,1,0.259007,0.259007,0.082014,0.076006,-0.103078,0.001151,0.437525
0.660250,-0.739500,0.219386,1,0.266931,0.266931,0.089344,0.078795,-0.111084,0.001151,0.438336
0.660250,-0.696000,0.232190,1,0.274797,0.274797,0.096555,0.081813,-0.119117,0.001151,0.438799
0.660250,-0.652500,0.247630,1,0.282595,0.282595,0.104401,0.085768,-0.127163,0.001151,0.438911
0.660250,-0.609000,0.265669,1,0.290316,0.290316,0.112736,0.090648,-0.135207,0.001151,0.438674
0.660250,-0.565500,0.286263,1,0.297953,0.297953,0.121446,0.096441,-0.143232,0.001151,0.438087
0.660250,-0.522000,0.307439,1,0.305498,0.305498,0.129699,0.100407,-0.151224,0.001151,0.437152
0.660250,-0.478500,0.327574,1,0.312943,0.312943,0.136991,0.103524,-0.159168,0.001151,0.435870
0.660250,-0.435000,0.349937,1,0.320283,0.320283,0.144606,0.107547,-0.167049,0.001151,0.434244
0.660250,-0.391500,0.374477,1,0.327510,0.327510,0.152481,0.112463,-0.174852,0.001151,0.432276
0.660250,-0.348000,0.401143,1,0.334619,0.334619,0.160565,0.118260,-0.182562,0.001151,0.429971
0.660250,-0.304500,0.429877,1,0.341604,0.341604,0.168814,0.123018,-0.190164,0.001151,0.427333
0.660250,-0.261000,0.460618,1,0.348460,0.348460,0.177190,0.126050,-0.197644,0.001151,0.424367
0.660250,-0.217500,0.493304,1,0.355182,0.355182,0.185660,0.129951,-0.204988,0.001151,0.421079
0.660250,-0.174000,0.527866,1,0.361764,0.361764,0.194199,0.134708,-0.212182,0.001151,0.417474
0.660250,-0.130500,0.564235,1,0.368202,0.368202,0.202782,0.140309,-0.219213,0.001151,0.413560
0.660250,-0.087000,0.602338,1,0.374493,0.374493,0.211388,0.145594,-0.226067,0.001151,0.409343
0.660250,-0.043500,0.642097,1,0.380630,0.380630,0.219999,0.148333,-0.232731,0.001151,0.404833
0.660250,0.000000,0.683434,1,0.386611,0.386611,0.228600,0.151901,-0.239193,0.001151,0.400037
0.660250,0.043500,0.726268,1,0.392431,0.392431,0.237176,0.156287,-0.245439,0.001151,0.394965
0.660250,0.087000,0.770514,1,0.398088,0.398088,0.245714,0.161476,-0.251460,0.001151,0.389626
0.660250,0.130500,0.816085,1,0.403576,0.403576,0.254203,0.167158,-0.257242,0.001151,0.384030
0.660250,0.174000,0.862893,1,0.408893,0.408893,0.262633,0.169384,-0.262776,0.001151,0.378188
0.660250,0.217500,0.910848,1,0.414035,0.414035,0.270993,0.172398,-0.268051,0.001151,0.372110
0.660250,0.261000,0.959857,1,0.419000,0.419000,0.279275,0.176189,-0.273056,0.001151,0.365810
0.660250,0.304500,1.009826,1,0.423784,0.423784,0.287470,0.180742,-0.277782,0.001151,0.359297
0.660250,0.348000,1.060659,1,0.428384,0.428384,0.295571,0.186043,-0.282221,0.001151,0.352585
0.660250,0.391500,1.112260,1,0.432798,0.432798,0.303571,0.188324,-0.286364,0.001151,0.345687
0.660250,0.435000,1.164531,1,0.437024,0.437024,0.311463,0.190562,-0.290202,0.001151,0.338614
0.660250,0.478500,1.217373,1,0.441058,0.441058,0.319241,0.193536,-0.293730,0.001151,0.331382
0.660250,0.522000,1.270686,1,0.444898,0.444898,0.326898,0.197232,-0.296940,0.001151,0.324003
0.660250,0.565500,1.324371,1,0.448543,0.448543,0.334428,0.201639,-0.299825,0.001151,0.316491
0.660250,0.609000,1.378327,1,0.451990,0.451990,0.341828,0.204424,-0.302382,0.001151,0.308861
0.660250,0.652500,1.432453,1,0.455237,0.455237,0.349090,0.205672,-0.304604,0.001151,0.301128
0.660250,0.696000,1.486650,1,0.458282,0.458282,0.356211,0.207620,-0.306488,0.001151,0.293304
0.660250,0.739500,1.541064,1,0.461124,0.461124,0.363185,0.210254,-0.308030,0.001151,0.285406
0.660250,0.783000,1.605697,1,0.463761,0.463761,0.370008,0.213564,-0.309227,0.001151,0.277449
0.660250,0.826500,1.685725,1,0.466192,0.466192,0.376675,0.217136,-0.310076,0.001151,0.269447
0.660250,0.870000,1.781050,1,0.468414,0.468414,0.383183,0.217200,-0.310577,0.001151,0.261416
0.660250,0.913500,1.891575,1,0.470428,0.470428,0.389528,0.217933,-0.310729,0.001151,0.253371
0.660250,0.957000,2.017203,1,0.472232,0.472232,0.395705,0.219322,-0.310530,0.001151,0.245326
0.660250,1.000500,2.157840,1,0.473824,0.473824,0.401711,0.221357,-0.309981,0.001151,0.237298
0.660250,1.044000,2.313392,1,0.475204,0.475204,0.407542,0.224027,-0.309084,0.001151,0.229301
0.660250,1.087500,inf,0,inf,inf,inf,inf,0.000000,0.000000,0.000000
0.660250,1.131000,inf,0,inf,inf,inf,inf,0.000000,0.000000,0.000000
0.660250,1.174500,inf,0,inf,inf,inf,inf,0.000000,0.000000,0.000000
0.660250,1.218000,inf,0,inf,inf,inf,inf,0.000000,0.000000,0.000000
0.660250,1.261500,inf,0,inf,inf,inf,inf,0.000000,0.000000,0.000000
0.660250,1.305000,inf,0,inf,inf,inf,inf,0.000000,0.000000,0.000000
0.660250,1.348500,inf,0,inf,inf,inf,inf,0.000000,0.000000,0.000000
0.660250,1.392000,inf,0,inf,inf,inf,inf,0.000000,0.000000,0.000000
0.660250,1.435500,inf,0,inf,inf,inf,inf,0.000000,0.000000,0.000000
0.660250,1.479000,inf,0,inf,inf,inf,inf,0.000000,0.000000,0.000000
0.660250,1.522500,inf,0,inf,inf,inf,inf,0.000000,0.000000,0.000000
0.660250,1.566000,inf,0,inf,inf,inf,inf,0.000000,0.000000,0.000000
0.660250,1.609500,inf,0,inf,inf,inf,inf,0.000000,0.000000,0.000000
0.660250,1.653000,inf,0,inf,inf,inf,inf,0.000000,0.000000,0.000000
0.660250,1.696500,inf,0,inf,inf,inf,inf,0.000000,0.000000,0.000000
0.660250,1.740000,inf,0,inf,inf,inf,inf,0.000000,0.000000,0.000000
0.695000,-1.740000,0.752028,1,0.119643,0.119643,0.020934,0.023521,0.028732,0.001151,0.342303
0.695000,-1.696500,0.623964,1,0.122603,0.122603,0.014153,0.022904,0.024543,0.001151,0.349173
0.695000,-1.653000,0.515141,1,0.126317,0.126317,0.016861,0.023280,0.020059,0.001151,0.355855
0.695000,-1.609500,0.419395,1,0.130715,0.130715,0.008605,0.024645,0.015289,0.001151,0.362336
0.695000,-1.566000,0.342353,1,0.135722,0.135722,0.011505,0.026995,0.010241,0.001151,0.368602
0.695000,-1.522500,0.280020,1,0.141265,0.141265,0.007746,0.030325,0.004926,0.001151,0.374644
0.695000,-1.479000,0.234659,1,0.147272,0.147272,0.009148,0.030248,-0.000647,0.001151,0.380449
0.695000,-1.435500,0.205273,1,0.153680,0.153680,0.010192,0.031104,-0.006467,0.001151,0.386005
0.695000,-1.392000,0.191578,1,0.160428,0.160428,0.009623,0.032954,-0.012524,0.001151,0.391304
0.695000,-1.348500,0.187784,1,0.167464,0.167464,0.015892,0.035792,-0.018805,0.001151,0.396334
0.695000,-1.305000,0.182382,1,0.174740,0.174740,0.014649,0.039613,-0.025299,0.001151,0.401086
0.695000,-1.261500,0.180568,1,0.182214,0.182214,0.022328,0.042409,-0.031993,0.001151,0.405551
0.695000,-1.218000,0.177312,1,0.189851,0.189851,0.024539,0.043731,-0.038875,0.001151,0.409721
0.695000,-1.174500,0.176000,1,0.197617,0.197617,0.029400,0.046043,-0.045932,0.001151,0.413588
0.695000,-1.131000,0.178136,1,0.205484,0.205484,0.037899,0.049337,-0.053150,0.001151,0.417144
0.695000,-1.087500,0.178067,1,0.213426,0.213426,0.041871,0.053606,-0.060517,0.001151,0.420383
0.695000,-1.044000,0.180711,1,0.221422,0.221422,0.048036,0.058688,-0.068017,0.001151,0.423298
0.695000,-1.000500,0.186614,1,0.229452,0.229452,0.056164,0.060415,-0.075637,0.001151,0.425885
0.695000,-0.957000,0.193181,1,0.237497,0.237497,0.063523,0.063118,-0.083362,0.001151,0.428138
0.695000,-0.913500,0.199582,1,0.245542,0.245542,0.069768,0.066788,-0.091177,0.001151,0.430052
0.695000,-0.870000,0.209003,1,0.253572,0.253572,0.077271,0.071414,-0.099069,0.001151,0.431625
0.695000,-0.826500,0.221416,1,0.261574,0.261574,0.085691,0.076986,-0.107022,0.001151,0.432854
0.695000,-0.783000,0.236089,1,0.269536,0.269536,0.094400,0.080256,-0.115020,0.001151,0.433735
0.695000,-0.739500,0.248722,1,0.277447,0.277447,0.101228,0.083234,-0.123049,0.001151,0.434268
0.695000,-0.696000,0.264058,1,0.285297,0.285297,0.108743,0.087154,-0.131094,0.001151,0.434451
0.695000,-0.652500,0.282058,1,0.293077,0.293077,0.116801,0.092006,-0.139139,0.001151,0.434284
0.695000,-0.609000,0.302681,1,0.300778,0.300778,0.125283,0.097777,-0.147169,0.001151,0.433767
0.695000,-0.565500,0.325877,1,0.308391,0.308391,0.134094,0.102252,-0.155170,0.001151,0.432902
0.695000,-0.522000,0.347348,1,0.315910,0.315910,0.141666,0.105349,-0.163125,0.001151,0.431689
0.695000,-0.478500,0.369825,1,0.323327,0.323327,0.149112,0.109357,-0.171019,0.001151,0.430132
0.695000,-0.435000,0.394538,1,0.330635,0.330635,0.156846,0.114264,-0.178839,0.001151,0.428233
0.695000,-0.391500,0.421434,1,0.337828,0.337828,0.164812,0.120057,-0.186568,0.001151,0.425996
0.695000,-0.348000,0.450455,1,0.344901,0.344901,0.172966,0.125348,-0.194193,0.001151,0.423424
0.695000,-0.304500,0.481539,1,0.351847,0.351847,0.181267,0.128376,-0.201699,0.001151,0.420524
0.695000,-0.261000,0.514622,1,0.358660,0.358660,0.189681,0.132278,-0.209072,0.001151,0.417300
0.695000,-0.217500,0.549636,1,0.365337,0.365337,0.198179,0.137042,-0.216298,0.001151,0.413758
0.695000,-0.174000,0.586509,1,0.371871,0.371871,0.206735,0.142653,-0.223362,0.001151,0.409906
0.695000,-0.130500,0.625166,1,0.378259,0.378259,0.215328,0.148491,-0.230253,0.001151,0.405749
0.695000,-0.087000,0.665530,1,0.384496,0.384496,0.223938,0.151238,-0.236956,0.001151,0.401298
0.695000,-0.043500,0.707520,1,0.390577,0.390577,0.232548,0.154820,-0.243459,0.001151,0.396558
0.695000,0.000000,0.751054,1,0.396498,0.396498,0.241141,0.159222,-0.249750,0.001151,0.391541
0.695000,0.043500,0.796044,1,0.402256,0.402256,0.249705,0.164430,-0.255817,0.001151,0.386255
0.695000,0.087000,0.842404,1,0.407847,0.407847,0.258228,0.170431,-0.261648,0.001151,0.380710
0.695000,0.130500,0.890041,1,0.413267,0.413267,0.266696,0.172922,-0.267233,0.001151,0.374916
0.695000,0.174000,0.938865,1,0.418512,0.418512,0.275101,0.175956,-0.272561,0.001151,0.368885
0.695000,0.217500,0.988780,1,0.423580,0.423580,0.283433,0.179768,-0.277621,0.001151,0.362628
0.695000,0.261000,1.039691,1,0.428468,0.428468,0.291683,0.184344,-0.282404,0.001151,0.356158
0.695000,0.304500,1.091499,1,0.433171,0.433171,0.299842,0.189671,-0.286901,0.001151,0.349485
0.695000,0.348000,1.144106,1,0.437689,0.437689,0.307904,0.192522,-0.291104,0.001151,0.342623
0.695000,0.391500,1.197411,1,0.442017,0.442017,0.315860,0.194779,-0.295005,0.001151,0.335584
0.695000,0.435000,1.251314,1,0.446153,0.446153,0.323705,0.197774,-0.298595,0.001151,0.328383
0.695000,0.478500,1.305713,1,0.450095,0.450095,0.331431,0.201494,-0.301869,0.001151,0.321032
0.695000,0.522000,1.360505,1,0.453841,0.453841,0.339034,0.205924,-0.304821,0.001151,0.313546
0.695000,0.565500,1.415587,1,0.457388,0.457388,0.346506,0.209282,-0.307444,0.001151,0.305939
0.695000,0.609000,1.470857,1,0.460734,0.460734,0.353843,0.210545,-0.309734,0.001151,0.298225
0.695000,0.652500,1.526211,1,0.463878,0.463878,0.361039,0.212507,-0.311686,0.001151,0.290418
0.695000,0.696000,1.581546,1,0.466817,0.466817,0.368089,0.215156,-0.313297,0.001151,0.282534
0.695000,0.739500,1.644218,1,0.469551,0.469551,0.374989,0.218481,-0.314563,0.001151,0.274588
0.695000,0.783000,1.722287,1,0.472076,0.472076,0.381734,0.222469,-0.315483,0.001151,0.266594
0.695000,0.826500,1.815658,1,0.474393,0.474393,0.388320,0.222693,-0.316054,0.001151,0.258567
0.695000,0.870000,1.924230,1,0.476499,0.476499,0.394742,0.223429,-0.316276,0.001151,0.250523
0.695000,0.913500,2.047904,1,0.478393,0.478393,0.400997,0.224820,-0.316148,0.001151,0.242477
0.695000,0.957000,2.186583,1,0.480075,0.480075,0.407081,0.226857,-0.315669,0.001151,0.234445
0.695000,1.000500,2.340169,1,0.481544,0.481544,0.412989,0.229528,-0.314842,0.001151,0.226441
0.695000,1.044000,2.508570,1,0.482798,0.482798,0.418719,0.230877,-0.313668,0.001150,0.218480
0.695000,1.087500,inf,0,inf,inf,inf,inf,0.000000,0.000000,0.000000
0.695000,1.131000,inf,0,inf,inf,inf,inf,0.000000,0.000000,0.000000
0.695000,1.174500,inf,0,inf,inf,inf,inf,0.000000,0.000000,0.000000
0.695000,1.218000,inf,0,inf,inf,inf,inf,0.000000,0.000000,0.000000
0.695000,1.261500,inf,0,inf,inf,inf,inf,0.000000,0.000000,0.000000
0.695000,1.305000,inf,0,inf,inf,inf,inf,0.000000,0.000000,0.000000
0.695000,1.348500,inf,0,inf,inf,inf,inf,0.000000,0.000000,0.000000
0.695000,1.392000,inf,0,inf,inf,inf,inf,0.000000,0.000000,0.000000
0.695000,1.435500,inf,0,inf,inf,inf,inf,0.000000,0.000000,0.000000
0.695000,1.479000,inf,0,inf,inf,inf,inf,0.000000,0.000000,0.000000
0.695000,1.522500,inf,0,inf,inf,inf,inf,0.000000,0.000000,0.000000
0.695000,1.566000,inf,0,inf,inf,inf,inf,0.000000,0.000000,0.000000
0.695000,1.609500,inf,0,inf,inf,inf,inf,0.000000,0.000000,0.000000
0.695000,1.653000,inf,0,inf,inf,inf,inf,0.000000,0.000000,0.000000
0.695000,1.696500,inf,0,inf,inf,inf,inf,0.000000,0.000000,0.000000
0.695000,1.740000,inf,0,inf,inf,inf,inf,0.000000,0.000000,0.000000
0.729750,-1.740000,0.755476,1,0.128035,0.128035,0.021602,0.024290,0.020018,0.001151,0.343150
0.729750,-1.696500,0.630227,1,0.131382,0.131382,0.022250,0.024518,0.015593,0.001151,0.349871
0.729750,-1.653000,0.518333,1,0.135427,0.135427,0.016017,0.025740,0.010880,0.001151,0.356393
0.729750,-1.609500,0.424857,1,0.140103,0.140103,0.016045,0.027954,0.005887,0.001151,0.362704
0.729750,-1.566000,0.347011,1,0.145340,0.145340,0.014808,0.031154,0.000625,0.001151,0.368791
0.729750,-1.522500,0.285215,1,0.151071,0.151071,0.013575,0.031468,-0.004897,0.001151,0.374644
0.729750,-1.479000,0.240936,1,0.157232,0.157232,0.017307,0.032198,-0.010668,0.001151,0.380252
0.729750,-1.435500,0.210812,1,0.163764,0.163764,0.015138,0.033929,-0.016678,0.001151,0.385603
0.729750,-1.392000,0.200064,1,0.170611,0.170611,0.022263,0.036655,-0.022915,0.001151,0.390688
0.729750,-1.348500,0.194341,1,0.177725,0.177725,0.021107,0.040370,-0.029367,0.001151,0.395497
0.729750,-1.305000,0.191824,1,0.185064,0.185064,0.026052,0.043587,-0.036022,0.001151,0.400020
0.729750,-1.261500,0.190382,1,0.192587,0.192587,0.031348,0.044808,-0.042867,0.001151,0.404250
0.729750,-1.218000,0.188395,1,0.200262,0.200262,0.034579,0.047027,-0.049890,0.001151,0.408179
0.729750,-1.174500,0.189937,1,0.208057,0.208057,0.041545,0.050234,-0.057077,0.001151,0.411798
0.729750,-1.131000,0.192146,1,0.215945,0.215945,0.047832,0.054421,-0.064415,0.001151,0.415101
0.729750,-1.087500,0.194232,1,0.223903,0.223903,0.052943,0.059581,-0.071889,0.001151,0.418082
0.729750,-1.044000,0.199654,1,0.231909,0.231909,0.060149,0.061607,-0.079486,0.001151,0.420735
0.729750,-1.000500,0.208391,1,0.239944,0.239944,0.068783,0.064241,-0.087191,0.001151,0.423055
0.729750,-0.957000,0.214895,1,0.247990,0.247990,0.074758,0.067848,-0.094990,0.001151,0.425039
0.729750,-0.913500,0.223953,1,0.256033,0.256033,0.081670,0.072418,-0.102867,0.001151,0.426681
0.729750,-0.870000,0.236076,1,0.264057,0.264057,0.089593,0.077941,-0.110809,0.001151,0.427978
0.729750,-0.826500,0.251231,1,0.272050,0.272050,0.098269,0.081692,-0.118799,0.001151,0.428930
0.729750,-0.783000,0.266213,1,0.280001,0.280001,0.106020,0.084624,-0.126823,0.001151,0.429533
0.729750,-0.739500,0.281371,1,0.287897,0.287897,0.113193,0.088505,-0.134866,0.001151,0.429786
0.729750,-0.696000,0.299262,1,0.295730,0.295730,0.120958,0.093324,-0.142913,0.001151,0.429690
0.729750,-0.652500,0.319841,1,0.303490,0.303490,0.129194,0.099068,-0.150947,0.001151,0.429243
0.729750,-0.609000,0.343063,1,0.311168,0.311168,0.137803,0.104052,-0.158955,0.001151,0.428448
0.729750,-0.565500,0.367889,1,0.318756,0.318756,0.146368,0.107125,-0.166920,0.001151,0.427305
0.729750,-0.522000,0.390419,1,0.326246,0.326246,0.153636,0.111114,-0.174828,0.001151,0.425817
0.729750,-0.478500,0.415245,1,0.333633,0.333633,0.161217,0.116008,-0.182664,0.001151,0.423986
0.729750,-0.435000,0.442313,1,0.340907,0.340907,0.169056,0.121794,-0.190413,0.001151,0.421817
0.729750,-0.391500,0.471565,1,0.348064,0.348064,0.177103,0.127620,-0.198060,0.001151,0.419312
0.729750,-0.348000,0.502937,1,0.355098,0.355098,0.185319,0.130641,-0.205591,0.001151,0.416478
0.729750,-0.304500,0.536365,1,0.362002,0.362002,0.193666,0.134541,-0.212992,0.001151,0.413318
0.729750,-0.261000,0.571779,1,0.368771,0.368771,0.202115,0.139309,-0.220248,0.001151,0.409840
0.729750,-0.217500,0.609108,1,0.375400,0.375400,0.210637,0.144928,-0.227346,0.001151,0.406049
0.729750,-0.174000,0.648273,1,0.381884,0.381884,0.219209,0.151322,-0.234272,0.001151,0.401953
0.729750,-0.130500,0.689198,1,0.388219,0.388219,0.227811,0.154076,-0.241014,0.001151,0.397560
0.729750,-0.087000,0.731800,1,0.394399,0.394399,0.236422,0.157668,-0.247559,0.001151,0.392878
0.729750,-0.043500,0.775994,1,0.400421,0.400421,0.245028,0.162085,-0.253894,0.001151,0.387916
0.729750,0.000000,0.821692,1,0.406281,0.406281,0.253612,0.167312,-0.260006,0.001151,0.382683
0.729750,0.043500,0.868805,1,0.411974,0.411974,0.262162,0.173334,-0.265886,0.001151,0.377189
0.729750,0.087000,0.917241,1,0.417497,0.417497,0.270666,0.176392,-0.271521,0.001151,0.371445
0.729750,0.130500,0.966904,1,0.422846,0.422846,0.279112,0.179444,-0.276901,0.001151,0.365461
0.729750,0.174000,1.017700,1,0.428018,0.428018,0.287491,0.183277,-0.282016,0.001151,0.359249
0.729750,0.217500,1.069529,1,0.433009,0.433009,0.295792,0.187877,-0.286855,0.001151,0.352820
0.729750,0.261000,1.122291,1,0.437817,0.437817,0.304007,0.193231,-0.291411,0.001151,0.346187
0.729750,0.304500,1.175887,1,0.442438,0.442438,0.312129,0.196659,-0.295674,0.001151,0.339361
0.729750,0.348000,1.230212,1,0.446870,0.446870,0.320148,0.198936,-0.299636,0.001151,0.332358
0.729750,0.391500,1.285165,1,0.451110,0.451110,0.328059,0.201952,-0.303289,0.001151,0.325188
0.729750,0.435000,1.340640,1,0.455156,0.455156,0.335854,0.205695,-0.306628,0.001151,0.317866
0.729750,0.478500,1.396534,1,0.459004,0.459004,0.343526,0.210150,-0.309644,0.001151,0.310406
0.729750,0.522000,1.452739,1,0.462653,0.462653,0.351071,0.214091,-0.312334,0.001151,0.302822
0.729750,0.565500,1.509152,1,0.466101,0.466101,0.358482,0.215369,-0.314691,0.001151,0.295128
0.729750,0.609000,1.565667,1,0.469345,0.469345,0.365754,0.217348,-0.316712,0.001151,0.287339
0.729750,0.652500,1.622177,1,0.472384,0.472384,0.372882,0.220015,-0.318391,0.001151,0.279470
0.729750,0.696000,1.683282,1,0.475216,0.475216,0.379859,0.223357,-0.319727,0.001151,0.271534
0.729750,0.739500,1.759406,1,0.477839,0.477839,0.386683,0.227362,-0.320717,0.001151,0.263549
0.729750,0.783000,1.850837,1,0.480252,0.480252,0.393348,0.228157,-0.321359,0.001151,0.255527
0.729750,0.826500,1.957474,1,0.482453,0.482453,0.399850,0.228899,-0.321651,0.001151,0.247486
0.729750,0.870000,2.079215,1,0.484442,0.484442,0.406184,0.230296,-0.321593,0.001151,0.239439
0.729750,0.913500,2.215959,1,0.486216,0.486216,0.412347,0.232338,-0.321185,0.001151,0.231403
0.729750,0.957000,2.367608,1,0.487776,0.487776,0.418335,0.235013,-0.320428,0.001151,0.223392
0.729750,1.000500,2.534064,1,0.489119,0.489119,0.424144,0.236926,-0.319323,0.001150,0.215421
0.729750,1.044000,inf,0,inf,inf,inf,inf,0.000000,0.000000,0.000000
0.729750,1.087500,inf,0,inf,inf,inf,inf,0.000000,0.000000,0.000000
0.729750,1.131000,inf,0,inf,inf,inf,inf,0.000000,0.000000,0.000000
0.729750,1.174500,inf,0,inf,inf,inf,inf,0.000000,0.000000,0.000000
0.729750,1.218000,inf,0,inf,inf,inf,inf,0.000000,0.000000,0.000000
0.729750,1.261500,inf,0,inf,inf,inf,inf,0.000000,0.000000,0.000000
0.729750,1.305000,inf,0,inf,inf,inf,inf,0.000000,0.000000,0.000000
0.729750,1.348500,inf,0,inf,inf,inf,inf,0.000000,0.000000,0.000000
0.729750,1.392000,inf,0,inf,inf,inf,inf,0.000000,0.000000,0.000000
0.729750,1.435500,inf,0,inf,inf,inf,inf,0.000000,0.000000,0.000000
0.729750,1.479000,inf,0,inf,inf,inf,inf,0.000000,0.000000,0.000000
0.729750,1.522500,inf,0,inf,inf,inf,inf,0.000000,0.000000,0.000000
0.729750,1.566000,inf,0,inf,inf,inf,inf,0.000000,0.000000,0.000000
0.729750,1.609500,inf,0,inf,inf,inf,inf,0.000000,0.000000,0.000000
0.729750,1.653000,inf,0,inf,inf,inf,inf,0.000000,0.000000,0.000000
0.729750,1.696500,inf,0,inf,inf,inf,inf,0.000000,0.000000,0.000000
0.729750,1.740000,inf,0,inf,inf,inf,inf,0.000000,0.000000,0.000000
0.764500,-1.740000,0.762402,1,0.136547,0.136547,0.028520,0.025840,0.011281,0.001151,0.343694
0.764500,-1.696500,0.634457,1,0.140240,0.140240,0.023597,0.026914,0.006624,0.001151,0.350257
0.764500,-1.653000,0.524446,1,0.144581,0.144581,0.022155,0.028984,0.001687,0.001151,0.356611
0.764500,-1.609500,0.431187,1,0.149507,0.149507,0.022303,0.032048,-0.003521,0.001151,0.362745
0.764500,-1.566000,0.352854,1,0.154953,0.154953,0.019856,0.032750,-0.008992,0.001151,0.368646
0.764500,-1.522500,0.293780,1,0.160857,0.160857,0.024798,0.033348,-0.014714,0.001151,0.374304
0.764500,-1.479000,0.247128,1,0.167159,0.167159,0.021819,0.034953,-0.020677,0.001151,0.379707
0.764500,-1.435500,0.219935,1,0.173805,0.173805,0.026113,0.037560,-0.026869,0.001151,0.384846
0.764500,-1.392000,0.207750,1,0.180745,0.180745,0.028062,0.041163,-0.033278,0.001151,0.389711
0.764500,-1.348500,0.204431,1,0.187934,0.187934,0.030995,0.044800,-0.039894,0.001151,0.394293
0.764500,-1.305000,0.204857,1,0.195332,0.195332,0.038351,0.045913,-0.046702,0.001151,0.398583
0.764500,-1.261500,0.202135,1,0.202902,0.202902,0.040365,0.048030,-0.053690,0.001151,0.402572
0.764500,-1.218000,0.202988,1,0.210613,0.210613,0.045924,0.051143,-0.060845,0.001151,0.406254
0.764500,-1.174500,0.207436,1,0.218436,0.218436,0.053969,0.055244,-0.068153,0.001151,0.409622
0.764500,-1.131000,0.208996,1,0.226345,0.226345,0.058243,0.060324,-0.075601,0.001151,0.412668
0.764500,-1.087500,0.213848,1,0.234318,0.234318,0.064550,0.062799,-0.083175,0.001151,0.415388
0.764500,-1.044000,0.222093,1,0.242333,0.242333,0.072435,0.065357,-0.090859,0.001151,0.417775
0.764500,-1.000500,0.231353,1,0.250373,0.250373,0.079971,0.068896,-0.098640,0.001151,0.419826
0.764500,-0.957000,0.239964,1,0.258419,0.258419,0.086295,0.073404,-0.106503,0.001151,0.421537
0.764500,-0.913500,0.251715,1,0.266459,0.266459,0.093706,0.078872,-0.114433,0.001151,0.422905
0.764500,-0.870000,0.266572,1,0.274476,0.274476,0.101955,0.083103,-0.122415,0.001151,0.423926
0.764500,-0.826500,0.284497,1,0.282459,0.282459,0.110840,0.085984,-0.130433,0.001151,0.424599
0.764500,-0.783000,0.299587,1,0.290396,0.290396,0.117745,0.089820,-0.138474,0.001151,0.424923
0.764500,-0.739500,0.317295,1,0.298277,0.298277,0.125204,0.094601,-0.146521,0.001151,0.424897
0.764500,-0.696000,0.337760,1,0.306090,0.306090,0.133178,0.100313,-0.154559,0.001151,0.424520
0.764500,-0.652500,0.360935,1,0.313828,0.313828,0.141568,0.105808,-0.162573,0.001151,0.423795
0.764500,-0.609000,0.386768,1,0.321482,0.321482,0.150290,0.108851,-0.170548,0.001151,0.422722
0.764500,-0.565500,0.411724,1,0.329042,0.329042,0.158178,0.112817,-0.178469,0.001151,0.421303
0.764500,-0.522000,0.436602,1,0.336503,0.336503,0.165596,0.117694,-0.186320,0.001151,0.419541
0.764500,-0.478500,0.463783,1,0.343856,0.343856,0.173296,0.123468,-0.194088,0.001151,0.417440
0.764500,-0.435000,0.493206,1,0.351095,0.351095,0.181228,0.129832,-0.201757,0.001151,0.415002
0.764500,-0.391500,0.524810,1,0.358213,0.358213,0.189348,0.132842,-0.209312,0.001151,0.412233
0.764500,-0.348000,0.558528,1,0.365205,0.365205,0.197620,0.136738,-0.216740,0.001151,0.409139
0.764500,-0.304500,0.594290,1,0.372065,0.372065,0.206010,0.141505,-0.224027,0.001151,0.405724
0.764500,-0.261000,0.632023,1,0.378787,0.378787,0.214489,0.147129,-0.231158,0.001151,0.401996
0.764500,-0.217500,0.671649,1,0.385366,0.385366,0.223032,0.153596,-0.238120,0.001151,0.397961
0.764500,-0.174000,0.713088,1,0.391798,0.391798,0.231617,0.156842,-0.244900,0.001151,0.393627
0.764500,-0.130500,0.756256,1,0.398077,0.398077,0.240224,0.160443,-0.251485,0.001151,0.389002
0.764500,-0.087000,0.801069,1,0.404198,0.404198,0.248835,0.164872,-0.257863,0.001151,0.384096
0.764500,-0.043500,0.847435,1,0.410159,0.410159,0.257435,0.170116,-0.264021,0.001151,0.378916
0.764500,0.000000,0.895265,1,0.415954,0.415954,0.266008,0.176159,-0.269949,0.001151,0.373474
0.764500,0.043500,0.944464,1,0.421580,0.421580,0.274543,0.179790,-0.275634,0.001151,0.367779
0.764500,0.087000,0.994936,1,0.427033,0.427033,0.283026,0.182858,-0.281066,0.001151,0.361843
0.764500,0.130500,1.046583,1,0.432309,0.432309,0.291448,0.186711,-0.286235,0.001151,0.355675
0.764500,0.174000,1.099304,1,0.437405,0.437405,0.299797,0.191335,-0.291131,0.001151,0.349289
0.764500,0.217500,1.152997,1,0.442318,0.442318,0.308066,0.196714,-0.295744,0.001151,0.342696
0.764500,0.261000,1.207561,1,0.447044,0.447044,0.316244,0.200728,-0.300066,0.001151,0.335909
0.764500,0.304500,1.262889,1,0.451581,0.451581,0.324325,0.203024,-0.304089,0.001151,0.328940
0.764500,0.348000,1.318876,1,0.455926,0.455926,0.332300,0.206063,-0.307806,0.001151,0.321802
0.764500,0.391500,1.375417,1,0.460076,0.460076,0.340162,0.209830,-0.311208,0.001151,0.314510
0.764500,0.435000,1.432402,1,0.464028,0.464028,0.347905,0.214310,-0.314290,0.001151,0.307077
0.764500,0.478500,1.489726,1,0.467781,0.467781,0.355522,0.218844,-0.317046,0.001151,0.299516
0.764500,0.522000,1.547279,1,0.471332,0.471332,0.363007,0.220138,-0.319470,0.001151,0.291844
0.764500,0.565500,1.604955,1,0.474678,0.474678,0.370354,0.222135,-0.321559,0.001151,0.284072
0.764500,0.609000,1.662644,1,0.477819,0.477819,0.377559,0.224821,-0.323307,0.001151,0.276218
0.764500,0.652500,1.722819,1,0.480752,0.480752,0.384615,0.228183,-0.324713,0.001151,0.268295
0.764500,0.696000,1.797006,1,0.483475,0.483475,0.391518,0.232208,-0.325772,0.001151,0.260318
0.764500,0.739500,1.886511,1,0.485986,0.485986,0.398263,0.233585,-0.326484,0.001151,0.252302
0.764500,0.783000,1.991228,1,0.488285,0.488285,0.404845,0.234335,-0.326846,0.001151,0.244264
0.764500,0.826500,2.111053,1,0.490370,0.490370,0.411261,0.235740,-0.326858,0.001151,0.236217
0.764500,0.870000,2.245884,1,0.492240,0.492240,0.417505,0.237790,-0.326521,0.001151,0.228177
0.764500,0.913500,2.395619,1,0.493894,0.493894,0.423574,0.240472,-0.325834,0.001150,0.220160
0.764500,0.957000,2.560157,1,0.495330,0.495330,0.429465,0.242962,-0.324799,0.001150,0.212180
0.764500,1.000500,inf,0,inf,inf,inf,inf,0.000000,0.000000,0.000000
0.764500,1.044000,inf,0,inf,inf,inf,inf,0.000000,0.000000,0.000000
0.764500,1.087500,inf,0,inf,inf,inf,inf,0.000000,0.000000,0.000000
0.764500,1.131000,inf,0,inf,inf,inf,inf,0.000000,0.000000,0.000000
0.764500,1.174500,inf,0,inf,inf,inf,inf,0.000000,0.000000,0.000000
0.764500,1.218000,inf,0,inf,inf,inf,inf,0.000000,0.000000,0.000000
0.764500,1.261500,inf,0,inf,inf,inf,inf,0.000000,0.000000,0.000000
0.764500,1.305000,inf,0,inf,inf,inf,inf,0.000000,0.000000,0.000000
0.764500,1.348500,inf,0,inf,inf,inf,inf,0.000000,0.000000,0.000000
0.764500,1.392000,inf,0,inf,inf,inf,inf,0.000000,0.000000,0.000000
0.764500,1.435500,inf,0,inf,inf,inf,inf,0.000000,0.000000,0.000000
0.764500,1.479000,inf,0,inf,inf,inf,inf,0.000000,0.000000,0.000000
0.764500,1.522500,inf,0,inf,inf,inf,inf,0.000000,0.000000,0.000000
0.764500,1.566000,inf,0,inf,inf,inf,inf,0.000000,0.000000,0.000000
0.764500,1.609500,inf,0,inf,inf,inf,inf,0.000000,0.000000,0.000000
0.764500,1.653000,inf,0,inf,inf,inf,inf,0.000000,0.000000,0.000000
0.764500,1.696500,inf,0,inf,inf,inf,inf,0.000000,0.000000,0.000000
0.764500,1.740000,inf,0,inf,inf,inf,inf,0.000000,0.000000,0.000000
0.799250,-1.740000,0.767811,1,0.145148,0.145148,0.031294,0.028167,0.002529,0.001151,0.343934
0.799250,-1.696500,0.641165,1,0.149153,0.149153,0.028931,0.030088,-0.002352,0.001151,0.350331
0.799250,-1.653000,0.532593,1,0.153763,0.153763,0.029982,0.033008,-0.007507,0.001151,0.356510
0.799250,-1.609500,0.437622,1,0.158916,0.158916,0.026797,0.034097,-0.012926,0.001151,0.362459
0.799250,-1.566000,0.362229,1,0.164552,0.164552,0.029872,0.034555,-0.018598,0.001151,0.368166
0.799250,-1.522500,0.300569,1,0.170614,0.170614,0.028943,0.036028,-0.024513,0.001151,0.373622
0.799250,-1.479000,0.256832,1,0.177047,0.177047,0.031200,0.038509,-0.030660,0.001151,0.378815
0.799250,-1.435500,0.230464,1,0.183800,0.183800,0.035280,0.041993,-0.037027,0.001151,0.383736
0.799250,-1.392000,0.218434,1,0.190827,0.190827,0.036724,0.046048,-0.043602,0.001151,0.388376
0.799250,-1.348500,0.218044,1,0.198086,0.198086,0.042395,0.047046,-0.050372,0.001151,0.392725
0.799250,-1.305000,0.217259,1,0.205541,0.205541,0.046574,0.049055,-0.057325,0.001151,0.396775
0.799250,-1.261500,0.217328,1,0.213156,0.213156,0.050885,0.052068,-0.064448,0.001151,0.400520
0.799250,-1.218000,0.221075,1,0.220902,0.220902,0.057802,0.056075,-0.071726,0.001151,0.403951
0.799250,-1.174500,0.225036,1,0.228752,0.228752,0.063864,0.061068,-0.079147,0.001151,0.407062
0.799250,-1.131000,0.229228,1,0.236681,0.236681,0.069312,0.063992,-0.086697,0.001151,0.409848
0.799250,-1.087500,0.236892,1,0.244667,0.244667,0.076437,0.066467,-0.094360,0.001151,0.412303
0.799250,-1.044000,0.248001,1,0.252691,0.252691,0.084807,0.069931,-0.102123,0.001151,0.414422
0.799250,-1.000500,0.257063,1,0.260734,0.260734,0.091127,0.074372,-0.109970,0.001151,0.416201
0.799250,-0.957000,0.268359,1,0.268780,0.268780,0.098017,0.079779,-0.117888,0.001151,0.417638
0.799250,-0.913500,0.282836,1,0.276815,0.276815,0.105818,0.084491,-0.125861,0.001151,0.418729
0.799250,-0.870000,0.300456,1,0.284824,0.284824,0.114331,0.087314,-0.133873,0.001151,0.419472
0.799250,-0.826500,0.318723,1,0.292796,0.292796,0.122396,0.091100,-0.141910,0.001151,0.419866
0.799250,-0.783000,0.336173,1,0.300718,0.300718,0.129537,0.095836,-0.149957,0.001151,0.419911
0.799250,-0.739500,0.356450,1,0.308581,0.308581,0.137235,0.101511,-0.157998,0.001151,0.419605
0.799250,-0.696000,0.379507,1,0.316374,0.316374,0.145391,0.107519,-0.166018,0.001151,0.418950
0.799250,-0.652500,0.405291,1,0.324088,0.324088,0.153916,0.110527,-0.174002,0.001151,0.417947
0.799250,-0.609000,0.433744,1,0.331714,0.331714,0.162738,0.114465,-0.181935,0.001151,0.416597
0.799250,-0.565500,0.458612,1,0.339245,0.339245,0.169984,0.119320,-0.189802,0.001151,0.414904
0.799250,-0.522000,0.485843,1,0.346673,0.346673,0.177535,0.125078,-0.197588,0.001151,0.412870
0.799250,-0.478500,0.515379,1,0.353991,0.353991,0.185340,0.131725,-0.205277,0.001151,0.410500
0.799250,-0.435000,0.547156,1,0.361192,0.361192,0.193356,0.134978,-0.212857,0.001151,0.407797
0.799250,-0.391500,0.581108,1,0.368270,0.368270,0.201542,0.138865,-0.220312,0.001151,0.404768
0.799250,-0.348000,0.617163,1,0.375218,0.375218,0.209864,0.143628,-0.227628,0.001151,0.401417
0.799250,-0.304500,0.655246,1,0.382032,0.382032,0.218292,0.149254,-0.234791,0.001151,0.397751
0.799250,-0.261000,0.695281,1,0.388704,0.388704,0.226798,0.155728,-0.241788,0.001151,0.393777
0.799250,-0.217500,0.737185,1,0.395231,0.395231,0.235360,0.159534,-0.248606,0.001151,0.389503
0.799250,-0.174000,0.780874,1,0.401608,0.401608,0.243955,0.163140,-0.255231,0.001151,0.384936
0.799250,-0.130500,0.826260,1,0.407829,0.407829,0.252566,0.167580,-0.261652,0.001151,0.380086
0.799250,-0.087000,0.873254,1,0.413890,0.413890,0.261174,0.172838,-0.267855,0.001151,0.374960
0.799250,-0.043500,0.921761,1,0.419787,0.419787,0.269766,0.178900,-0.273830,0.001151,0.369570
0.799250,0.000000,0.971686,1,0.425515,0.425515,0.278326,0.183111,-0.279565,0.001151,0.363925
0.799250,0.043500,1.022932,1,0.431072,0.431072,0.286842,0.186194,-0.285049,0.001151,0.358036
0.799250,0.087000,1.075397,1,0.436452,0.436452,0.295303,0.190066,-0.290271,0.001151,0.351915
0.799250,0.130500,1.128981,1,0.441653,0.441653,0.303698,0.194712,-0.295223,0.001151,0.345571
0.799250,0.174000,1.183580,1,0.446671,0.446671,0.312016,0.200117,-0.299894,0.001151,0.339019
0.799250,0.217500,1.239087,1,0.451503,0.451503,0.320249,0.204724,-0.304275,0.001151,0.332270
0.799250,0.261000,1.295397,1,0.456146,0.456146,0.328389,0.207040,-0.308359,0.001151,0.325336
0.799250,0.304500,1.352402,1,0.460596,0.460596,0.336426,0.210100,-0.312138,0.001151,0.318232
0.799250,0.348000,1.409992,1,0.464852,0.464852,0.344354,0.213891,-0.315604,0.001151,0.310969
0.799250,0.391500,1.468059,1,0.468910,0.468910,0.352166,0.218398,-0.318751,0.001151,0.303563
0.799250,0.435000,1.526491,1,0.472768,0.472768,0.359854,0.223534,-0.321572,0.001151,0.296028
0.799250,0.478500,1.585179,1,0.476423,0.476423,0.367413,0.224846,-0.324064,0.001151,0.288376
0.799250,0.522000,1.644012,1,0.479874,0.479874,0.374836,0.226861,-0.326220,0.001151,0.280624
0.799250,0.565500,1.702880,1,0.483118,0.483118,0.382117,0.229568,-0.328038,0.001151,0.272785
0.799250,0.609000,1.762762,1,0.486154,0.486154,0.389252,0.232951,-0.329512,0.001151,0.264874
0.799250,0.652500,1.835018,1,0.488979,0.488979,0.396235,0.236998,-0.330641,0.001151,0.256907
0.799250,0.696000,1.922605,1,0.491592,0.491592,0.403061,0.238968,-0.331423,0.001151,0.248898
0.799250,0.739500,2.025415,1,0.493991,0.493991,0.409724,0.239728,-0.331856,0.001151,0.240863
0.799250,0.783000,2.143340,1,0.496175,0.496175,0.416222,0.241144,-0.331939,0.001151,0.232816
0.799250,0.826500,2.276275,1,0.498142,0.498142,0.422549,0.243205,-0.331672,0.001151,0.224774
0.799250,0.870000,2.424116,1,0.499893,0.499893,0.428701,0.245897,-0.331055,0.001150,0.216751
0.799250,0.913500,2.586761,1,0.501424,0.501424,0.434675,0.248976,-0.330090,0.001150,0.208762
0.799250,0.957000,inf,0,inf,inf,inf,inf,0.000000,0.000000,0.000000
0.799250,1.000500,inf,0,inf,inf,inf,inf,0.000000,0.000000,0.000000
0.799250,1.044000,inf,0,inf,inf,inf,inf,0.000000,0.000000,0.000000
0.799250,1.087500,inf,0,inf,inf,inf,inf,0.000000,0.000000,0.000000
0.799250,1.131000,inf,0,inf,inf,inf,inf,0.000000,0.000000,0.000000
0.799250,1.174500,inf,0,inf,inf,inf,inf,0.000000,0.000000,0.000000
0.799250,1.218000,inf,0,inf,inf,inf,inf,0.000000,0.000000,0.000000
0.799250,1.261500,inf,0,inf,inf,inf,inf,0.000000,0.000000,0.000000
0.799250,1.305000,inf,0,inf,inf,inf,inf,0.000000,0.000000,0.000000
0.799250,1.348500,inf,0,inf,inf,inf,inf,0.000000,0.000000,0.000000
0.799250,1.392000,inf,0,inf,inf,inf,inf,0.000000,0.000000,0.000000
0.799250,1.435500,inf,0,inf,inf,inf,inf,0.000000,0.000000,0.000000
0.799250,1.479000,inf,0,inf,inf,inf,inf,0.000000,0.000000,0.000000
0.799250,1.522500,inf,0,inf,inf,inf,inf,0.000000,0.000000,0.000000
0.799250,1.566000,inf,0,inf,inf,inf,inf,0.000000,0.000000,0.000000
0.799250,1.609500,inf,0,inf,inf,inf,inf,0.000000,0.000000,0.000000
0.799250,1.653000,inf,0,inf,inf,inf,inf,0.000000,0.000000,0.000000
0.799250,1.696500,inf,0,inf,inf,inf,inf,0.000000,0.000000,0.000000
0.799250,1.740000,inf,0,inf,inf,inf,inf,0.000000,0.000000,0.000000
0.834000,-1.740000,0.775059,1,0.153813,0.153813,0.036060,0.031266,-0.006225,0.001151,0.343870
0.834000,-1.696500,0.651273,1,0.158102,0.158102,0.037790,0.034036,-0.011326,0.001151,0.350093
0.834000,-1.653000,0.539564,1,0.162956,0.162956,0.034061,0.035511,-0.016692,0.001151,0.356089
0.834000,-1.609500,0.447517,1,0.168317,0.168317,0.035428,0.035822,-0.022315,0.001151,0.361846
0.834000,-1.566000,0.371181,1,0.174129,0.174129,0.036311,0.037154,-0.028182,0.001151,0.367354
0.834000,-1.522500,0.310799,1,0.180337,0.180337,0.037077,0.039503,-0.034283,0.001151,0.372600
0.834000,-1.479000,0.270040,1,0.186891,0.186891,0.042322,0.042861,-0.040606,0.001151,0.377577
0.834000,-1.435500,0.241687,1,0.193744,0.193744,0.042973,0.047221,-0.047140,0.001151,0.382274
0.834000,-1.392000,0.232570,1,0.200853,0.200853,0.047167,0.048209,-0.053872,0.001151,0.386682
0.834000,-1.348500,0.233807,1,0.208179,0.208179,0.053092,0.050103,-0.060790,0.001151,0.390793
0.834000,-1.305000,0.232996,1,0.215688,0.215688,0.056308,0.053008,-0.067879,0.001151,0.394600
0.834000,-1.261500,0.235946,1,0.223346,0.223346,0.062141,0.056915,-0.075128,0.001151,0.398094
0.834000,-1.218000,0.242386,1,0.231126,0.231126,0.069752,0.061816,-0.082521,0.001151,0.401270
0.834000,-1.174500,0.245827,1,0.239001,0.239001,0.074388,0.065187,-0.090046,0.001151,0.404122
0.834000,-1.131000,0.252820,1,0.246949,0.246949,0.080759,0.067573,-0.097687,0.001151,0.406644
0.834000,-1.087500,0.263338,1,0.254948,0.254948,0.088481,0.070955,-0.105431,0.001151,0.408831
0.834000,-1.044000,0.275276,1,0.262978,0.262978,0.096148,0.075321,-0.113263,0.001151,0.410679
0.834000,-1.000500,0.286032,1,0.271024,0.271024,0.102513,0.080661,-0.121168,0.001151,0.412185
0.834000,-0.957000,0.300045,1,0.279068,0.279068,0.109853,0.085856,-0.129130,0.001151,0.413346
0.834000,-0.913500,0.317278,1,0.287097,0.287097,0.117971,0.088614,-0.137136,0.001151,0.414159
0.834000,-0.870000,0.337688,1,0.295097,0.295097,0.126705,0.092343,-0.145170,0.001151,0.414623
0.834000,-0.826500,0.355913,1,0.303055,0.303055,0.133954,0.097030,-0.153216,0.001151,0.414738
0.834000,-0.783000,0.375928,1,0.310961,0.310961,0.141364,0.102663,-0.161259,0.001151,0.414503
0.834000,-0.739500,0.398793,1,0.318805,0.318805,0.149270,0.109186,-0.169285,0.001151,0.413918
0.834000,-0.696000,0.424455,1,0.326575,0.326575,0.157583,0.112153,-0.177277,0.001151,0.412985
0.834000,-0.652500,0.452857,1,0.334263,0.334263,0.166229,0.116057,-0.185222,0.001151,0.411705
0.834000,-0.609000,0.481278,1,0.341861,0.341861,0.174381,0.120885,-0.193103,0.001151,0.410080
0.834000,-0.565500,0.508497,1,0.349361,0.349361,0.181774,0.126623,-0.200906,0.001151,0.408115
0.834000,-0.522000,0.538083,1,0.356755,0.356755,0.189443,0.133256,-0.208616,0.001151,0.405812
0.834000,-0.478500,0.569974,1,0.364035,0.364035,0.197344,0.137048,-0.216219,0.001151,0.403176
0.834000,-0.435000,0.604100,1,0.371196,0.371196,0.205435,0.140921,-0.223700,0.001151,0.400212
0.834000,-0.391500,0.640391,1,0.378231,0.378231,0.213680,0.145677,-0.231045,0.001151,0.396925
0.834000,-0.348000,0.678771,1,0.385133,0.385133,0.222047,0.151301,-0.238240,0.001151,0.393322
0.834000,-0.304500,0.719161,1,0.391898,0.391898,0.230509,0.157778,-0.245272,0.001151,0.389409
0.834000,-0.261000,0.761479,1,0.398519,0.398519,0.239039,0.162150,-0.252127,0.001151,0.385195
0.834000,-0.217500,0.805639,1,0.404991,0.404991,0.247616,0.165758,-0.258792,0.001151,0.380686
0.834000,-0.174000,0.851553,1,0.411310,0.411310,0.256220,0.170205,-0.265255,0.001151,0.375892
0.834000,-0.130500,0.899128,1,0.417471,0.417471,0.264831,0.175476,-0.271503,0.001151,0.370821
0.834000,-0.087000,0.948270,1,0.423469,0.423469,0.273435,0.181555,-0.277525,0.001151,0.365483
0.834000,-0.043500,0.998882,1,0.429300,0.429300,0.282016,0.186351,-0.283309,0.001151,0.359889
0.834000,0.000000,1.050864,1,0.434960,0.434960,0.290561,0.189447,-0.288844,0.001151,0.354048
0.834000,0.043500,1.104114,1,0.440445,0.440445,0.299057,0.193337,-0.294120,0.001151,0.347972
0.834000,0.087000,1.158529,1,0.445751,0.445751,0.307493,0.198004,-0.299126,0.001151,0.341673
0.834000,0.130500,1.214003,1,0.450875,0.450875,0.315858,0.203434,-0.303854,0.001151,0.335161
0.834000,0.174000,1.270428,1,0.455813,0.455813,0.324144,0.208643,-0.308295,0.001151,0.328451
0.834000,0.217500,1.327696,1,0.460562,0.460562,0.332340,0.210976,-0.312439,0.001151,0.321553
0.834000,0.261000,1.385697,1,0.465119,0.465119,0.340438,0.214058,-0.316280,0.001151,0.314482
0.834000,0.304500,1.444319,1,0.469481,0.469481,0.348430,0.217874,-0.319809,0.001151,0.307250
0.834000,0.348000,1.503451,1,0.473646,0.473646,0.356309,0.222407,-0.323021,0.001151,0.299872
0.834000,0.391500,1.562980,1,0.477610,0.477610,0.364067,0.227645,-0.325909,0.001151,0.292361
0.834000,0.435000,1.622794,1,0.481372,0.481372,0.371698,0.229485,-0.328467,0.001151,0.284732
0.834000,0.478500,1.682779,1,0.484928,0.484928,0.379196,0.231520,-0.330691,0.001151,0.276999
0.834000,0.522000,1.742822,1,0.488277,0.488277,0.386555,0.234248,-0.332577,0.001151,0.269176
0.834000,0.565500,1.803044,1,0.491417,0.491417,0.393768,0.237654,-0.334121,0.001151,0.261278
0.834000,0.609000,1.873372,1,0.494346,0.494346,0.400831,0.241725,-0.335319,0.001151,0.253321
0.834000,0.652500,1.959047,1,0.497062,0.497062,0.407738,0.244299,-0.336171,0.001151,0.245320
0.834000,0.696000,2.059958,1,0.499564,0.499564,0.414484,0.245071,-0.336674,0.001151,0.237289
0.834000,0.739500,2.175995,1,0.501849,0.501849,0.421065,0.246500,-0.336827,0.001151,0.229243
0.834000,0.783000,2.307050,1,0.503917,0.503917,0.427475,0.248573,-0.336631,0.001150,0.221199
0.834000,0.826500,2.453016,1,0.505766,0.505766,0.433712,0.251279,-0.336084,0.001150,0.213170
0.834000,0.870000,2.613788,1,0.507396,0.507396,0.439769,0.254605,-0.335189,0.001150,0.205173
0.834000,0.913500,inf,0,inf,inf,inf,inf,0.000000,0.000000,0.000000
0.834000,0.957000,inf,0,inf,inf,inf,inf,0.000000,0.000000,0.000000
0.834000,1.000500,inf,0,inf,inf,inf,inf,0.000000,0.000000,0.000000
0.834000,1.044000,inf,0,inf,inf,inf,inf,0.000000,0.000000,0.000000
0.834000,1.087500,inf,0,inf,inf,inf,inf,0.000000,0.000000,0.000000
0.834000,1.131000,inf,0,inf,inf,inf,inf,0.000000,0.000000,0.000000
0.834000,1.174500,inf,0,inf,inf,inf,inf,0.000000,0.000000,0.000000
0.834000,1.218000,inf,0,inf,inf,inf,inf,0.000000,0.000000,0.000000
0.834000,1.261500,inf,0,inf,inf,inf,inf,0.000000,0.000000,0.000000
0.834000,1.305000,inf,0,inf,inf,inf,inf,0.000000,0.000000,0.000000
0.834000,1.348500,inf,0,inf,inf,inf,inf,0.000000,0.000000,0.000000
0.834000,1.392000,inf,0,inf,inf,inf,inf,0.000000,0.000000,0.000000
0.834000,1.435500,inf,0,inf,inf,inf,inf,0.000000,0.000000,0.000000
0.834000,1.479000,inf,0,inf,inf,inf,inf,0.000000,0.000000,0.000000
0.834000,1.522500,inf,0,inf,inf,inf,inf,0.000000,0.000000,0.000000
0.834000,1.566000,inf,0,inf,inf,inf,inf,0.000000,0.000000,0.000000
0.834000,1.609500,inf,0,inf,inf,inf,inf,0.000000,0.000000,0.000000
0.834000,1.653000,inf,0,inf,inf,inf,inf,0.000000,0.000000,0.000000
0.834000,1.696500,inf,0,inf,inf,inf,inf,0.000000,0.000000,0.000000
0.834000,1.740000,inf,0,inf,inf,inf,inf,0.000000,0.000000,0.000000
0.868750,-1.740000,0.785680,1,0.162523,0.162523,0.043932,0.035133,-0.014972,0.001151,0.343501
0.868750,-1.696500,0.658724,1,0.167072,0.167072,0.041529,0.036994,-0.020286,0.001151,0.349544
0.868750,-1.653000,0.549922,1,0.172150,0.172150,0.041605,0.037150,-0.025858,0.001151,0.355350
0.868750,-1.609500,0.459006,1,0.177702,0.177702,0.043845,0.038335,-0.031676,0.001151,0.360908
0.868750,-1.566000,0.381878,1,0.183675,0.183675,0.043471,0.040543,-0.037731,0.001151,0.366208
0.868750,-1.522500,0.324458,1,0.190019,0.190019,0.047172,0.043768,-0.044011,0.001151,0.371240
0.868750,-1.479000,0.282042,1,0.196686,0.196686,0.049587,0.048002,-0.050504,0.001151,0.375994
0.868750,-1.435500,0.256288,1,0.203633,0.203633,0.052507,0.049405,-0.057197,0.001151,0.380461
0.868750,-1.392000,0.250142,1,0.210820,0.210820,0.058436,0.051176,-0.064078,0.001151,0.384632
0.868750,-1.348500,0.250029,1,0.218210,0.218210,0.062101,0.053966,-0.071134,0.001151,0.388501
0.868750,-1.305000,0.252086,1,0.225769,0.225769,0.066916,0.057766,-0.078351,0.001151,0.392059
0.868750,-1.261500,0.257967,1,0.233469,0.233469,0.073786,0.062566,-0.085717,0.001151,0.395299
0.868750,-1.218000,0.263678,1,0.241280,0.241280,0.079736,0.066387,-0.093216,0.001151,0.398217
0.868750,-1.174500,0.269908,1,0.249180,0.249180,0.085369,0.068676,-0.100836,0.001151,0.400805
0.868750,-1.131000,0.279745,1,0.257145,0.257145,0.092432,0.071969,-0.108560,0.001151,0.403060
0.868750,-1.087500,0.293155,1,0.265155,0.265155,0.100613,0.076254,-0.116375,0.001151,0.404977
0.868750,-1.044000,0.304760,1,0.273192,0.273192,0.107183,0.081520,-0.124267,0.001151,0.406552
0.868750,-1.000500,0.318226,1,0.281239,0.281239,0.114050,0.087199,-0.132219,0.001151,0.407782
0.868750,-0.957000,0.334988,1,0.289280,0.289280,0.121757,0.089886,-0.140217,0.001151,0.408665
0.868750,-0.913500,0.355004,1,0.297301,0.297301,0.130141,0.093552,-0.148246,0.001151,0.409200
0.868750,-0.870000,0.376530,1,0.305290,0.305290,0.138455,0.098183,-0.156291,0.001151,0.409385
0.868750,-0.826500,0.396207,1,0.313234,0.313234,0.145564,0.103767,-0.164336,0.001151,0.409220
0.868750,-0.783000,0.418805,1,0.321122,0.321122,0.153207,0.110290,-0.172366,0.001151,0.408705
0.868750,-0.739500,0.444273,1,0.328944,0.328944,0.161294,0.113728,-0.180367,0.001151,0.407842
0.868750,-0.696000,0.472551,1,0.336690,0.336690,0.169748,0.117593,-0.188322,0.001151,0.406632
0.868750,-0.652500,0.503579,1,0.344351,0.344351,0.178501,0.122388,-0.196217,0.001151,0.405076
0.868750,-0.609000,0.531746,1,0.351919,0.351919,0.186013,0.128101,-0.204037,0.001151,0.403179
0.868750,-0.565500,0.561320,1,0.359385,0.359385,0.193537,0.134715,-0.211767,0.001151,0.400944
0.868750,-0.522000,0.593262,1,0.366742,0.366742,0.201314,0.139050,-0.219393,0.001151,0.398374
0.868750,-0.478500,0.627503,1,0.373983,0.373983,0.209300,0.142904,-0.226900,0.001151,0.395476
0.868750,-0.435000,0.663971,1,0.381102,0.381102,0.217459,0.147648,-0.234273,0.001151,0.392253
0.868750,-0.391500,0.702590,1,0.388091,0.388091,0.225758,0.153267,-0.241500,0.001151,0.388714
0.868750,-0.348000,0.743281,1,0.394945,0.394945,0.234166,0.159745,-0.248565,0.001151,0.384863
0.868750,-0.304500,0.785959,1,0.401659,0.401659,0.242658,0.164686,-0.255457,0.001151,0.380708
0.868750,-0.261000,0.830539,1,0.408226,0.408226,0.251209,0.168293,-0.262161,0.001151,0.376258
0.868750,-0.217500,0.876931,1,0.414642,0.414642,0.259798,0.172744,-0.268666,0.001151,0.371521
0.868750,-0.174000,0.925040,1,0.420902,0.420902,0.268407,0.178024,-0.274958,0.001151,0.366505
0.868750,-0.130500,0.974772,1,0.427000,0.427000,0.277017,0.184118,-0.281026,0.001151,0.361220
0.868750,-0.087000,1.026028,1,0.432933,0.432933,0.285614,0.189507,-0.286859,0.001151,0.355676
0.868750,-0.043500,1.078707,1,0.438696,0.438696,0.294182,0.192614,-0.292445,0.001151,0.349884
0.868750,0.000000,1.132704,1,0.444285,0.444285,0.302709,0.196518,-0.297774,0.001151,0.343855
0.868750,0.043500,1.187915,1,0.449696,0.449696,0.311183,0.201205,-0.302835,0.001151,0.337599
0.868750,0.087000,1.244232,1,0.454925,0.454925,0.319592,0.206658,-0.307620,0.001151,0.331130
0.868750,0.130500,1.301546,1,0.459970,0.459970,0.327926,0.212478,-0.312119,0.001151,0.324458
0.868750,0.174000,1.359745,1,0.464826,0.464826,0.336176,0.214829,-0.316324,0.001151,0.317597
0.868750,0.217500,1.418718,1,0.469490,0.469490,0.344332,0.217932,-0.320226,0.001151,0.310559
0.868750,0.261000,1.478352,1,0.473960,0.473960,0.352386,0.221771,-0.323819,0.001151,0.303359
0.868750,0.304500,1.538531,1,0.478232,0.478232,0.360331,0.226331,-0.327095,0.001151,0.296009
0.868750,0.348000,1.599142,1,0.482304,0.482304,0.368158,0.231598,-0.330048,0.001151,0.288524
0.868750,0.391500,1.660070,1,0.486173,0.486173,0.375861,0.234049,-0.332673,0.001151,0.280917
0.868750,0.435000,1.721197,1,0.489836,0.489836,0.383433,0.236105,-0.334965,0.001151,0.273204
0.868750,0.478500,1.782410,1,0.493292,0.493292,0.390868,0.238854,-0.336919,0.001151,0.265398
0.868750,0.522000,1.843593,1,0.496539,0.496539,0.398160,0.242284,-0.338532,0.001151,0.257514
0.868750,0.565500,1.912000,1,0.499573,0.499573,0.405302,0.246381,-0.339800,0.001151,0.249568
0.868750,0.609000,1.995766,1,0.502394,0.502394,0.412291,0.249571,-0.340722,0.001151,0.241574
0.868750,0.652500,2.094785,1,0.505000,0.505000,0.419120,0.250356,-0.341295,0.001151,0.233548
0.868750,0.696000,2.208943,1,0.507388,0.507388,0.425784,0.251800,-0.341519,0.001151,0.225504
0.868750,0.739500,2.338130,1,0.509559,0.509559,0.432280,0.253888,-0.341392,0.001150,0.217458
0.868750,0.783000,2.482235,1,0.511510,0.511510,0.438601,0.256609,-0.340916,0.001150,0.209425
0.868750,0.826500,2.641152,1,0.513240,0.513240,0.444745,0.259950,-0.340091,0.001150,0.201421
0.868750,0.870000,2.814773,1,0.514748,0.514748,0.450706,0.260230,-0.338919,0.001150,0.193460
0.868750,0.913500,inf,0,inf,inf,inf,inf,0.000000,0.000000,0.000000
0.868750,0.957000,inf,0,inf,inf,inf,inf,0.000000,0.000000,0.000000
0.868750,1.000500,inf,0,inf,inf,inf,inf,0.000000,0.000000,0.000000
0.868750,1.044000,inf,0,inf,inf,inf,inf,0.000000,0.000000,0.000000
0.868750,1.087500,inf,0,inf,inf,inf,inf,0.000000,0.000000,0.000000
0.868750,1.131000,inf,0,inf,inf,inf,inf,0.000000,0.000000,0.000000
0.868750,1.174500,inf,0,inf,inf,inf,inf,0.000000,0.000000,0.000000
0.868750,1.218000,inf,0,inf,inf,inf,inf,0.000000,0.000000,0.000000
0.868750,1.261500,inf,0,inf,inf,inf,inf,0.000000,0.000000,0.000000
0.868750,1.305000,inf,0,inf,inf,inf,inf,0.000000,0.000000,0.000000
0.868750,1.348500,inf,0,inf,inf,inf,inf,0.000000,0.000000,0.000000
0.868750,1.392000,inf,0,inf,inf,inf,inf,0.000000,0.000000,0.000000
0.868750,1.435500,inf,0,inf,inf,inf,inf,0.000000,0.000000,0.000000
0.868750,1.479000,inf,0,inf,inf,inf,inf,0.000000,0.000000,0.000000
0.868750,1.522500,inf,0,inf,inf,inf,inf,0.000000,0.000000,0.000000
0.868750,1.566000,inf,0,inf,inf,inf,inf,0.000000,0.000000,0.000000
0.868750,1.609500,inf,0,inf,inf,inf,inf,0.000000,0.000000,0.000000
0.868750,1.653000,inf,0,inf,inf,inf,inf,0.000000,0.000000,0.000000
0.868750,1.696500,inf,0,inf,inf,inf,inf,0.000000,0.000000,0.000000
0.868750,1.740000,inf,0,inf,inf,inf,inf,0.000000,0.000000,0.000000
0.903500,-1.740000,0.795144,1,0.171261,0.171261,0.049151,0.038548,-0.023701,0.001151,0.342829
0.903500,-1.696500,0.669486,1,0.176049,0.176049,0.048207,0.038541,-0.029222,0.001151,0.348684
0.903500,-1.653000,0.563655,1,0.181333,0.181333,0.051095,0.039571,-0.034992,0.001151,0.354293
0.903500,-1.609500,0.470111,1,0.187062,0.187062,0.050226,0.041631,-0.041000,0.001151,0.359645
0.903500,-1.566000,0.395931,1,0.193185,0.193185,0.052608,0.044716,-0.047235,0.001151,0.364732
0.903500,-1.522500,0.339540,1,0.199656,0.199656,0.056470,0.048817,-0.053686,0.001151,0.369542
0.903500,-1.479000,0.297050,1,0.206430,0.206430,0.058291,0.050635,-0.060340,0.001151,0.374067
0.903500,-1.435500,0.274252,1,0.213466,0.213466,0.063043,0.052276,-0.067184,0.001151,0.378299
0.903500,-1.392000,0.268463,1,0.220725,0.220725,0.068195,0.054944,-0.074206,0.001151,0.382229
0.903500,-1.348500,0.269533,1,0.228175,0.228175,0.072063,0.058628,-0.081392,0.001151,0.385850
0.903500,-1.305000,0.274508,1,0.235783,0.235783,0.078031,0.063321,-0.088729,0.001151,0.389155
0.903500,-1.261500,0.282811,1,0.243521,0.243521,0.085325,0.067593,-0.096203,0.001151,0.392138
0.903500,-1.218000,0.288188,1,0.251363,0.251363,0.090240,0.069778,-0.103799,0.001151,0.394793
0.903500,-1.174500,0.297252,1,0.259285,0.259285,0.096641,0.072974,-0.111503,0.001151,0.397115
0.903500,-1.131000,0.309972,1,0.267266,0.267266,0.104244,0.077170,-0.119302,0.001151,0.399100
0.903500,-1.087500,0.324567,1,0.275286,0.275286,0.112016,0.082356,-0.127179,0.001151,0.400744
0.903500,-1.044000,0.337400,1,0.283327,0.283327,0.118403,0.088519,-0.135120,0.001151,0.402044
0.903500,-1.000500,0.353608,1,0.291374,0.291374,0.125683,0.091130,-0.143110,0.001151,0.402998
0.903500,-0.957000,0.373147,1,0.299411,0.299411,0.133698,0.094725,-0.151134,0.001151,0.403603
0.903500,-0.913500,0.395969,1,0.307424,0.307424,0.142309,0.099294,-0.159177,0.001151,0.403858
0.903500,-0.870000,0.417302,1,0.315400,0.315400,0.149835,0.104824,-0.167223,0.001151,0.403763
0.903500,-0.826500,0.439558,1,0.323328,0.323328,0.157203,0.111300,-0.175258,0.001151,0.403319
0.903500,-0.783000,0.464755,1,0.331196,0.331196,0.165050,0.115253,-0.183266,0.001151,0.402526
0.903500,-0.739500,0.492837,1,0.338995,0.338995,0.173297,0.119072,-0.191231,0.001151,0.401385
0.903500,-0.696000,0.523739,1,0.346715,0.346715,0.181877,0.123830,-0.199140,0.001151,0.399899
0.903500,-0.652500,0.555594,1,0.354347,0.354347,0.190255,0.129511,-0.206976,0.001151,0.398070
0.903500,-0.609000,0.585091,1,0.361882,0.361882,0.197624,0.136102,-0.214725,0.001151,0.395902
0.903500,-0.565500,0.617020,1,0.369313,0.369313,0.205267,0.140984,-0.222373,0.001151,0.393400
0.903500,-0.522000,0.651314,1,0.376631,0.376631,0.213139,0.144815,-0.229905,0.001151,0.390567
0.903500,-0.478500,0.687899,1,0.383831,0.383831,0.221203,0.149542,-0.237306,0.001151,0.387409
0.903500,-0.435000,0.726698,1,0.390905,0.390905,0.229424,0.155150,-0.244563,0.001151,0.383933
0.903500,-0.391500,0.767632,1,0.397847,0.397847,0.237771,0.161624,-0.251663,0.001151,0.380144
0.903500,-0.348000,0.810615,1,0.404651,0.404651,0.246216,0.167142,-0.258590,0.001151,0.376050
0.903500,-0.304500,0.855562,1,0.411312,0.411312,0.254734,0.170742,-0.265333,0.001151,0.371659
0.903500,-0.261000,0.902379,1,0.417823,0.417823,0.263302,0.175194,-0.271879,0.001151,0.366978
0.903500,-0.217500,0.950974,1,0.424180,0.424180,0.271902,0.180480,-0.278215,0.001151,0.362018
0.903500,-0.174000,1.001249,1,0.430378,0.430378,0.280513,0.186586,-0.284329,0.001151,0.356786
0.903500,-0.130500,1.053104,1,0.436412,0.436412,0.289120,0.192576,-0.290210,0.001151,0.351294
0.903500,-0.087000,1.106437,1,0.442277,0.442277,0.297707,0.195690,-0.295846,0.001151,0.345551
0.903500,-0.043500,1.161141,1,0.447970,0.447970,0.306260,0.199607,-0.301228,0.001151,0.339568
0.903500,0.000000,1.217111,1,0.453486,0.453486,0.314768,0.204312,-0.306344,0.001151,0.333357
0.903500,0.043500,1.274236,1,0.458821,0.458821,0.323216,0.209787,-0.311185,0.001151,0.326930
0.903500,0.087000,1.332406,1,0.463972,0.463972,0.331596,0.216017,-0.315743,0.001151,0.320297
0.903500,0.130500,1.391507,1,0.468936,0.468936,0.339897,0.218593,-0.320007,0.001151,0.313474
0.903500,0.174000,1.451425,1,0.473708,0.473708,0.348109,0.221715,-0.323971,0.001151,0.306471
0.903500,0.217500,1.512046,1,0.478285,0.478285,0.356223,0.225577,-0.327626,0.001151,0.299302
0.903500,0.261000,1.573252,1,0.482666,0.482666,0.364231,0.230163,-0.330966,0.001151,0.291981
0.903500,0.304500,1.634927,1,0.486846,0.486846,0.372126,0.235459,-0.333985,0.001151,0.284522
0.903500,0.348000,1.696952,1,0.490823,0.490823,0.379899,0.238532,-0.336676,0.001151,0.276938
0.903500,0.391500,1.759210,1,0.494595,0.494595,0.387544,0.240608,-0.339036,0.001151,0.269245
0.903500,0.435000,1.821584,1,0.498159,0.498159,0.395055,0.243380,-0.341058,0.001151,0.261457
0.903500,0.478500,1.883954,1,0.501513,0.501513,0.402424,0.246835,-0.342740,0.001151,0.253587
0.903500,0.522000,1.950837,1,0.504655,0.504655,0.409647,0.250957,-0.344078,0.001151,0.245653
0.903500,0.565500,2.032694,1,0.507583,0.507583,0.416717,0.254776,-0.345069,0.001151,0.237667
0.903500,0.609000,2.129823,1,0.510294,0.510294,0.423629,0.255576,-0.345713,0.001151,0.229646
0.903500,0.652500,2.242108,1,0.512788,0.512788,0.430377,0.257035,-0.346007,0.001150,0.221604
0.903500,0.696000,2.369435,1,0.515063,0.515063,0.436958,0.259140,-0.345951,0.001150,0.213558
0.903500,0.739500,2.511693,1,0.517118,0.517118,0.443366,0.261878,-0.345545,0.001150,0.205521
0.903500,0.783000,2.668769,1,0.518950,0.518950,0.449596,0.265237,-0.344790,0.001150,0.197510
0.903500,0.826500,2.840556,1,0.520560,0.520560,0.455645,0.266131,-0.343687,0.001150,0.189539
0.903500,0.870000,inf,0,inf,inf,inf,inf,0.000000,0.000000,0.000000
0.903500,0.913500,inf,0,inf,inf,inf,inf,0.000000,0.000000,0.000000
0.903500,0.957000,inf,0,inf,inf,inf,inf,0.000000,0.000000,0.000000
0.903500,1.000500,inf,0,inf,inf,inf,inf,0.000000,0.000000,0.000000
0.903500,1.044000,inf,0,inf,inf,inf,inf,0.000000,0.000000,0.000000
0.903500,1.087500,inf,0,inf,inf,inf,inf,0.000000,0.000000,0.000000
0.903500,1.131000,inf,0,inf,inf,inf,inf,0.000000,0.000000,0.000000
0.903500,1.174500,inf,0,inf,inf,inf,inf,0.000000,0.000000,0.000000
0.903500,1.218000,inf,0,inf,inf,inf,inf,0.000000,0.000000,0.000000
0.903500,1.261500,inf,0,inf,inf,inf,inf,0.000000,0.000000,0.000000
0.903500,1.305000,inf,0,inf,inf,inf,inf,0.000000,0.000000,0.000000
0.903500,1.348500,inf,0,inf,inf,inf,inf,0.000000,0.000000,0.000000
0.903500,1.392000,inf,0,inf,inf,inf,inf,0.000000,0.000000,0.000000
0.903500,1.435500,inf,0,inf,inf,inf,inf,0.000000,0.000000,0.000000
0.903500,1.479000,inf,0,inf,inf,inf,inf,0.000000,0.000000,0.000000
0.903500,1.522500,inf,0,inf,inf,inf,inf,0.000000,0.000000,0.000000
0.903500,1.566000,inf,0,inf,inf,inf,inf,0.000000,0.000000,0.000000
0.903500,1.609500,inf,0,inf,inf,inf,inf,0.000000,0.000000,0.000000
0.903500,1.653000,inf,0,inf,inf,inf,inf,0.000000,0.000000,0.000000
0.903500,1.696500,inf,0,inf,inf,inf,inf,0.000000,0.000000,0.000000
0.903500,1.740000,inf,0,inf,inf,inf,inf,0.000000,0.000000,0.000000
0.938250,-1.740000,0.806249,1,0.180012,0.180012,0.055117,0.039998,-0.032401,0.001151,0.341854
0.938250,-1.696500,0.683547,1,0.185022,0.185022,0.056789,0.040865,-0.038122,0.001151,0.347514
0.938250,-1.653000,0.575539,1,0.190497,0.190497,0.057248,0.042770,-0.044083,0.001151,0.352919
0.938250,-1.609500,0.484497,1,0.196391,0.196391,0.058502,0.045706,-0.050274,0.001151,0.358059
0.938250,-1.566000,0.413324,1,0.202654,0.202654,0.062858,0.049667,-0.056682,0.001151,0.362926
0.938250,-1.522500,0.354894,1,0.209244,0.209244,0.064430,0.051902,-0.063296,0.001151,0.367509
0.938250,-1.479000,0.315346,1,0.216117,0.216117,0.068097,0.053404,-0.070103,0.001151,0.371801
0.938250,-1.435500,0.295560,1,0.223236,0.223236,0.074145,0.055941,-0.077091,0.001151,0.375792
0.938250,-1.392000,0.288320,1,0.230565,0.230565,0.077531,0.059504,-0.084245,0.001151,0.379476
0.938250,-1.348500,0.292295,1,0.238072,0.238072,0.082625,0.064083,-0.091552,0.001151,0.382845
0.938250,-1.305000,0.300237,1,0.245726,0.245726,0.089454,0.068806,-0.099000,0.001151,0.385893
0.938250,-1.261500,0.307690,1,0.253500,0.253500,0.095348,0.070879,-0.106572,0.001151,0.388615
0.938250,-1.218000,0.315890,1,0.261370,0.261370,0.101091,0.073971,-0.114256,0.001151,0.391004
0.938250,-1.174500,0.327828,1,0.269313,0.269313,0.108102,0.078072,-0.122037,0.001151,0.393057
0.938250,-1.131000,0.343467,1,0.277308,0.277308,0.116139,0.083170,-0.129899,0.001151,0.394770
0.938250,-1.087500,0.357593,1,0.285337,0.285337,0.122905,0.089253,-0.137829,0.001151,0.396139
0.938250,-1.044000,0.373160,1,0.293382,0.293382,0.129748,0.092347,-0.145810,0.001151,0.397163
0.938250,-1.000500,0.392138,1,0.301427,0.301427,0.137377,0.095866,-0.153829,0.001151,0.397838
0.938250,-0.957000,0.414477,1,0.309458,0.309458,0.145655,0.100365,-0.161869,0.001151,0.398164
0.938250,-0.913500,0.439229,1,0.317460,0.317460,0.154175,0.105833,-0.169916,0.001151,0.398139
0.938250,-0.870000,0.461065,1,0.325422,0.325422,0.161256,0.112256,-0.177954,0.001151,0.397765
0.938250,-0.826500,0.485916,1,0.333333,0.333333,0.168851,0.116728,-0.185968,0.001151,0.397042
0.938250,-0.783000,0.513725,1,0.341180,0.341180,0.176879,0.120495,-0.193944,0.001151,0.395971
0.938250,-0.739500,0.544428,1,0.348954,0.348954,0.185270,0.125208,-0.201865,0.001151,0.394554
0.938250,-0.696000,0.577959,1,0.356646,0.356646,0.193963,0.130853,-0.209717,0.001151,0.392794
0.938250,-0.652500,0.609397,1,0.364246,0.364246,0.201705,0.137414,-0.217485,0.001151,0.390694
0.938250,-0.609000,0.641250,1,0.371747,0.371747,0.209204,0.142849,-0.225154,0.001151,0.388259
0.938250,-0.565500,0.675532,1,0.379140,0.379140,0.216954,0.146650,-0.232710,0.001151,0.385492
0.938250,-0.522000,0.712171,1,0.386418,0.386418,0.224914,0.151355,-0.240139,0.001151,0.382399
0.938250,-0.478500,0.751090,1,0.393575,0.393575,0.233048,0.156949,-0.247427,0.001151,0.378986
0.938250,-0.435000,0.792208,1,0.400602,0.400602,0.241325,0.163414,-0.254558,0.001151,0.375260
0.938250,-0.391500,0.835439,1,0.407495,0.407495,0.249715,0.169515,-0.261522,0.001151,0.371227
0.938250,-0.348000,0.880696,1,0.414247,0.414247,0.258193,0.173105,-0.268303,0.001151,0.366894
0.938250,-0.304500,0.927887,1,0.420852,0.420852,0.266734,0.177553,-0.274889,0.001151,0.362271
0.938250,-0.261000,0.976915,1,0.427305,0.427305,0.275317,0.182842,-0.281268,0.001151,0.357366
0.938250,-0.217500,1.027683,1,0.433601,0.433601,0.283923,0.188955,-0.287428,0.001151,0.352189
0.938250,-0.174000,1.080090,1,0.439735,0.439735,0.292534,0.195555,-0.293357,0.001151,0.346748
0.938250,-0.130500,1.134031,1,0.445703,0.445703,0.301135,0.198673,-0.299043,0.001151,0.341054
0.938250,-0.087000,1.189400,1,0.451499,0.451499,0.309710,0.202600,-0.304477,0.001151,0.335119
0.938250,-0.043500,1.246088,1,0.457119,0.457119,0.318247,0.207319,-0.309647,0.001151,0.328953
0.938250,0.000000,1.303984,1,0.462560,0.462560,0.326732,0.212814,-0.314545,0.001151,0.322568
0.938250,0.043500,1.362974,1,0.467818,0.467818,0.335154,0.219068,-0.319160,0.001151,0.315976
0.938250,0.087000,1.422945,1,0.472889,0.472889,0.343502,0.222264,-0.323484,0.001151,0.309190
0.938250,0.130500,1.483779,1,0.477769,0.477769,0.351767,0.225403,-0.327509,0.001151,0.302222
0.938250,0.174000,1.545360,1,0.482455,0.482455,0.359939,0.229286,-0.331226,0.001151,0.295085
0.938250,0.217500,1.607568,1,0.486944,0.486944,0.368009,0.233898,-0.334631,0.001151,0.287794
0.938250,0.261000,1.670285,1,0.491234,0.491234,0.375969,0.239223,-0.337714,0.001151,0.280362
0.938250,0.304500,1.733391,1,0.495320,0.495320,0.383811,0.242929,-0.340472,0.001151,0.272802
0.938250,0.348000,1.796764,1,0.499201,0.499201,0.391528,0.245024,-0.342899,0.001151,0.265130
0.938250,0.391500,1.860286,1,0.502875,0.502875,0.399113,0.247819,-0.344989,0.001151,0.257359
0.938250,0.435000,1.923834,1,0.506338,0.506338,0.406560,0.251298,-0.346740,0.001151,0.249505
0.938250,0.478500,1.989818,1,0.509588,0.509588,0.413862,0.255448,-0.348147,0.001151,0.241582
0.938250,0.522000,2.069764,1,0.512624,0.512624,0.421013,0.259907,-0.349208,0.001151,0.233606
0.938250,0.565500,2.165003,1,0.515443,0.515443,0.428008,0.260723,-0.349922,0.001151,0.225590
0.938250,0.609000,2.275418,1,0.518044,0.518044,0.434841,0.262198,-0.350286,0.001150,0.217552
0.938250,0.652500,2.400892,1,0.520426,0.520426,0.441507,0.264321,-0.350301,0.001150,0.209505
0.938250,0.696000,2.541309,1,0.522586,0.522586,0.448002,0.267078,-0.349965,0.001150,0.201465
0.938250,0.739500,2.696558,1,0.524523,0.524523,0.454320,0.270457,-0.349280,0.001150,0.193447
0.938250,0.783000,2.866525,1,0.526237,0.526237,0.460457,0.271980,-0.348248,0.001150,0.185467
0.938250,0.826500,inf,0,inf,inf,inf,inf,0.000000,0.000000,0.000000
0.938250,0.870000,inf,0,inf,inf,inf,inf,0.000000,0.000000,0.000000
0.938250,0.913500,inf,0,inf,inf,inf,inf,0.000000,0.000000,0.000000
0.938250,0.957000,inf,0,inf,inf,inf,inf,0.000000,0.000000,0.000000
0.938250,1.000500,inf,0,inf,inf,inf,inf,0.000000,0.000000,0.000000
0.938250,1.044000,inf,0,inf,inf,inf,inf,0.000000,0.000000,0.000000
0.938250,1.087500,inf,0,inf,inf,inf,inf,0.000000,0.000000,0.000000
0.938250,1.131000,inf,0,inf,inf,inf,inf,0.000000,0.000000,0.000000
0.938250,1.174500,inf,0,inf,inf,inf,inf,0.000000,0.000000,0.000000
0.938250,1.218000,inf,0,inf,inf,inf,inf,0.000000,0.000000,0.000000
0.938250,1.261500,inf,0,inf,inf,inf,inf,0.000000,0.000000,0.000000
0.938250,1.305000,inf,0,inf,inf,inf,inf,0.000000,0.000000,0.000000
0.938250,1.348500,inf,0,inf,inf,inf,inf,0.000000,0.000000,0.000000
0.938250,1.392000,inf,0,inf,inf,inf,inf,0.000000,0.000000,0.000000
0.938250,1.435500,inf,0,inf,inf,inf,inf,0.000000,0.000000,0.000000
0.938250,1.479000,inf,0,inf,inf,inf,inf,0.000000,0.000000,0.000000
0.938250,1.522500,inf,0,inf,inf,inf,inf,0.000000,0.000000,0.000000
0.938250,1.566000,inf,0,inf,inf,inf,inf,0.000000,0.000000,0.000000
0.938250,1.609500,inf,0,inf,inf,inf,inf,0.000000,0.000000,0.000000
0.938250,1.653000,inf,0,inf,inf,inf,inf,0.000000,0.000000,0.000000
0.938250,1.696500,inf,0,inf,inf,inf,inf,0.000000,0.000000,0.000000
0.938250,1.740000,inf,0,inf,inf,inf,inf,0.000000,0.000000,0.000000
0.973000,-1.740000,0.820578,1,0.188767,0.188767,0.062888,0.042218,-0.041062,0.001151,0.340578
0.973000,-1.696500,0.698200,1,0.193981,0.193981,0.064480,0.043960,-0.046976,0.001151,0.346035
0.973000,-1.653000,0.590197,1,0.199635,0.199635,0.064758,0.046741,-0.053122,0.001151,0.351230
0.973000,-1.609500,0.502148,1,0.205681,0.205681,0.067978,0.050554,-0.059487,0.001151,0.356152
0.973000,-1.566000,0.429857,1,0.212076,0.212076,0.070857,0.053207,-0.066061,0.001151,0.360793
0.973000,-1.522500,0.373461,1,0.218777,0.218777,0.073531,0.054563,-0.072830,0.001151,0.365144
0.973000,-1.479000,0.336911,1,0.225744,0.225744,0.078582,0.056962,-0.079782,0.001151,0.369196
0.973000,-1.435500,0.316294,1,0.232942,0.232942,0.083276,0.060395,-0.086904,0.001151,0.372942
0.973000,-1.392000,0.311361,1,0.240337,0.240337,0.087532,0.064851,-0.094182,0.001151,0.376375
0.973000,-1.348500,0.318291,1,0.247897,0.247897,0.093573,0.070029,-0.101602,0.001151,0.379489
0.973000,-1.305000,0.328443,1,0.255594,0.255594,0.100671,0.071982,-0.109151,0.001151,0.382276
0.973000,-1.261500,0.335689,1,0.263403,0.263403,0.105765,0.074963,-0.116813,0.001151,0.384733
0.973000,-1.218000,0.346753,1,0.271299,0.271299,0.112177,0.078960,-0.124576,0.001151,0.386854
0.973000,-1.174500,0.361601,1,0.279261,0.279261,0.119685,0.083963,-0.132423,0.001151,0.388636
0.973000,-1.131000,0.378826,1,0.287269,0.287269,0.127549,0.089960,-0.140340,0.001151,0.390074
0.973000,-1.087500,0.393668,1,0.295305,0.295305,0.133946,0.093540,-0.148312,0.001151,0.391167
0.973000,-1.044000,0.411999,1,0.303351,0.303351,0.141175,0.096973,-0.156325,0.001151,0.391912
0.973000,-1.000500,0.433771,1,0.311393,0.311393,0.149103,0.101396,-0.164362,0.001151,0.392309
0.973000,-0.957000,0.458931,1,0.319416,0.319416,0.157612,0.106796,-0.172408,0.001151,0.392355
0.973000,-0.913500,0.483340,1,0.327407,0.327407,0.165368,0.113159,-0.180449,0.001151,0.392051
0.973000,-0.870000,0.507769,1,0.335354,0.335354,0.172698,0.118153,-0.188470,0.001151,0.391398
0.973000,-0.826500,0.535228,1,0.343245,0.343245,0.180494,0.121862,-0.196454,0.001151,0.390397
0.973000,-0.783000,0.565657,1,0.351069,0.351069,0.188684,0.126524,-0.204387,0.001151,0.389049
0.973000,-0.739500,0.598988,1,0.358817,0.358817,0.197205,0.132126,-0.212255,0.001151,0.387358
0.973000,-0.696000,0.634241,1,0.366479,0.366479,0.205781,0.138652,-0.220041,0.001151,0.385326
0.973000,-0.652500,0.665951,1,0.374046,0.374046,0.213128,0.144645,-0.227731,0.001151,0.382958
0.973000,-0.609000,0.700157,1,0.381510,0.381510,0.220746,0.148411,-0.235311,0.001151,0.380257
0.973000,-0.565500,0.736787,1,0.388864,0.388864,0.228593,0.153088,-0.242767,0.001151,0.377230
0.973000,-0.522000,0.775763,1,0.396100,0.396100,0.236632,0.158661,-0.250084,0.001151,0.373881
0.973000,-0.478500,0.817004,1,0.403211,0.403211,0.244831,0.165114,-0.257248,0.001151,0.370217
0.973000,-0.435000,0.860424,1,0.410190,0.410190,0.253158,0.171804,-0.264246,0.001151,0.366245
0.973000,-0.391500,0.905934,1,0.417031,0.417031,0.261587,0.175379,-0.271065,0.001151,0.361972
0.973000,-0.348000,0.953441,1,0.423728,0.423728,0.270093,0.179819,-0.277691,0.001151,0.357407
0.973000,-0.304500,1.002849,1,0.430276,0.430276,0.278654,0.185106,-0.284113,0.001151,0.352558
0.973000,-0.261000,1.054059,1,0.436669,0.436669,0.287248,0.191224,-0.290318,0.001151,0.347434
0.973000,-0.217500,1.106967,1,0.442902,0.442902,0.295859,0.198156,-0.296294,0.001151,0.342045
0.973000,-0.174000,1.161470,1,0.448971,0.448971,0.304468,0.201560,-0.302030,0.001151,0.336402
0.973000,-0.130500,1.217458,1,0.454869,0.454869,0.313060,0.205493,-0.307516,0.001151,0.330514
0.973000,-0.087000,1.274821,1,0.460594,0.460594,0.321621,0.210224,-0.312740,0.001151,0.324394
0.973000,-0.043500,1.333447,1,0.466140,0.466140,0.330138,0.215736,-0.317693,0.001151,0.318052
0.973000,0.000000,1.393220,1,0.471504,0.471504,0.338598,0.222012,-0.322365,0.001151,0.311501
0.973000,0.043500,1.454025,1,0.476682,0.476682,0.346991,0.225837,-0.326749,0.001151,0.304752
0.973000,0.087000,1.515742,1,0.481671,0.481671,0.355306,0.228991,-0.330834,0.001151,0.297820
0.973000,0.130500,1.578254,1,0.486466,0.486466,0.363532,0.232895,-0.334615,0.001151,0.290716
0.973000,0.174000,1.641437,1,0.491065,0.491065,0.371662,0.237531,-0.338082,0.001151,0.283455
0.973000,0.217500,1.705173,1,0.495464,0.495464,0.379685,0.242883,-0.341231,0.001151,0.276050
0.973000,0.261000,1.769337,1,0.499660,0.499660,0.387594,0.247234,-0.344055,0.001151,0.268515
0.973000,0.304500,1.833807,1,0.503652,0.503652,0.395382,0.249348,-0.346548,0.001151,0.260864
0.973000,0.348000,1.898461,1,0.507435,0.507435,0.403041,0.252164,-0.348707,0.001151,0.253112
0.973000,0.391500,1.963175,1,0.511008,0.511008,0.410564,0.255668,-0.350526,0.001151,0.245273
0.973000,0.435000,2.028884,1,0.514368,0.514368,0.417944,0.259845,-0.352002,0.001151,0.237363
0.973000,0.478500,2.106911,1,0.517514,0.517514,0.425176,0.264680,-0.353134,0.001151,0.229396
0.973000,0.522000,2.200257,1,0.520443,0.520443,0.432254,0.265789,-0.353917,0.001150,0.221387
0.973000,0.565500,2.308801,1,0.523153,0.523153,0.439171,0.267282,-0.354352,0.001150,0.213352
0.973000,0.609000,2.432424,1,0.525642,0.525642,0.445924,0.269424,-0.354437,0.001150,0.205306
0.973000,0.652500,2.571009,1,0.527910,0.527910,0.452505,0.272202,-0.354172,0.001150,0.197263
0.973000,0.696000,2.724438,1,0.529954,0.529954,0.458912,0.275602,-0.353557,0.001150,0.189240
0.973000,0.739500,2.892597,1,0.531773,0.531773,0.465138,0.277767,-0.352594,0.001150,0.181251
0.973000,0.783000,inf,0,inf,inf,inf,inf,0.000000,0.000000,0.000000
0.973000,0.826500,inf,0,inf,inf,inf,inf,0.000000,0.000000,0.000000
0.973000,0.870000,inf,0,inf,inf,inf,inf,0.000000,0.000000,0.000000
0.973000,0.913500,inf,0,inf,inf,inf,inf,0.000000,0.000000,0.000000
0.973000,0.957000,inf,0,inf,inf,inf,inf,0.000000,0.000000,0.000000
0.973000,1.000500,inf,0,inf,inf,inf,inf,0.000000,0.000000,0.000000
0.973000,1.044000,inf,0,inf,inf,inf,inf,0.000000,0.000000,0.000000
0.973000,1.087500,inf,0,inf,inf,inf,inf,0.000000,0.000000,0.000000
0.973000,1.131000,inf,0,inf,inf,inf,inf,0.000000,0.000000,0.000000
0.973000,1.174500,inf,0,inf,inf,inf,inf,0.000000,0.000000,0.000000
0.973000,1.218000,inf,0,inf,inf,inf,inf,0.000000,0.000000,0.000000
0.973000,1.261500,inf,0,inf,inf,inf,inf,0.000000,0.000000,0.000000
0.973000,1.305000,inf,0,inf,inf,inf,inf,0.000000,0.000000,0.000000
0.973000,1.348500,inf,0,inf,inf,inf,inf,0.000000,0.000000,0.000000
0.973000,1.392000,inf,0,inf,inf,inf,inf,0.000000,0.000000,0.000000
0.973000,1.435500,inf,0,inf,inf,inf,inf,0.000000,0.000000,0.000000
0.973000,1.479000,inf,0,inf,inf,inf,inf,0.000000,0.000000,0.000000
0.973000,1.522500,inf,0,inf,inf,inf,inf,0.000000,0.000000,0.000000
0.973000,1.566000,inf,0,inf,inf,inf,inf,0.000000,0.000000,0.000000
0.973000,1.609500,inf,0,inf,inf,inf,inf,0.000000,0.000000,0.000000
0.973000,1.653000,inf,0,inf,inf,inf,inf,0.000000,0.000000,0.000000
0.973000,1.696500,inf,0,inf,inf,inf,inf,0.000000,0.000000,0.000000
0.973000,1.740000,inf,0,inf,inf,inf,inf,0.000000,0.000000,0.000000
1.007750,-1.740000,0.838115,1,0.197513,0.197513,0.071872,0.045204,-0.049674,0.001151,0.339001
1.007750,-1.696500,0.713069,1,0.202919,0.202919,0.071307,0.047822,-0.055774,0.001151,0.344249
1.007750,-1.653000,0.608044,1,0.208739,0.208739,0.073494,0.051479,-0.062096,0.001151,0.349227
1.007750,-1.609500,0.521976,1,0.214929,0.214929,0.077522,0.054552,-0.068629,0.001151,0.353926
1.007750,-1.566000,0.448633,1,0.221447,0.221447,0.079290,0.055754,-0.075360,0.001151,0.358336
1.007750,-1.522500,0.395221,1,0.228252,0.228252,0.083391,0.058007,-0.082276,0.001151,0.362449
1.007750,-1.479000,0.361300,1,0.235308,0.235308,0.089264,0.061302,-0.089365,0.001151,0.366257
1.007750,-1.435500,0.339551,1,0.242580,0.242580,0.092721,0.065629,-0.096612,0.001151,0.369754
1.007750,-1.392000,0.337561,1,0.250037,0.250037,0.097986,0.070978,-0.104005,0.001151,0.372932
1.007750,-1.348500,0.347492,1,0.257647,0.257647,0.104775,0.073088,-0.111529,0.001151,0.375785
1.007750,-1.305000,0.356675,1,0.265385,0.265385,0.110647,0.075950,-0.119170,0.001151,0.378309
1.007750,-1.261500,0.366775,1,0.273226,0.273226,0.116458,0.079836,-0.126913,0.001151,0.380498
1.007750,-1.218000,0.380741,1,0.281147,0.281147,0.123423,0.084737,-0.134744,0.001151,0.382348
1.007750,-1.174500,0.398533,1,0.289126,0.289126,0.131346,0.090639,-0.142649,0.001151,0.383856
1.007750,-1.131000,0.415153,1,0.297145,0.297145,0.138272,0.094708,-0.150611,0.001151,0.385018
1.007750,-1.087500,0.432752,1,0.305186,0.305186,0.145090,0.098049,-0.158617,0.001151,0.385834
1.007750,-1.044000,0.453871,1,0.313233,0.313233,0.152654,0.102389,-0.166650,0.001151,0.386300
1.007750,-1.000500,0.478459,1,0.321270,0.321270,0.160844,0.107714,-0.174696,0.001151,0.386417
1.007750,-0.957000,0.506397,1,0.329284,0.329284,0.169537,0.114009,-0.182739,0.001151,0.386184
1.007750,-0.913500,0.530325,1,0.337262,0.337262,0.176592,0.119530,-0.190765,0.001151,0.385601
1.007750,-0.870000,0.557358,1,0.345191,0.345191,0.184144,0.123173,-0.198758,0.001151,0.384669
1.007750,-0.826500,0.587436,1,0.353060,0.353060,0.192120,0.127778,-0.206703,0.001151,0.383391
1.007750,-0.783000,0.620491,1,0.360860,0.360860,0.200457,0.133331,-0.214584,0.001151,0.381769
1.007750,-0.739500,0.656451,1,0.368579,0.368579,0.209096,0.139816,-0.222388,0.001151,0.379805
1.007750,-0.696000,0.691125,1,0.376209,0.376209,0.217040,0.146371,-0.230099,0.001151,0.377504
1.007750,-0.652500,0.725189,1,0.383742,0.383742,0.224516,0.150096,-0.237702,0.001151,0.374870
1.007750,-0.609000,0.761744,1,0.391168,0.391168,0.232241,0.154740,-0.245184,0.001151,0.371908
1.007750,-0.565500,0.800714,1,0.398480,0.398480,0.240177,0.160287,-0.252530,0.001151,0.368623
1.007750,-0.522000,0.842015,1,0.405672,0.405672,0.248289,0.166721,-0.259726,0.001151,0.365022
1.007750,-0.478500,0.885562,1,0.412735,0.412735,0.256545,0.174007,-0.266759,0.001151,0.361111
1.007750,-0.435000,0.931266,1,0.419664,0.419664,0.264919,0.177563,-0.273615,0.001151,0.356898
1.007750,-0.391500,0.979032,1,0.426451,0.426451,0.273382,0.181990,-0.280281,0.001151,0.352391
1.007750,-0.348000,1.028764,1,0.433092,0.433092,0.281913,0.187271,-0.286745,0.001151,0.347599
1.007750,-0.304500,1.080361,1,0.439581,0.439581,0.290490,0.193389,-0.292994,0.001151,0.342529
1.007750,-0.261000,1.133719,1,0.445912,0.445912,0.299093,0.200327,-0.299017,0.001151,0.337193
1.007750,-0.217500,1.188733,1,0.452080,0.452080,0.307705,0.204347,-0.304803,0.001151,0.331600
1.007750,-0.174000,1.245292,1,0.458080,0.458080,0.316309,0.208283,-0.310339,0.001151,0.325761
1.007750,-0.130500,1.303286,1,0.463908,0.463908,0.324890,0.213023,-0.315617,0.001151,0.319686
1.007750,-0.087000,1.362598,1,0.469559,0.469559,0.333435,0.218549,-0.320625,0.001151,0.313388
1.007750,-0.043500,1.423114,1,0.475030,0.475030,0.341930,0.224845,-0.325355,0.001151,0.306878
1.007750,0.000000,1.484715,1,0.480315,0.480315,0.350363,0.229308,-0.329797,0.001151,0.300168
1.007750,0.043500,1.547280,1,0.485411,0.485411,0.358725,0.232476,-0.333943,0.001151,0.293272
1.007750,0.087000,1.610689,1,0.490316,0.490316,0.367003,0.236397,-0.337785,0.001151,0.286201
1.007750,0.130500,1.674818,1,0.495024,0.495024,0.375189,0.241055,-0.341317,0.001151,0.278971
1.007750,0.174000,1.739544,1,0.499533,0.499533,0.383274,0.246434,-0.344530,0.001151,0.271593
1.007750,0.217500,1.804743,1,0.503841,0.503841,0.391249,0.251442,-0.347420,0.001151,0.264083
1.007750,0.261000,1.870289,1,0.507943,0.507943,0.399105,0.253573,-0.349980,0.001151,0.256455
1.007750,0.304500,1.936057,1,0.511837,0.511837,0.406836,0.256410,-0.352206,0.001151,0.248722
1.007750,0.348000,2.001921,1,0.515521,0.515521,0.414434,0.259938,-0.354094,0.001151,0.240899
1.007750,0.391500,2.067974,1,0.518993,0.518993,0.421892,0.264142,-0.355639,0.001151,0.233002
1.007750,0.435000,2.144073,1,0.522249,0.522249,0.429205,0.269006,-0.356840,0.001151,0.225046
1.007750,0.478500,2.235519,1,0.525288,0.525288,0.436365,0.270770,-0.357694,0.001150,0.217044
1.007750,0.522000,2.342190,1,0.528109,0.528109,0.443366,0.272281,-0.358199,0.001150,0.209013
1.007750,0.565500,2.463962,1,0.530708,0.530708,0.450204,0.274442,-0.358354,0.001150,0.200968
1.007750,0.609000,2.600716,1,0.533085,0.533085,0.456874,0.277241,-0.358159,0.001150,0.192923
1.007750,0.652500,2.752332,1,0.535237,0.535237,0.463369,0.280664,-0.357615,0.001150,0.184895
1.007750,0.696000,2.918692,1,0.537165,0.537165,0.469685,0.283487,-0.356722,0.001150,0.176898
1.007750,0.739500,inf,0,inf,inf,inf,inf,0.000000,0.000000,0.000000
1.007750,0.783000,inf,0,inf,inf,inf,inf,0.000000,0.000000,0.000000
1.007750,0.826500,inf,0,inf,inf,inf,inf,0.000000,0.000000,0.000000
1.007750,0.870000,inf,0,inf,inf,inf,inf,0.000000,0.000000,0.000000
1.007750,0.913500,inf,0,inf,inf,inf,inf,0.000000,0.000000,0.000000
1.007750,0.957000,inf,0,inf,inf,inf,inf,0.000000,0.000000,0.000000
1.007750,1.000500,inf,0,inf,inf,inf,inf,0.000000,0.000000,0.000000
1.007750,1.044000,inf,0,inf,inf,inf,inf,0.000000,0.000000,0.000000
1.007750,1.087500,inf,0,inf,inf,inf,inf,0.000000,0.000000,0.000000
1.007750,1.131000,inf,0,inf,inf,inf,inf,0.000000,0.000000,0.000000
1.007750,1.174500,inf,0,inf,inf,inf,inf,0.000000,0.000000,0.000000
1.007750,1.218000,inf,0,inf,inf,inf,inf,0.000000,0.000000,0.000000
1.007750,1.261500,inf,0,inf,inf,inf,inf,0.000000,0.000000,0.000000
1.007750,1.305000,inf,0,inf,inf,inf,inf,0.000000,0.000000,0.000000
1.007750,1.348500,inf,0,inf,inf,inf,inf,0.000000,0.000000,0.000000
1.007750,1.392000,inf,0,inf,inf,inf,inf,0.000000,0.000000,0.000000
1.007750,1.435500,inf,0,inf,inf,inf,inf,0.000000,0.000000,0.000000
1.007750,1.479000,inf,0,inf,inf,inf,inf,0.000000,0.000000,0.000000
1.007750,1.522500,inf,0,inf,inf,inf,inf,0.000000,0.000000,0.000000
1.007750,1.566000,inf,0,inf,inf,inf,inf,0.000000,0.000000,0.000000
1.007750,1.609500,inf,0,inf,inf,inf,inf,0.000000,0.000000,0.000000
1.007750,1.653000,inf,0,inf,inf,inf,inf,0.000000,0.000000,0.000000
1.007750,1.696500,inf,0,inf,inf,inf,inf,0.000000,0.000000,0.000000
1.007750,1.740000,inf,0,inf,inf,inf,inf,0.000000,0.000000,0.000000
1.042500,-1.740000,0.853148,1,0.206243,0.206243,0.078097,0.048950,-0.058226,0.001151,0.337126
1.042500,-1.696500,0.731049,1,0.211828,0.211828,0.079347,0.052444,-0.064504,0.001151,0.342159
1.042500,-1.653000,0.629060,1,0.217803,0.217803,0.083061,0.055941,-0.070995,0.001151,0.346915
1.042500,-1.609500,0.540897,1,0.224128,0.224128,0.085327,0.056980,-0.077688,0.001151,0.351383
1.042500,-1.566000,0.470525,1,0.230761,0.230761,0.088530,0.059079,-0.084568,0.001151,0.355557
1.042500,-1.522500,0.420150,1,0.237666,0.237666,0.093761,0.062227,-0.091623,0.001151,0.359427
1.042500,-1.479000,0.384711,1,0.244805,0.244805,0.098163,0.066417,-0.098839,0.001151,0.362987
1.042500,-1.435500,0.365893,1,0.252148,0.252148,0.102669,0.071637,-0.106204,0.001151,0.366229
1.042500,-1.392000,0.366892,1,0.259662,0.259662,0.108749,0.074201,-0.113703,0.001151,0.369148
1.042500,-1.348500,0.378878,1,0.267320,0.267320,0.115722,0.076935,-0.121321,0.001151,0.371739
1.042500,-1.305000,0.387921,1,0.275096,0.275096,0.120935,0.080702,-0.129045,0.001151,0.373996
1.042500,-1.261500,0.400913,1,0.282967,0.282967,0.127347,0.085492,-0.136860,0.001151,0.375914
1.042500,-1.218000,0.417815,1,0.290910,0.290910,0.134778,0.091293,-0.144751,0.001151,0.377491
1.042500,-1.174500,0.437637,1,0.298905,0.298905,0.142724,0.095854,-0.152703,0.001151,0.378723
1.042500,-1.131000,0.454418,1,0.306933,0.306933,0.149121,0.099095,-0.160701,0.001151,0.379609
1.042500,-1.087500,0.474799,1,0.314978,0.314978,0.156306,0.103344,-0.168730,0.001151,0.380146
1.042500,-1.044000,0.498729,1,0.323023,0.323023,0.164161,0.108586,-0.176774,0.001151,0.380333
1.042500,-1.000500,0.526152,1,0.331054,0.331054,0.172582,0.114807,-0.184819,0.001151,0.380170
1.042500,-0.957000,0.553597,1,0.339057,0.339057,0.180534,0.120860,-0.192850,0.001151,0.379657
1.042500,-0.913500,0.580127,1,0.347019,0.347019,0.187830,0.124429,-0.200851,0.001151,0.378796
1.042500,-0.870000,0.609777,1,0.354929,0.354929,0.195580,0.128970,-0.208806,0.001151,0.377587
1.042500,-0.826500,0.642480,1,0.362776,0.362776,0.203720,0.134467,-0.216702,0.001151,0.376034
1.042500,-0.783000,0.678164,1,0.370549,0.370549,0.212189,0.140904,-0.224522,0.001151,0.374139
1.042500,-0.739500,0.716752,1,0.378238,0.378238,0.220935,0.148029,-0.232253,0.001151,0.371905
1.042500,-0.696000,0.750627,1,0.385835,0.385835,0.228267,0.151706,-0.239879,0.001151,0.369338
1.042500,-0.652500,0.787042,1,0.393330,0.393330,0.235861,0.156310,-0.247387,0.001151,0.366441
1.042500,-0.609000,0.825939,1,0.400716,0.400716,0.243684,0.161825,-0.254761,0.001151,0.363221
1.042500,-0.565500,0.867237,1,0.407986,0.407986,0.251701,0.168235,-0.261988,0.001151,0.359682
1.042500,-0.522000,0.910849,1,0.415130,0.415130,0.259879,0.175522,-0.269055,0.001151,0.355833
1.042500,-0.478500,0.956684,1,0.422144,0.422144,0.268188,0.179655,-0.275947,0.001151,0.351681
1.042500,-0.435000,1.004650,1,0.429020,0.429020,0.276603,0.184064,-0.282653,0.001151,0.347232
1.042500,-0.391500,1.054647,1,0.435753,0.435753,0.285097,0.189333,-0.289158,0.001151,0.342496
1.042500,-0.348000,1.106576,1,0.442335,0.442335,0.293649,0.195447,-0.295452,0.001151,0.337482
1.042500,-0.304500,1.160330,1,0.448763,0.448763,0.302239,0.202389,-0.301522,0.001151,0.332199
1.042500,-0.261000,1.215803,1,0.455029,0.455029,0.310848,0.207033,-0.307356,0.001151,0.326657
1.042500,-0.217500,1.272884,1,0.461130,0.461130,0.319458,0.210968,-0.312943,0.001151,0.320866
1.042500,-0.174000,1.331459,1,0.467061,0.467061,0.328055,0.215712,-0.318274,0.001151,0.314838
1.042500,-0.130500,1.391413,1,0.472816,0.472816,0.336622,0.221249,-0.323337,0.001151,0.308583
1.042500,-0.087000,1.452628,1,0.478392,0.478392,0.345148,0.227561,-0.328123,0.001151,0.302115
1.042500,-0.043500,1.514984,1,0.483784,0.483784,0.353619,0.232674,-0.332624,0.001151,0.295444
1.042500,0.000000,1.578359,1,0.488989,0.488989,0.362023,0.235852,-0.336830,0.001151,0.288584
1.042500,0.043500,1.642630,1,0.494002,0.494002,0.370351,0.239789,-0.340734,0.001151,0.281548
1.042500,0.087000,1.707672,1,0.498820,0.498820,0.378591,0.244467,-0.344329,0.001151,0.274349
1.042500,0.130500,1.773359,1,0.503440,0.503440,0.386734,0.249871,-0.347606,0.001151,0.267000
1.042500,0.174000,1.839565,1,0.507859,0.507859,0.394772,0.255547,-0.350562,0.001151,0.259515
1.042500,0.217500,1.906162,1,0.512072,0.512072,0.402696,0.257694,-0.353188,0.001151,0.251909
1.042500,0.261000,1.973022,1,0.516079,0.516079,0.410497,0.260551,-0.355482,0.001151,0.244196
1.042500,0.304500,2.040018,1,0.519875,0.519875,0.418169,0.264102,-0.357438,0.001151,0.236390
1.042500,0.348000,2.107022,1,0.523458,0.523458,0.425704,0.268333,-0.359053,0.001151,0.228507
1.042500,0.391500,2.181190,1,0.526826,0.526826,0.433096,0.273227,-0.360323,0.001150,0.220561
1.042500,0.435000,2.270728,1,0.529977,0.529977,0.440337,0.275657,-0.361247,0.001150,0.212568
1.042500,0.478500,2.375518,1,0.532909,0.532909,0.447423,0.277186,-0.361822,0.001150,0.204541
1.042500,0.522000,2.495436,1,0.535620,0.535620,0.454347,0.279367,-0.362048,0.001150,0.196498
1.042500,0.565500,2.630359,1,0.538107,0.538107,0.461103,0.282189,-0.361924,0.001150,0.188452
1.042500,0.609000,2.780164,1,0.540370,0.540370,0.467687,0.285635,-0.361450,0.001150,0.180419
1.042500,0.652500,2.944731,1,0.542407,0.542407,0.474094,0.289130,-0.360627,0.001150,0.172414
1.042500,0.696000,3.123941,1,0.544216,0.544216,0.480318,0.289116,-0.359456,0.001150,0.164453
1.042500,0.739500,inf,0,inf,inf,inf,inf,0.000000,0.000000,0.000000
1.042500,0.783000,inf,0,inf,inf,inf,inf,0.000000,0.000000,0.000000
1.042500,0.826500,inf,0,inf,inf,inf,inf,0.000000,0.000000,0.000000
1.042500,0.870000,inf,0,inf,inf,inf,inf,0.000000,0.000000,0.000000
1.042500,0.913500,inf,0,inf,inf,inf,inf,0.000000,0.000000,0.000000
1.042500,0.957000,inf,0,inf,inf,inf,inf,0.000000,0.000000,0.000000
1.042500,1.000500,inf,0,inf,inf,inf,inf,0.000000,0.000000,0.000000
1.042500,1.044000,inf,0,inf,inf,inf,inf,0.000000,0.000000,0.000000
1.042500,1.087500,inf,0,inf,inf,inf,inf,0.000000,0.000000,0.000000
1.042500,1.131000,inf,0,inf,inf,inf,inf,0.000000,0.000000,0.000000
1.042500,1.174500,inf,0,inf,inf,inf,inf,0.000000,0.000000,0.000000
1.042500,1.218000,inf,0,inf,inf,inf,inf,0.000000,0.000000,0.000000
1.042500,1.261500,inf,0,inf,inf,inf,inf,0.000000,0.000000,0.000000
1.042500,1.305000,inf,0,inf,inf,inf,inf,0.000000,0.000000,0.000000
1.042500,1.348500,inf,0,inf,inf,inf,inf,0.000000,0.000000,0.000000
1.042500,1.392000,inf,0,inf,inf,inf,inf,0.000000,0.000000,0.000000
1.042500,1.435500,inf,0,inf,inf,inf,inf,0.000000,0.000000,0.000000
1.042500,1.479000,inf,0,inf,inf,inf,inf,0.000000,0.000000,0.000000
1.042500,1.522500,inf,0,inf,inf,inf,inf,0.000000,0.000000,0.000000
1.042500,1.566000,inf,0,inf,inf,inf,inf,0.000000,0.000000,0.000000
1.042500,1.609500,inf,0,inf,inf,inf,inf,0.000000,0.000000,0.000000
1.042500,1.653000,inf,0,inf,inf,inf,inf,0.000000,0.000000,0.000000
1.042500,1.696500,inf,0,inf,inf,inf,inf,0.000000,0.000000,0.000000
1.042500,1.740000,inf,0,inf,inf,inf,inf,0.000000,0.000000,0.000000
1.077250,-1.740000,0.871197,1,0.214948,0.214948,0.085487,0.053450,-0.066707,0.001151,0.334955
1.077250,-1.696500,0.752120,1,0.220701,0.220701,0.088261,0.057375,-0.073156,0.001151,0.339767
1.077250,-1.653000,0.650288,1,0.226823,0.226823,0.091605,0.058243,-0.079809,0.001151,0.344294
1.077250,-1.609500,0.562858,1,0.233274,0.233274,0.093963,0.060179,-0.086652,0.001151,0.348528
1.077250,-1.566000,0.495510,1,0.240016,0.240016,0.098342,0.063173,-0.093673,0.001151,0.352459
1.077250,-1.522500,0.446871,1,0.247014,0.247014,0.103831,0.067217,-0.100859,0.001151,0.356082
1.077250,-1.479000,0.411130,1,0.254232,0.254232,0.107602,0.072300,-0.108194,0.001151,0.359389
1.077250,-1.435500,0.395290,1,0.261640,0.261640,0.112976,0.075322,-0.115667,0.001151,0.362374
1.077250,-1.392000,0.399320,1,0.269210,0.269210,0.119729,0.077919,-0.123263,0.001151,0.365031
1.077250,-1.348500,0.410219,1,0.276912,0.276912,0.125596,0.081559,-0.130967,0.001151,0.367355
1.077250,-1.305000,0.422146,1,0.284724,0.284724,0.131451,0.086231,-0.138765,0.001151,0.369342
1.077250,-1.261500,0.438065,1,0.292622,0.292622,0.138374,0.091922,-0.146641,0.001151,0.370988
1.077250,-1.218000,0.457934,1,0.300585,0.300585,0.146203,0.096981,-0.154582,0.001151,0.372290
1.077250,-1.174500,0.477017,1,0.308594,0.308594,0.153265,0.100113,-0.162572,0.001151,0.373245
1.077250,-1.131000,0.496574,1,0.316630,0.316630,0.160059,0.104262,-0.170596,0.001151,0.373852
1.077250,-1.087500,0.519761,1,0.324676,0.324676,0.167565,0.109414,-0.178639,0.001151,0.374109
1.077250,-1.044000,0.546521,1,0.332718,0.332718,0.175679,0.115554,-0.186685,0.001151,0.374017
1.077250,-1.000500,0.576793,1,0.340741,0.340741,0.184306,0.122143,-0.194720,0.001151,0.373575
1.077250,-0.957000,0.603546,1,0.348732,0.348732,0.191553,0.125632,-0.202728,0.001151,0.372783
1.077250,-0.913500,0.632690,1,0.356677,0.356677,0.199066,0.130101,-0.210694,0.001151,0.371644
1.077250,-0.870000,0.664963,1,0.364566,0.364566,0.206997,0.135535,-0.218602,0.001151,0.370160
1.077250,-0.826500,0.700295,1,0.372388,0.372388,0.215284,0.141917,-0.226439,0.001151,0.368334
1.077250,-0.783000,0.738608,1,0.380133,0.380133,0.223875,0.149232,-0.234189,0.001151,0.366168
1.077250,-0.739500,0.776473,1,0.387790,0.387790,0.231999,0.153239,-0.241837,0.001151,0.363667
1.077250,-0.696000,0.812679,1,0.395351,0.395351,0.239454,0.157797,-0.249370,0.001151,0.360836
1.077250,-0.652500,0.851438,1,0.402808,0.402808,0.247156,0.163275,-0.256772,0.001151,0.357680
1.077250,-0.609000,0.892667,1,0.410152,0.410152,0.255069,0.169654,-0.264030,0.001151,0.354206
1.077250,-0.565500,0.936279,1,0.417376,0.417376,0.263160,0.176920,-0.271130,0.001151,0.350419
1.077250,-0.522000,0.982184,1,0.424473,0.424473,0.271398,0.181655,-0.278059,0.001151,0.346326
1.077250,-0.478500,1.030288,1,0.431435,0.431435,0.279755,0.186039,-0.284803,0.001151,0.341937
1.077250,-0.435000,1.080491,1,0.438257,0.438257,0.288206,0.191293,-0.291350,0.001151,0.337258
1.077250,-0.391500,1.132692,1,0.444932,0.444932,0.296727,0.197398,-0.297687,0.001151,0.332299
1.077250,-0.348000,1.186786,1,0.451454,0.451454,0.305298,0.204337,-0.303802,0.001151,0.327069
1.077250,-0.304500,1.242664,1,0.457818,0.457818,0.313898,0.209615,-0.309685,0.001151,0.321578
1.077250,-0.261000,1.300213,1,0.464018,0.464018,0.322509,0.213544,-0.315323,0.001151,0.315836
1.077250,-0.217500,1.359321,1,0.470051,0.470051,0.331115,0.218289,-0.320706,0.001151,0.309855
1.077250,-0.174000,1.419868,1,0.475909,0.475909,0.339702,0.223833,-0.325823,0.001151,0.303645
1.077250,-0.130500,1.481737,1,0.481590,0.481590,0.348253,0.230159,-0.330666,0.001151,0.297219
1.077250,-0.087000,1.544805,1,0.487089,0.487089,0.356757,0.235932,-0.335225,0.001151,0.290588
1.077250,-0.043500,1.608949,1,0.492401,0.492401,0.365202,0.239117,-0.339491,0.001151,0.283765
1.077250,0.000000,1.674044,1,0.497523,0.497523,0.373575,0.243066,-0.343457,0.001151,0.276763
1.077250,0.043500,1.739962,1,0.502451,0.502451,0.381866,0.247762,-0.347114,0.001151,0.269595
1.077250,0.087000,1.806577,1,0.507182,0.507182,0.390066,0.253189,-0.350456,0.001151,0.262275
1.077250,0.130500,1.873760,1,0.511712,0.511712,0.398164,0.259328,-0.353477,0.001151,0.254817
1.077250,0.174000,1.941380,1,0.516037,0.516037,0.406153,0.261707,-0.356170,0.001151,0.247234
1.077250,0.217500,2.009309,1,0.520156,0.520156,0.414023,0.264581,-0.358531,0.001151,0.239542
1.077250,0.261000,2.077415,1,0.524065,0.524065,0.421767,0.268155,-0.360555,0.001151,0.231754
1.077250,0.304500,2.145569,1,0.527761,0.527761,0.429377,0.272411,-0.362239,0.001151,0.223885
1.077250,0.348000,2.218205,1,0.531242,0.531242,0.436847,0.277334,-0.363579,0.001150,0.215950
1.077250,0.391500,2.305821,1,0.534506,0.534506,0.444170,0.280446,-0.364573,0.001150,0.207965
1.077250,0.435000,2.408721,1,0.537550,0.537550,0.451339,0.281991,-0.365218,0.001150,0.199944
1.077250,0.478500,2.526779,1,0.540373,0.540373,0.458348,0.284193,-0.365514,0.001150,0.191903
1.077250,0.522000,2.659867,1,0.542973,0.542973,0.465192,0.287036,-0.365460,0.001150,0.183856
1.077250,0.565500,2.807861,1,0.545347,0.545347,0.471864,0.290508,-0.365056,0.001150,0.175819
1.077250,0.609000,2.970637,1,0.547495,0.547495,0.478361,0.294593,-0.364303,0.001150,0.167808
1.077250,0.652500,3.148075,1,0.549415,0.549415,0.484677,0.294686,-0.363203,0.001150,0.159836
1.077250,0.696000,inf,0,inf,inf,inf,inf,0.000000,0.000000,0.000000
1.077250,0.739500,inf,0,inf,inf,inf,inf,0.000000,0.000000,0.000000
1.077250,0.783000,inf,0,inf,inf,inf,inf,0.000000,0.000000,0.000000
1.077250,0.826500,inf,0,inf,inf,inf,inf,0.000000,0.000000,0.000000
1.077250,0.870000,inf,0,inf,inf,inf,inf,0.000000,0.000000,0.000000
1.077250,0.913500,inf,0,inf,inf,inf,inf,0.000000,0.000000,0.000000
1.077250,0.957000,inf,0,inf,inf,inf,inf,0.000000,0.000000,0.000000
1.077250,1.000500,inf,0,inf,inf,inf,inf,0.000000,0.000000,0.000000
1.077250,1.044000,inf,0,inf,inf,inf,inf,0.000000,0.000000,0.000000
1.077250,1.087500,inf,0,inf,inf,inf,inf,0.000000,0.000000,0.000000
1.077250,1.131000,inf,0,inf,inf,inf,inf,0.000000,0.000000,0.000000
1.077250,1.174500,inf,0,inf,inf,inf,inf,0.000000,0.000000,0.000000
1.077250,1.218000,inf,0,inf,inf,inf,inf,0.000000,0.000000,0.000000
1.077250,1.261500,inf,0,inf,inf,inf,inf,0.000000,0.000000,0.000000
1.077250,1.305000,inf,0,inf,inf,inf,inf,0.000000,0.000000,0.000000
1.077250,1.348500,inf,0,inf,inf,inf,inf,0.000000,0.000000,0.000000
1.077250,1.392000,inf,0,inf,inf,inf,inf,0.000000,0.000000,0.000000
1.077250,1.435500,inf,0,inf,inf,inf,inf,0.000000,0.000000,0.000000
1.077250,1.479000,inf,0,inf,inf,inf,inf,0.000000,0.000000,0.000000
1.077250,1.522500,inf,0,inf,inf,inf,inf,0.000000,0.000000,0.000000
1.077250,1.566000,inf,0,inf,inf,inf,inf,0.000000,0.000000,0.000000
1.077250,1.609500,inf,0,inf,inf,inf,inf,0.000000,0.000000,0.000000
1.077250,1.653000,inf,0,inf,inf,inf,inf,0.000000,0.000000,0.000000
1.077250,1.696500,inf,0,inf,inf,inf,inf,0.000000,0.000000,0.000000
1.077250,1.740000,inf,0,inf,inf,inf,inf,0.000000,0.000000,0.000000
1.112000,-1.740000,0.892259,1,0.223622,0.223622,0.093769,0.058699,-0.075108,0.001151,0.332491
1.112000,-1.696500,0.776259,1,0.229532,0.229532,0.097800,0.059545,-0.081720,0.001151,0.337076
1.112000,-1.653000,0.672253,1,0.235792,0.235792,0.099658,0.061310,-0.088526,0.001151,0.341369
1.112000,-1.609500,0.587834,1,0.242362,0.242362,0.103214,0.064142,-0.095513,0.001151,0.345362
1.112000,-1.566000,0.523560,1,0.249207,0.249207,0.108559,0.068031,-0.102666,0.001151,0.349048
1.112000,-1.522500,0.473303,1,0.256292,0.256292,0.112764,0.072969,-0.109973,0.001151,0.352419
1.112000,-1.479000,0.440528,1,0.263585,0.263585,0.117440,0.076452,-0.117419,0.001151,0.355469
1.112000,-1.435500,0.427709,1,0.271056,0.271056,0.123541,0.078905,-0.124991,0.001151,0.358192
1.112000,-1.392000,0.433694,1,0.278677,0.278677,0.130431,0.082410,-0.132674,0.001151,0.360583
1.112000,-1.348500,0.444464,1,0.286421,0.286421,0.135727,0.086955,-0.140454,0.001151,0.362639
1.112000,-1.305000,0.459310,1,0.294267,0.294267,0.142133,0.092528,-0.148316,0.001151,0.364353
1.112000,-1.261500,0.478189,1,0.302190,0.302190,0.149497,0.098089,-0.156246,0.001151,0.365725
1.112000,-1.218000,0.500571,1,0.310171,0.310171,0.157519,0.101105,-0.164227,0.001151,0.366750
1.112000,-1.174500,0.519217,1,0.318191,0.318191,0.163912,0.105146,-0.172245,0.001151,0.367427
1.112000,-1.131000,0.541574,1,0.326232,0.326232,0.171056,0.110199,-0.180285,0.001151,0.367755
1.112000,-1.087500,0.567587,1,0.334279,0.334279,0.178847,0.116250,-0.188332,0.001151,0.367733
1.112000,-1.044000,0.597193,1,0.342316,0.342316,0.187192,0.123284,-0.196370,0.001151,0.367361
1.112000,-1.000500,0.627628,1,0.350329,0.350329,0.195315,0.126782,-0.204385,0.001151,0.366639
1.112000,-0.957000,0.656187,1,0.358305,0.358305,0.202580,0.131172,-0.212360,0.001151,0.365570
1.112000,-0.913500,0.687952,1,0.366232,0.366232,0.210289,0.136535,-0.220282,0.001151,0.364155
1.112000,-0.870000,0.722854,1,0.374098,0.374098,0.218383,0.142855,-0.228134,0.001151,0.362397
1.112000,-0.826500,0.760815,1,0.381894,0.381894,0.226806,0.150118,-0.235903,0.001151,0.360300
1.112000,-0.783000,0.801753,1,0.389608,0.389608,0.235507,0.154698,-0.243573,0.001151,0.357866
1.112000,-0.739500,0.838657,1,0.397232,0.397232,0.243021,0.159203,-0.251130,0.001151,0.355101
1.112000,-0.696000,0.877209,1,0.404756,0.404756,0.250594,0.164636,-0.258560,0.001151,0.352010
1.112000,-0.652500,0.918302,1,0.412172,0.412172,0.258395,0.170979,-0.265848,0.001151,0.348599
1.112000,-0.609000,0.961849,1,0.419472,0.419472,0.266391,0.178216,-0.272981,0.001151,0.344874
1.112000,-0.565500,1.007760,1,0.426649,0.426649,0.274549,0.183562,-0.279945,0.001151,0.340843
1.112000,-0.522000,1.055938,1,0.433695,0.433695,0.282842,0.187916,-0.286727,0.001151,0.336512
1.112000,-0.478500,1.106286,1,0.440604,0.440604,0.291242,0.193148,-0.293314,0.001151,0.331891
1.112000,-0.435000,1.158700,1,0.447369,0.447369,0.299725,0.199239,-0.299695,0.001151,0.326987
1.112000,-0.391500,1.213075,1,0.453985,0.453985,0.308270,0.206171,-0.305856,0.001151,0.321811
1.112000,-0.348000,1.269301,1,0.460445,0.460445,0.316855,0.212092,-0.311786,0.001151,0.316372
1.112000,-0.304500,1.327265,1,0.466743,0.466743,0.325462,0.216010,-0.317474,0.001151,0.310680
1.112000,-0.261000,1.386852,1,0.472876,0.472876,0.334073,0.220752,-0.322909,0.001151,0.304746
1.112000,-0.217500,1.447942,1,0.478837,0.478837,0.342673,0.226299,-0.328081,0.001151,0.298581
1.112000,-0.174000,1.510416,1,0.484622,0.484622,0.351246,0.232634,-0.332980,0.001151,0.292198
1.112000,-0.130500,1.574151,1,0.490227,0.490227,0.359779,0.239079,-0.337597,0.001151,0.285607
1.112000,-0.087000,1.639020,1,0.495647,0.495647,0.368259,0.242267,-0.341922,0.001151,0.278821
1.112000,-0.043500,1.704897,1,0.500877,0.500877,0.376675,0.246225,-0.345949,0.001151,0.271854
1.112000,0.000000,1.771655,1,0.505915,0.505915,0.385014,0.250936,-0.349669,0.001151,0.264719
1.112000,0.043500,1.839162,1,0.510756,0.510756,0.393267,0.256382,-0.353075,0.001151,0.257428
1.112000,0.087000,1.907288,1,0.515398,0.515398,0.401423,0.262547,-0.356160,0.001151,0.249997
1.112000,0.130500,1.975902,1,0.519835,0.519835,0.409475,0.265606,-0.358920,0.001151,0.242438
1.112000,0.174000,2.044871,1,0.524067,0.524067,0.417412,0.268497,-0.361348,0.001151,0.234766
1.112000,0.217500,2.114063,1,0.528089,0.528089,0.425226,0.272091,-0.363441,0.001151,0.226996
1.112000,0.261000,2.183345,1,0.531898,0.531898,0.432911,0.276371,-0.365193,0.001150,0.219142
1.112000,0.304500,2.255063,1,0.535493,0.535493,0.440458,0.281323,-0.366602,0.001150,0.211220
1.112000,0.348000,2.340741,1,0.538871,0.538871,0.447860,0.285130,-0.367666,0.001150,0.203244
1.112000,0.391500,2.441739,1,0.542029,0.542029,0.455111,0.286691,-0.368381,0.001150,0.195229
1.112000,0.435000,2.557926,1,0.544966,0.544966,0.462205,0.288912,-0.368748,0.001150,0.187190
1.112000,0.478500,2.689173,1,0.547678,0.547678,0.469136,0.291778,-0.368764,0.001150,0.179143
1.112000,0.522000,2.835352,1,0.550166,0.550166,0.475898,0.295274,-0.368431,0.001150,0.171103
1.112000,0.565500,2.996338,1,0.552427,0.552427,0.482485,0.299386,-0.367748,0.001150,0.163085
1.112000,0.609000,3.172005,1,0.554459,0.554459,0.488892,0.300166,-0.366717,0.001150,0.155105
1.112000,0.652500,inf,0,inf,inf,inf,inf,0.000000,0.000000,0.000000
1.112000,0.696000,inf,0,inf,inf,inf,inf,0.000000,0.000000,0.000000
1.112000,0.739500,inf,0,inf,inf,inf,inf,0.000000,0.000000,0.000000
1.112000,0.783000,inf,0,inf,inf,inf,inf,0.000000,0.000000,0.000000
1.112000,0.826500,inf,0,inf,inf,inf,inf,0.000000,0.000000,0.000000
1.112000,0.870000,inf,0,inf,inf,inf,inf,0.000000,0.000000,0.000000
1.112000,0.913500,inf,0,inf,inf,inf,inf,0.000000,0.000000,0.000000
1.112000,0.957000,inf,0,inf,inf,inf,inf,0.000000,0.000000,0.000000
1.112000,1.000500,inf,0,inf,inf,inf,inf,0.000000,0.000000,0.000000
1.112000,1.044000,inf,0,inf,inf,inf,inf,0.000000,0.000000,0.000000
1.112000,1.087500,inf,0,inf,inf,inf,inf,0.000000,0.000000,0.000000
1.112000,1.131000,inf,0,inf,inf,inf,inf,0.000000,0.000000,0.000000
1.112000,1.174500,inf,0,inf,inf,inf,inf,0.000000,0.000000,0.000000
1.112000,1.218000,inf,0,inf,inf,inf,inf,0.000000,0.000000,0.000000
1.112000,1.261500,inf,0,inf,inf,inf,inf,0.000000,0.000000,0.000000
1.112000,1.305000,inf,0,inf,inf,inf,inf,0.000000,0.000000,0.000000
1.112000,1.348500,inf,0,inf,inf,inf,inf,0.000000,0.000000,0.000000
1.112000,1.392000,inf,0,inf,inf,inf,inf,0.000000,0.000000,0.000000
1.112000,1.435500,inf,0,inf,inf,inf,inf,0.000000,0.000000,0.000000
1.112000,1.479000,inf,0,inf,inf,inf,inf,0.000000,0.000000,0.000000
1.112000,1.522500,inf,0,inf,inf,inf,inf,0.000000,0.000000,0.000000
1.112000,1.566000,inf,0,inf,inf,inf,inf,0.000000,0.000000,0.000000
1.112000,1.609500,inf,0,inf,inf,inf,inf,0.000000,0.000000,0.000000
1.112000,1.653000,inf,0,inf,inf,inf,inf,0.000000,0.000000,0.000000
1.112000,1.696500,inf,0,inf,inf,inf,inf,0.000000,0.000000,0.000000
1.112000,1.740000,inf,0,inf,inf,inf,inf,0.000000,0.000000,0.000000
1.146750,-1.740000,0.924124,1,0.232257,0.232257,0.102716,0.060888,-0.083418,0.001151,0.329736
1.146750,-1.696500,0.806552,1,0.238316,0.238316,0.105587,0.062473,-0.090186,0.001151,0.334089
1.146750,-1.653000,0.704967,1,0.244706,0.244706,0.108352,0.065134,-0.097137,0.001151,0.338143
1.146750,-1.609500,0.623611,1,0.251389,0.251389,0.112917,0.068862,-0.104258,0.001151,0.341891
1.146750,-1.566000,0.560252,1,0.258331,0.258331,0.118138,0.073645,-0.111534,0.001151,0.345326
1.146750,-1.522500,0.510449,1,0.265499,0.265499,0.122128,0.077596,-0.118954,0.001151,0.348441
1.146750,-1.479000,0.480685,1,0.272862,0.272862,0.127575,0.079895,-0.126502,0.001151,0.351230
1.146750,-1.435500,0.470926,1,0.280391,0.280391,0.134293,0.083256,-0.134164,0.001151,0.353689
1.146750,-1.392000,0.475707,1,0.288060,0.288060,0.140168,0.087666,-0.141926,0.001151,0.355812
1.146750,-1.348500,0.489388,1,0.295844,0.295844,0.146050,0.093113,-0.149772,0.001151,0.357595
1.146750,-1.305000,0.507185,1,0.303720,0.303720,0.152936,0.099181,-0.157689,0.001151,0.359036
1.146750,-1.261500,0.529052,1,0.311666,0.311666,0.160684,0.102071,-0.165661,0.001151,0.360131
1.146750,-1.218000,0.550560,1,0.319663,0.319663,0.167865,0.105997,-0.173673,0.001151,0.360878
1.146750,-1.174500,0.572001,1,0.327693,0.327693,0.174634,0.110944,-0.181710,0.001151,0.361276
1.146750,-1.131000,0.597179,1,0.335738,0.335738,0.182090,0.116897,-0.189757,0.001151,0.361325
1.146750,-1.087500,0.626034,1,0.343782,0.343782,0.190137,0.123843,-0.197798,0.001151,0.361023
1.146750,-1.044000,0.658498,1,0.351812,0.351812,0.198689,0.127881,-0.205819,0.001151,0.360372
1.146750,-1.000500,0.688092,1,0.359814,0.359814,0.206122,0.132183,-0.213803,0.001151,0.359373
1.146750,-0.957000,0.719271,1,0.367774,0.367774,0.213599,0.137468,-0.221737,0.001151,0.358027
1.146750,-0.913500,0.753664,1,0.375680,0.375680,0.221488,0.143720,-0.229605,0.001151,0.356338
1.146750,-0.870000,0.791195,1,0.383522,0.383522,0.229732,0.150922,-0.237391,0.001151,0.354308
1.146750,-0.826500,0.831782,1,0.391289,0.391289,0.238278,0.156083,-0.245082,0.001151,0.351942
1.146750,-0.783000,0.872789,1,0.398971,0.398971,0.246565,0.160527,-0.252663,0.001151,0.349243
1.146750,-0.739500,0.911066,1,0.406559,0.406559,0.254000,0.165908,-0.260119,0.001151,0.346217
1.146750,-0.696000,0.951955,1,0.414044,0.414044,0.261681,0.172209,-0.267437,0.001151,0.342870
1.146750,-0.652500,0.995370,1,0.421418,0.421418,0.269573,0.179411,-0.274602,0.001151,0.339208
1.146750,-0.609000,1.041219,1,0.428672,0.428672,0.277644,0.185375,-0.281601,0.001151,0.335237
1.146750,-0.565500,1.089408,1,0.435800,0.435800,0.285864,0.189694,-0.288421,0.001151,0.330966
1.146750,-0.522000,1.139837,1,0.442794,0.442794,0.294206,0.194897,-0.295049,0.001151,0.326403
1.146750,-0.478500,1.192403,1,0.449647,0.449647,0.302645,0.200968,-0.301472,0.001151,0.321555
1.146750,-0.435000,1.246998,1,0.456354,0.456354,0.311156,0.207888,-0.307678,0.001151,0.316433
1.146750,-0.391500,1.303514,1,0.462909,0.462909,0.319720,0.214462,-0.313656,0.001151,0.311046
1.146750,-0.348000,1.361836,1,0.469304,0.469304,0.328317,0.218364,-0.319393,0.001151,0.305404
1.146750,-0.304500,1.421847,1,0.475536,0.475536,0.336928,0.223098,-0.324880,0.001151,0.299518
1.146750,-0.261000,1.483428,1,0.481599,0.481599,0.345536,0.228643,-0.330106,0.001151,0.293399
1.146750,-0.217500,1.546457,1,0.487487,0.487487,0.354126,0.234983,-0.335060,0.001151,0.287058
1.146750,-0.174000,1.610809,1,0.493197,0.493197,0.362684,0.242100,-0.339734,0.001151,0.280508
1.146750,-0.130500,1.676358,1,0.498723,0.498723,0.371196,0.245298,-0.344119,0.001151,0.273761
1.146750,-0.087000,1.742975,1,0.504062,0.504062,0.379650,0.249262,-0.348207,0.001151,0.266829
1.146750,-0.043500,1.810529,1,0.509210,0.509210,0.388034,0.253985,-0.351989,0.001151,0.259727
1.146750,0.000000,1.878890,1,0.514161,0.514161,0.396337,0.259448,-0.355458,0.001151,0.252466
1.146750,0.043500,1.947925,1,0.518914,0.518914,0.404550,0.265635,-0.358609,0.001151,0.245062
1.146750,0.087000,2.017499,1,0.523464,0.523464,0.412661,0.269387,-0.361435,0.001151,0.237527
1.146750,0.130500,2.087478,1,0.527809,0.527809,0.420663,0.272292,-0.363930,0.001151,0.229877
1.146750,0.174000,2.157728,1,0.531944,0.531944,0.428546,0.275904,-0.366090,0.001150,0.222126
1.146750,0.217500,2.228113,1,0.535868,0.535868,0.436302,0.280208,-0.367911,0.001150,0.214288
1.146750,0.261000,2.299523,1,0.539577,0.539577,0.443925,0.285186,-0.369390,0.001150,0.206378
1.146750,0.304500,2.383245,1,0.543069,0.543069,0.451406,0.289703,-0.370523,0.001150,0.198411
1.146750,0.348000,2.482324,1,0.546342,0.546342,0.458739,0.291280,-0.371309,0.001150,0.190403
1.146750,0.391500,2.596628,1,0.549393,0.549393,0.465917,0.293520,-0.371745,0.001150,0.182368
1.146750,0.435000,2.726024,1,0.552221,0.552221,0.472934,0.296407,-0.371832,0.001150,0.174321
1.146750,0.478500,2.870382,1,0.554822,0.554822,0.479784,0.299927,-0.371569,0.001150,0.166279
1.146750,0.522000,3.029573,1,0.557197,0.557197,0.486462,0.304066,-0.370957,0.001150,0.158255
1.146750,0.565500,3.203470,1,0.559342,0.559342,0.492961,0.305549,-0.369996,0.001150,0.150266
1.146750,0.609000,inf,0,inf,inf,inf,inf,0.000000,0.000000,0.000000
1.146750,0.652500,inf,0,inf,inf,inf,inf,0.000000,0.000000,0.000000
1.146750,0.696000,inf,0,inf,inf,inf,inf,0.000000,0.000000,0.000000
1.146750,0.739500,inf,0,inf,inf,inf,inf,0.000000,0.000000,0.000000
1.146750,0.783000,inf,0,inf,inf,inf,inf,0.000000,0.000000,0.000000
1.146750,0.826500,inf,0,inf,inf,inf,inf,0.000000,0.000000,0.000000
1.146750,0.870000,inf,0,inf,inf,inf,inf,0.000000,0.000000,0.000000
1.146750,0.913500,inf,0,inf,inf,inf,inf,0.000000,0.000000,0.000000
1.146750,0.957000,inf,0,inf,inf,inf,inf,0.000000,0.000000,0.000000
1.146750,1.000500,inf,0,inf,inf,inf,inf,0.000000,0.000000,0.000000
1.146750,1.044000,inf,0,inf,inf,inf,inf,0.000000,0.000000,0.000000
1.146750,1.087500,inf,0,inf,inf,inf,inf,0.000000,0.000000,0.000000
1.146750,1.131000,inf,0,inf,inf,inf,inf,0.000000,0.000000,0.000000
1.146750,1.174500,inf,0,inf,inf,inf,inf,0.000000,0.000000,0.000000
1.146750,1.218000,inf,0,inf,inf,inf,inf,0.000000,0.000000,0.000000
1.146750,1.261500,inf,0,inf,inf,inf,inf,0.000000,0.000000,0.000000
1.146750,1.305000,inf,0,inf,inf,inf,inf,0.000000,0.000000,0.000000
1.146750,1.348500,inf,0,inf,inf,inf,inf,0.000000,0.000000,0.000000
1.146750,1.392000,inf,0,inf,inf,inf,inf,0.000000,0.000000,0.000000
1.146750,1.435500,inf,0,inf,inf,inf,inf,0.000000,0.000000,0.000000
1.146750,1.479000,inf,0,inf,inf,inf,inf,0.000000,0.000000,0.000000
1.146750,1.522500,inf,0,inf,inf,inf,inf,0.000000,0.000000,0.000000
1.146750,1.566000,inf,0,inf,inf,inf,inf,0.000000,0.000000,0.000000
1.146750,1.609500,inf,0,inf,inf,inf,inf,0.000000,0.000000,0.000000
1.146750,1.653000,inf,0,inf,inf,inf,inf,0.000000,0.000000,0.000000
1.146750,1.696500,inf,0,inf,inf,inf,inf,0.000000,0.000000,0.000000
1.146750,1.740000,inf,0,inf,inf,inf,inf,0.000000,0.000000,0.000000
1.181500,-1.740000,0.973599,1,0.240849,0.240849,0.111725,0.063672,-0.091627,0.001151,0.326695
1.181500,-1.696500,0.854752,1,0.247048,0.247048,0.113734,0.066154,-0.098542,0.001151,0.330809
1.181500,-1.653000,0.756217,1,0.253560,0.253560,0.117536,0.069710,-0.105630,0.001151,0.334619
1.181500,-1.609500,0.677970,1,0.260350,0.260350,0.122957,0.074332,-0.112877,0.001151,0.338118
1.181500,-1.566000,0.612893,1,0.267384,0.267384,0.127025,0.078754,-0.120268,0.001151,0.341298
1.181500,-1.522500,0.566089,1,0.274630,0.274630,0.131821,0.080891,-0.127792,0.001151,0.344153
1.181500,-1.479000,0.539376,1,0.282059,0.282059,0.137931,0.084099,-0.135432,0.001151,0.346679
1.181500,-1.435500,0.531523,1,0.289643,0.289643,0.144768,0.088366,-0.143175,0.001151,0.348869
1.181500,-1.392000,0.536135,1,0.297358,0.297358,0.150121,0.093679,-0.151006,0.001151,0.350722
1.181500,-1.348500,0.552760,1,0.305178,0.305178,0.156517,0.100025,-0.158910,0.001151,0.352231
1.181500,-1.305000,0.573538,1,0.313081,0.313081,0.163823,0.103016,-0.166872,0.001151,0.353396
1.181500,-1.261500,0.598417,1,0.321048,0.321048,0.171909,0.106817,-0.174877,0.001151,0.354213
1.181500,-1.218000,0.618874,1,0.329059,0.329059,0.178300,0.111649,-0.182910,0.001151,0.354682
1.181500,-1.174500,0.643131,1,0.337096,0.337096,0.185407,0.117497,-0.190956,0.001151,0.354801
1.181500,-1.131000,0.671147,1,0.345143,0.345143,0.193142,0.124346,-0.199000,0.001151,0.354569
1.181500,-1.087500,0.702857,1,0.353184,0.353184,0.201419,0.128931,-0.207026,0.001151,0.353988
1.181500,-1.044000,0.736229,1,0.361205,0.361205,0.209694,0.133137,-0.215019,0.001151,0.353059
1.181500,-1.000500,0.766742,1,0.369193,0.369193,0.216929,0.138336,-0.222964,0.001151,0.351783
1.181500,-0.957000,0.800547,1,0.377135,0.377135,0.224601,0.144511,-0.230846,0.001151,0.350163
1.181500,-0.913500,0.837569,1,0.385019,0.385019,0.232654,0.151645,-0.238650,0.001151,0.348201
1.181500,-0.870000,0.877728,1,0.392835,0.392835,0.241034,0.157394,-0.246361,0.001151,0.345902
1.181500,-0.826500,0.920935,1,0.400572,0.400572,0.249695,0.161770,-0.253965,0.001151,0.343270
1.181500,-0.783000,0.960819,1,0.408220,0.408220,0.257374,0.167092,-0.261448,0.001151,0.340309
1.181500,-0.739500,1.001436,1,0.415770,0.415770,0.264927,0.173343,-0.268795,0.001151,0.337026
1.181500,-0.696000,1.044650,1,0.423214,0.423214,0.272707,0.180505,-0.275992,0.001151,0.333427
1.181500,-0.652500,1.090372,1,0.430543,0.430543,0.280683,0.187095,-0.283025,0.001151,0.329518
1.181500,-0.609000,1.138505,1,0.437749,0.437749,0.288823,0.191371,-0.289882,0.001151,0.325307
1.181500,-0.565500,1.188950,1,0.444826,0.444826,0.297100,0.196540,-0.296550,0.001151,0.320801
1.181500,-0.522000,1.241604,1,0.451766,0.451766,0.305486,0.202585,-0.303015,0.001151,0.316010
1.181500,-0.478500,1.296359,1,0.458563,0.458563,0.313959,0.209487,-0.309265,0.001151,0.310943
1.181500,-0.435000,1.353104,1,0.465209,0.465209,0.322496,0.216724,-0.315290,0.001151,0.305608
1.181500,-0.391500,1.411725,1,0.471700,0.471700,0.331076,0.220605,-0.321077,0.001151,0.300017
1.181500,-0.348000,1.472104,1,0.478030,0.478030,0.339681,0.225324,-0.326615,0.001151,0.294179
1.181500,-0.304500,1.534120,1,0.484193,0.484193,0.348292,0.230864,-0.331894,0.001151,0.288105
1.181500,-0.261000,1.597651,1,0.490184,0.490184,0.356895,0.237205,-0.336903,0.001151,0.281808
1.181500,-0.217500,1.662571,1,0.495998,0.495998,0.365473,0.244329,-0.341635,0.001151,0.275299
1.181500,-0.174000,1.728750,1,0.501630,0.501630,0.374013,0.248209,-0.346079,0.001151,0.268591
1.181500,-0.130500,1.796060,1,0.507077,0.507077,0.382502,0.252175,-0.350226,0.001151,0.261695
1.181500,-0.087000,1.864369,1,0.512333,0.512333,0.390927,0.256905,-0.354070,0.001151,0.254626
1.181500,-0.043500,1.933542,1,0.517395,0.517395,0.399277,0.262382,-0.357604,0.001151,0.247396
1.181500,0.000000,2.003446,1,0.522259,0.522259,0.407542,0.268589,-0.360819,0.001151,0.240020
1.181500,0.043500,2.073944,1,0.526922,0.526922,0.415711,0.273047,-0.363710,0.001151,0.232510
1.181500,0.087000,2.144900,1,0.531379,0.531379,0.423775,0.275963,-0.366272,0.001151,0.224882
1.181500,0.130500,2.216177,1,0.535629,0.535629,0.431724,0.279591,-0.368500,0.001150,0.217150
1.181500,0.174000,2.287638,1,0.539667,0.539667,0.439552,0.283916,-0.370390,0.001150,0.209328
1.181500,0.217500,2.359348,1,0.543491,0.543491,0.447248,0.288919,-0.371938,0.001150,0.201431
1.181500,0.261000,2.441092,1,0.547099,0.547099,0.454807,0.294160,-0.373141,0.001150,0.193475
1.181500,0.304500,2.538234,1,0.550487,0.550487,0.462220,0.295751,-0.373996,0.001150,0.185474
1.181500,0.348000,2.650639,1,0.553653,0.553653,0.469481,0.298008,-0.374503,0.001150,0.177443
1.181500,0.391500,2.778171,1,0.556596,0.556596,0.476584,0.300917,-0.374661,0.001150,0.169397
1.181500,0.435000,2.920698,1,0.559313,0.559313,0.483522,0.304461,-0.374468,0.001150,0.161353
1.181500,0.478500,3.078088,1,0.561803,0.561803,0.490289,0.308627,-0.373926,0.001150,0.153324
1.181500,0.522000,3.250210,1,0.564063,0.564063,0.496880,0.310829,-0.373035,0.001150,0.145327
1.181500,0.565500,inf,0,inf,inf,inf,inf,0.000000,0.000000,0.000000
1.181500,0.609000,inf,0,inf,inf,inf,inf,0.000000,0.000000,0.000000
1.181500,0.652500,inf,0,inf,inf,inf,inf,0.000000,0.000000,0.000000
1.181500,0.696000,inf,0,inf,inf,inf,inf,0.000000,0.000000,0.000000
1.181500,0.739500,inf,0,inf,inf,inf,inf,0.000000,0.000000,0.000000
1.181500,0.783000,inf,0,inf,inf,inf,inf,0.000000,0.000000,0.000000
1.181500,0.826500,inf,0,inf,inf,inf,inf,0.000000,0.000000,0.000000
1.181500,0.870000,inf,0,inf,inf,inf,inf,0.000000,0.000000,0.000000
1.181500,0.913500,inf,0,inf,inf,inf,inf,0.000000,0.000000,0.000000
1.181500,0.957000,inf,0,inf,inf,inf,inf,0.000000,0.000000,0.000000
1.181500,1.000500,inf,0,inf,inf,inf,inf,0.000000,0.000000,0.000000
1.181500,1.044000,inf,0,inf,inf,inf,inf,0.000000,0.000000,0.000000
1.181500,1.087500,inf,0,inf,inf,inf,inf,0.000000,0.000000,0.000000
1.181500,1.131000,inf,0,inf,inf,inf,inf,0.000000,0.000000,0.000000
1.181500,1.174500,inf,0,inf,inf,inf,inf,0.000000,0.000000,0.000000
1.181500,1.218000,inf,0,inf,inf,inf,inf,0.000000,0.000000,0.000000
1.181500,1.261500,inf,0,inf,inf,inf,inf,0.000000,0.000000,0.000000
1.181500,1.305000,inf,0,inf,inf,inf,inf,0.000000,0.000000,0.000000
1.181500,1.348500,inf,0,inf,inf,inf,inf,0.000000,0.000000,0.000000
1.181500,1.392000,inf,0,inf,inf,inf,inf,0.000000,0.000000,0.000000
1.181500,1.435500,inf,0,inf,inf,inf,inf,0.000000,0.000000,0.000000
1.181500,1.479000,inf,0,inf,inf,inf,inf,0.000000,0.000000,0.000000
1.181500,1.522500,inf,0,inf,inf,inf,inf,0.000000,0.000000,0.000000
1.181500,1.566000,inf,0,inf,inf,inf,inf,0.000000,0.000000,0.000000
1.181500,1.609500,inf,0,inf,inf,inf,inf,0.000000,0.000000,0.000000
1.181500,1.653000,inf,0,inf,inf,inf,inf,0.000000,0.000000,0.000000
1.181500,1.696500,inf,0,inf,inf,inf,inf,0.000000,0.000000,0.000000
1.181500,1.740000,inf,0,inf,inf,inf,inf,0.000000,0.000000,0.000000
1.216250,-1.740000,1.037219,1,0.249392,0.249392,0.119338,0.067202,-0.099726,0.001151,0.323370
1.216250,-1.696500,0.921408,1,0.255724,0.255724,0.122397,0.070579,-0.106780,0.001151,0.327242
1.216250,-1.653000,0.825971,1,0.262352,0.262352,0.127093,0.075030,-0.113995,0.001151,0.330803
1.216250,-1.609500,0.747887,1,0.269242,0.269242,0.132119,0.079930,-0.121359,0.001151,0.334047
1.216250,-1.566000,0.683951,1,0.276362,0.276362,0.136269,0.081896,-0.128857,0.001151,0.336969
1.216250,-1.522500,0.640189,1,0.283682,0.283682,0.141766,0.084942,-0.136475,0.001151,0.339561
1.216250,-1.479000,0.616564,1,0.291173,0.291173,0.148450,0.089056,-0.144198,0.001151,0.341819
1.216250,-1.435500,0.607389,1,0.298809,0.298809,0.154341,0.094226,-0.152013,0.001151,0.343740
1.216250,-1.392000,0.614937,1,0.306566,0.306566,0.160239,0.100439,-0.159903,0.001151,0.345319
1.216250,-1.348500,0.634535,1,0.314419,0.314419,0.167089,0.103940,-0.167855,0.001151,0.346553
1.216250,-1.305000,0.658320,1,0.322348,0.322348,0.174767,0.107608,-0.175853,0.001151,0.347441
1.216250,-1.261500,0.682210,1,0.330333,0.330333,0.182054,0.112316,-0.183881,0.001151,0.347979
1.216250,-1.218000,0.705460,1,0.338356,0.338356,0.188800,0.118051,-0.191926,0.001151,0.348169
1.216250,-1.174500,0.732551,1,0.346398,0.346398,0.196209,0.124796,-0.199971,0.001151,0.348008
1.216250,-1.131000,0.763420,1,0.354445,0.354445,0.204197,0.129933,-0.208002,0.001151,0.347497
1.216250,-1.087500,0.797994,1,0.362480,0.362480,0.212684,0.134035,-0.216003,0.001151,0.346638
1.216250,-1.044000,0.830377,1,0.370491,0.370491,0.220280,0.139139,-0.223959,0.001151,0.345431
1.216250,-1.000500,0.863515,1,0.378463,0.378463,0.227725,0.145230,-0.231855,0.001151,0.343880
1.216250,-0.957000,0.899949,1,0.386385,0.386385,0.235575,0.152289,-0.239676,0.001151,0.341987
1.216250,-0.913500,0.939599,1,0.394245,0.394245,0.243779,0.158632,-0.247407,0.001151,0.339755
1.216250,-0.870000,0.982380,1,0.402033,0.402033,0.252285,0.162933,-0.255034,0.001151,0.337189
1.216250,-0.826500,1.026471,1,0.409737,0.409737,0.260719,0.168189,-0.262542,0.001151,0.334295
1.216250,-0.783000,1.066745,1,0.417350,0.417350,0.268135,0.174382,-0.269917,0.001151,0.331076
1.216250,-0.739500,1.109690,1,0.424861,0.424861,0.275796,0.181496,-0.277145,0.001151,0.327540
1.216250,-0.696000,1.155215,1,0.432261,0.432261,0.283669,0.188722,-0.284213,0.001151,0.323692
1.216250,-0.652500,1.203225,1,0.439544,0.439544,0.291721,0.192948,-0.291106,0.001151,0.319541
1.216250,-0.609000,1.253621,1,0.446701,0.446701,0.299925,0.198077,-0.297813,0.001151,0.315095
1.216250,-0.565500,1.306298,1,0.453725,0.453725,0.308252,0.204089,-0.304320,0.001151,0.310360
1.216250,-0.522000,1.361148,1,0.460609,0.460609,0.316679,0.210967,-0.310615,0.001151,0.305348
1.216250,-0.478500,1.418060,1,0.467346,0.467346,0.325182,0.218692,-0.316685,0.001151,0.300066
1.216250,-0.435000,1.476920,1,0.473931,0.473931,0.333740,0.222731,-0.322521,0.001151,0.294525
1.216250,-0.391500,1.537608,1,0.480357,0.480357,0.342333,0.227431,-0.328110,0.001151,0.288736
1.216250,-0.348000,1.600003,1,0.486619,0.486619,0.350942,0.232959,-0.333442,0.001151,0.282709
1.216250,-0.304500,1.663981,1,0.492711,0.492711,0.359552,0.239296,-0.338507,0.001151,0.276456
1.216250,-0.261000,1.729415,1,0.498628,0.498628,0.368146,0.246423,-0.343295,0.001151,0.269989
1.216250,-0.217500,1.796175,1,0.504366,0.504366,0.376709,0.250996,-0.347797,0.001151,0.263319
1.216250,-0.174000,1.864129,1,0.509919,0.509919,0.385229,0.254959,-0.352005,0.001151,0.256460
1.216250,-0.130500,1.933145,1,0.515284,0.515284,0.393692,0.259694,-0.355911,0.001151,0.249425
1.216250,-0.087000,2.003087,1,0.520456,0.520456,0.402086,0.265181,-0.359507,0.001151,0.242226
1.216250,-0.043500,2.073819,1,0.525431,0.525431,0.410400,0.271404,-0.362787,0.001151,0.234878
1.216250,0.000000,2.145202,1,0.530206,0.530206,0.418624,0.276582,-0.365744,0.001151,0.227394
1.216250,0.043500,2.217099,1,0.534777,0.534777,0.426747,0.279505,-0.368372,0.001150,0.219789
1.216250,0.087000,2.289370,1,0.539140,0.539140,0.434761,0.283147,-0.370668,0.001150,0.212076
1.216250,0.130500,2.361876,1,0.543293,0.543293,0.442657,0.287490,-0.372626,0.001150,0.204271
1.216250,0.174000,2.434478,1,0.547233,0.547233,0.450426,0.292516,-0.374243,0.001150,0.196389
1.216250,0.217500,2.514231,1,0.550956,0.550956,0.458060,0.298210,-0.375515,0.001150,0.188443
1.216250,0.261000,2.609414,1,0.554460,0.554460,0.465552,0.300099,-0.376441,0.001150,0.180450
1.216250,0.304500,2.719901,1,0.557743,0.557743,0.472896,0.302373,-0.377018,0.001150,0.172424
1.216250,0.348000,2.845553,1,0.560802,0.560802,0.480083,0.305301,-0.377246,0.001150,0.164380
1.216250,0.391500,2.986237,1,0.563635,0.563635,0.487108,0.308869,-0.377124,0.001150,0.156334
1.216250,0.435000,3.141815,1,0.566241,0.566241,0.493964,0.313062,-0.376651,0.001150,0.148301
1.216250,0.478500,3.312157,1,0.568617,0.568617,0.500647,0.315998,-0.375830,0.001150,0.140296
1.216250,0.522000,3.497131,1,0.570763,0.570763,0.507150,0.316664,-0.374662,0.001150,0.132334
1.216250,0.565500,inf,0,inf,inf,inf,inf,0.000000,0.000000,0.000000
1.216250,0.609000,inf,0,inf,inf,inf,inf,0.000000,0.000000,0.000000
1.216250,0.652500,inf,0,inf,inf,inf,inf,0.000000,0.000000,0.000000
1.216250,0.696000,inf,0,inf,inf,inf,inf,0.000000,0.000000,0.000000
1.216250,0.739500,inf,0,inf,inf,inf,inf,0.000000,0.000000,0.000000
1.216250,0.783000,inf,0,inf,inf,inf,inf,0.000000,0.000000,0.000000
1.216250,0.826500,inf,0,inf,inf,inf,inf,0.000000,0.000000,0.000000
1.216250,0.870000,inf,0,inf,inf,inf,inf,0.000000,0.000000,0.000000
1.216250,0.913500,inf,0,inf,inf,inf,inf,0.000000,0.000000,0.000000
1.216250,0.957000,inf,0,inf,inf,inf,inf,0.000000,0.000000,0.000000
1.216250,1.000500,inf,0,inf,inf,inf,inf,0.000000,0.000000,0.000000
1.216250,1.044000,inf,0,inf,inf,inf,inf,0.000000,0.000000,0.000000
1.216250,1.087500,inf,0,inf,inf,inf,inf,0.000000,0.000000,0.000000
1.216250,1.131000,inf,0,inf,inf,inf,inf,0.000000,0.000000,0.000000
1.216250,1.174500,inf,0,inf,inf,inf,inf,0.000000,0.000000,0.000000
1.216250,1.218000,inf,0,inf,inf,inf,inf,0.000000,0.000000,0.000000
1.216250,1.261500,inf,0,inf,inf,inf,inf,0.000000,0.000000,0.000000
1.216250,1.305000,inf,0,inf,inf,inf,inf,0.000000,0.000000,0.000000
1.216250,1.348500,inf,0,inf,inf,inf,inf,0.000000,0.000000,0.000000
1.216250,1.392000,inf,0,inf,inf,inf,inf,0.000000,0.000000,0.000000
1.216250,1.435500,inf,0,inf,inf,inf,inf,0.000000,0.000000,0.000000
1.216250,1.479000,inf,0,inf,inf,inf,inf,0.000000,0.000000,0.000000
1.216250,1.522500,inf,0,inf,inf,inf,inf,0.000000,0.000000,0.000000
1.216250,1.566000,inf,0,inf,inf,inf,inf,0.000000,0.000000,0.000000
1.216250,1.609500,inf,0,inf,inf,inf,inf,0.000000,0.000000,0.000000
1.216250,1.653000,inf,0,inf,inf,inf,inf,0.000000,0.000000,0.000000
1.216250,1.696500,inf,0,inf,inf,inf,inf,0.000000,0.000000,0.000000
1.216250,1.740000,inf,0,inf,inf,inf,inf,0.000000,0.000000,0.000000
1.251000,-1.740000,1.119215,1,0.257881,0.257881,0.127484,0.071470,-0.107704,0.001151,0.319765
1.251000,-1.696500,1.006491,1,0.264338,0.264338,0.131464,0.075742,-0.114888,0.001151,0.323390
1.251000,-1.653000,0.914196,1,0.271075,0.271075,0.136936,0.081087,-0.122223,0.001151,0.326698
1.251000,-1.609500,0.834296,1,0.278060,0.278060,0.140908,0.082912,-0.129695,0.001151,0.329685
1.251000,-1.566000,0.773391,1,0.285262,0.285262,0.145790,0.085788,-0.137290,0.001151,0.332344
1.251000,-1.522500,0.732708,1,0.292652,0.292652,0.151901,0.089741,-0.144994,0.001151,0.334670
1.251000,-1.479000,0.710985,1,0.300201,0.300201,0.158705,0.094759,-0.152791,0.001151,0.336659
1.251000,-1.435500,0.701554,1,0.307886,0.307886,0.164099,0.100830,-0.160667,0.001151,0.338307
1.251000,-1.392000,0.712068,1,0.315682,0.315682,0.170482,0.104847,-0.168608,0.001151,0.339611
1.251000,-1.348500,0.734667,1,0.323566,0.323566,0.177736,0.108373,-0.176597,0.001151,0.340568
1.251000,-1.305000,0.761479,1,0.331518,0.331518,0.185745,0.112949,-0.184621,0.001151,0.341177
1.251000,-1.261500,0.784185,1,0.339519,0.339519,0.192269,0.118560,-0.192664,0.001151,0.341436
1.251000,-1.218000,0.810265,1,0.347551,0.347551,0.199341,0.125193,-0.200710,0.001151,0.341346
1.251000,-1.174500,0.840205,1,0.355597,0.355597,0.207025,0.130889,-0.208745,0.001151,0.340905
1.251000,-1.131000,0.873936,1,0.363641,0.363641,0.215243,0.134879,-0.216753,0.001151,0.340116
1.251000,-1.087500,0.910187,1,0.371668,0.371668,0.223653,0.139880,-0.224719,0.001151,0.338979
1.251000,-1.044000,0.942578,1,0.379666,0.379666,0.230860,0.145877,-0.232628,0.001151,0.337497
1.251000,-1.000500,0.978344,1,0.387621,0.387621,0.238498,0.152853,-0.240466,0.001151,0.335672
1.251000,-0.957000,1.017407,1,0.395521,0.395521,0.246513,0.159800,-0.248216,0.001151,0.333509
1.251000,-0.913500,1.059681,1,0.403356,0.403356,0.254855,0.164017,-0.255865,0.001151,0.331010
1.251000,-0.870000,1.105076,1,0.411113,0.411113,0.263478,0.169198,-0.263398,0.001151,0.328181
1.251000,-0.826500,1.147883,1,0.418784,0.418784,0.271308,0.175327,-0.270801,0.001151,0.325027
1.251000,-0.783000,1.190489,1,0.426358,0.426358,0.278841,0.182386,-0.278060,0.001151,0.321554
1.251000,-0.739500,1.235748,1,0.433828,0.433828,0.286602,0.190257,-0.285161,0.001151,0.317769
1.251000,-0.696000,1.283567,1,0.441184,0.441184,0.294559,0.194426,-0.292091,0.001151,0.313678
1.251000,-0.652500,1.333845,1,0.448418,0.448418,0.302683,0.199506,-0.298836,0.001151,0.309290
1.251000,-0.609000,1.386478,1,0.455524,0.455524,0.310944,0.205480,-0.305384,0.001151,0.304613
1.251000,-0.565500,1.441359,1,0.462493,0.462493,0.319318,0.212328,-0.311723,0.001151,0.299655
1.251000,-0.522000,1.498375,1,0.469319,0.469319,0.327781,0.220031,-0.317839,0.001151,0.294427
1.251000,-0.478500,1.557411,1,0.475995,0.475995,0.336310,0.224742,-0.323723,0.001151,0.288938
1.251000,-0.435000,1.618348,1,0.482516,0.482516,0.344885,0.229416,-0.329362,0.001151,0.283197
1.251000,-0.391500,1.681063,1,0.488875,0.488875,0.353487,0.234927,-0.334747,0.001151,0.277218
1.251000,-0.348000,1.745431,1,0.495067,0.495067,0.362099,0.241254,-0.339866,0.001151,0.271009
1.251000,-0.304500,1.811323,1,0.501087,0.501087,0.370703,0.248380,-0.344711,0.001151,0.264584
1.251000,-0.261000,1.878610,1,0.506928,0.506928,0.379286,0.253658,-0.349271,0.001151,0.257954
1.251000,-0.217500,1.947159,1,0.512588,0.512588,0.387832,0.257614,-0.353539,0.001151,0.251132
1.251000,-0.174000,2.016833,1,0.518061,0.518061,0.396328,0.262347,-0.357506,0.001151,0.244131
1.251000,-0.130500,2.087497,1,0.523342,0.523342,0.404763,0.267841,-0.361165,0.001151,0.236964
1.251000,-0.087000,2.159013,1,0.528428,0.528428,0.413123,0.274077,-0.364509,0.001151,0.229645
1.251000,-0.043500,2.231240,1,0.533315,0.533315,0.421399,0.279987,-0.367532,0.001150,0.222188
1.251000,0.000000,2.304039,1,0.537999,0.537999,0.429580,0.282915,-0.370227,0.001150,0.214606
1.251000,0.043500,2.377268,1,0.542477,0.542477,0.437655,0.286567,-0.372590,0.001150,0.206913
1.251000,0.087000,2.450786,1,0.546744,0.546744,0.445617,0.290926,-0.374616,0.001150,0.199126
1.251000,0.130500,2.524450,1,0.550799,0.550799,0.453457,0.295973,-0.376302,0.001150,0.191258
1.251000,0.174000,2.602616,1,0.554639,0.554639,0.461165,0.301693,-0.377644,0.001150,0.183323
1.251000,0.217500,2.695814,1,0.558259,0.558259,0.468735,0.304320,-0.378639,0.001150,0.175338
1.251000,0.261000,2.804361,1,0.561659,0.561659,0.476159,0.306608,-0.379287,0.001150,0.167318
1.251000,0.304500,2.928115,1,0.564835,0.564835,0.483430,0.309555,-0.379585,0.001150,0.159276
1.251000,0.348000,3.066938,1,0.567786,0.567786,0.490541,0.313145,-0.379533,0.001150,0.151230
1.251000,0.391500,3.220693,1,0.570509,0.570509,0.497486,0.317364,-0.379131,0.001150,0.143193
1.251000,0.435000,3.389244,1,0.573002,0.573002,0.504259,0.321052,-0.378380,0.001150,0.135181
1.251000,0.478500,3.572457,1,0.575264,0.575264,0.510855,0.321729,-0.377281,0.001150,0.127209
1.251000,0.522000,inf,0,inf,inf,inf,inf,0.000000,0.000000,0.000000
1.251000,0.565500,inf,0,inf,inf,inf,inf,0.000000,0.000000,0.000000
1.251000,0.609000,inf,0,inf,inf,inf,inf,0.000000,0.000000,0.000000
1.251000,0.652500,inf,0,inf,inf,inf,inf,0.000000,0.000000,0.000000
1.251000,0.696000,inf,0,inf,inf,inf,inf,0.000000,0.000000,0.000000
1.251000,0.739500,inf,0,inf,inf,inf,inf,0.000000,0.000000,0.000000
1.251000,0.783000,inf,0,inf,inf,inf,inf,0.000000,0.000000,0.000000
1.251000,0.826500,inf,0,inf,inf,inf,inf,0.000000,0.000000,0.000000
1.251000,0.870000,inf,0,inf,inf,inf,inf,0.000000,0.000000,0.000000
1.251000,0.913500,inf,0,inf,inf,inf,inf,0.000000,0.000000,0.000000
1.251000,0.957000,inf,0,inf,inf,inf,inf,0.000000,0.000000,0.000000
1.251000,1.000500,inf,0,inf,inf,inf,inf,0.000000,0.000000,0.000000
1.251000,1.044000,inf,0,inf,inf,inf,inf,0.000000,0.000000,0.000000
1.251000,1.087500,inf,0,inf,inf,inf,inf,0.000000,0.000000,0.000000
1.251000,1.131000,inf,0,inf,inf,inf,inf,0.000000,0.000000,0.000000
1.251000,1.174500,inf,0,inf,inf,inf,inf,0.000000,0.000000,0.000000
1.251000,1.218000,inf,0,inf,inf,inf,inf,0.000000,0.000000,0.000000
1.251000,1.261500,inf,0,inf,inf,inf,inf,0.000000,0.000000,0.000000
1.251000,1.305000,inf,0,inf,inf,inf,inf,0.000000,0.000000,0.000000
1.251000,1.348500,inf,0,inf,inf,inf,inf,0.000000,0.000000,0.000000
1.251000,1.392000,inf,0,inf,inf,inf,inf,0.000000,0.000000,0.000000
1.251000,1.435500,inf,0,inf,inf,inf,inf,0.000000,0.000000,0.000000
1.251000,1.479000,inf,0,inf,inf,inf,inf,0.000000,0.000000,0.000000
1.251000,1.522500,inf,0,inf,inf,inf,inf,0.000000,0.000000,0.000000
1.251000,1.566000,inf,0,inf,inf,inf,inf,0.000000,0.000000,0.000000
1.251000,1.609500,inf,0,inf,inf,inf,inf,0.000000,0.000000,0.000000
1.251000,1.653000,inf,0,inf,inf,inf,inf,0.000000,0.000000,0.000000
1.251000,1.696500,inf,0,inf,inf,inf,inf,0.000000,0.000000,0.000000
1.251000,1.740000,inf,0,inf,inf,inf,inf,0.000000,0.000000,0.000000
1.285750,-1.740000,1.219560,1,0.266311,0.266311,0.136058,0.076470,-0.115552,0.001151,0.315886
1.285750,-1.696500,1.109967,1,0.272887,0.272887,0.140848,0.081636,-0.122858,0.001151,0.319258
1.285750,-1.653000,1.017150,1,0.279728,0.279728,0.145730,0.083942,-0.130304,0.001151,0.322310
1.285750,-1.609500,0.939009,1,0.286803,0.286803,0.149999,0.086638,-0.137875,0.001151,0.325035
1.285750,-1.566000,0.881174,1,0.294082,0.294082,0.155529,0.090421,-0.145558,0.001151,0.327429
1.285750,-1.522500,0.843605,1,0.301537,0.301537,0.162181,0.095278,-0.153337,0.001151,0.329486
1.285750,-1.479000,0.820445,1,0.309141,0.309141,0.168094,0.101198,-0.161199,0.001151,0.331203
1.285750,-1.435500,0.813973,1,0.316871,0.316871,0.174000,0.105738,-0.169128,0.001151,0.332576
1.285750,-1.392000,0.827481,1,0.324703,0.324703,0.180816,0.109113,-0.177109,0.001151,0.333603
1.285750,-1.348500,0.853102,1,0.332615,0.332615,0.188432,0.113547,-0.185127,0.001151,0.334282
1.285750,-1.305000,0.879324,1,0.340588,0.340588,0.195814,0.119028,-0.193167,0.001151,0.334612
1.285750,-1.261500,0.904306,1,0.348602,0.348602,0.202537,0.125539,-0.201214,0.001151,0.334592
1.285750,-1.218000,0.933232,1,0.356641,0.356641,0.209905,0.131803,-0.209252,0.001151,0.334222
1.285750,-1.174500,0.966033,1,0.364688,0.364688,0.217840,0.135671,-0.217267,0.001151,0.333503
1.285750,-1.131000,1.002633,1,0.372728,0.372728,0.226267,0.140560,-0.225243,0.001151,0.332436
1.285750,-1.087500,1.037747,1,0.380746,0.380746,0.234010,0.146456,-0.233164,0.001151,0.331023
1.285750,-1.044000,1.072765,1,0.388729,0.388729,0.241425,0.153340,-0.241017,0.001151,0.329267
1.285750,-1.000500,1.111161,1,0.396665,0.396665,0.249240,0.160898,-0.248786,0.001151,0.327171
1.285750,-0.957000,1.152849,1,0.404541,0.404541,0.257407,0.165023,-0.256457,0.001151,0.324739
1.285750,-0.913500,1.197739,1,0.412347,0.412347,0.265877,0.170122,-0.264015,0.001151,0.321976
1.285750,-0.870000,1.244851,1,0.420073,0.420073,0.274446,0.176179,-0.271445,0.001151,0.318887
1.285750,-0.826500,1.287046,1,0.427708,0.427708,0.281843,0.183174,-0.278734,0.001151,0.315478
1.285750,-0.783000,1.331970,1,0.435243,0.435243,0.289486,0.191090,-0.285868,0.001151,0.311755
1.285750,-0.739500,1.379528,1,0.442669,0.442669,0.297340,0.195804,-0.292833,0.001151,0.307725
1.285750,-0.696000,1.429620,1,0.449978,0.449978,0.305375,0.200829,-0.299616,0.001151,0.303396
1.285750,-0.652500,1.482142,1,0.457163,0.457163,0.313563,0.206757,-0.306205,0.001151,0.298776
1.285750,-0.609000,1.536987,1,0.464215,0.464215,0.321877,0.213568,-0.312587,0.001151,0.293875
1.285750,-0.565500,1.594041,1,0.471127,0.471127,0.330292,0.221243,-0.318749,0.001151,0.288700
1.285750,-0.522000,1.653190,1,0.477893,0.477893,0.338787,0.226636,-0.324680,0.001151,0.283262
1.285750,-0.478500,1.714313,1,0.484507,0.484507,0.347338,0.231279,-0.330370,0.001151,0.277572
1.285750,-0.435000,1.777286,1,0.490962,0.490962,0.355927,0.236767,-0.335806,0.001151,0.271639
1.285750,-0.391500,1.841985,1,0.497252,0.497252,0.364536,0.243079,-0.340980,0.001151,0.265476
1.285750,-0.348000,1.908280,1,0.503373,0.503373,0.373146,0.250198,-0.345880,0.001151,0.259093
1.285750,-0.304500,1.976038,1,0.509318,0.509318,0.381743,0.256193,-0.350499,0.001151,0.252503
1.285750,-0.261000,2.045127,1,0.515082,0.515082,0.390312,0.260136,-0.354826,0.001151,0.245719
1.285750,-0.217500,2.115409,1,0.520662,0.520662,0.398838,0.264864,-0.358854,0.001151,0.238753
1.285750,-0.174000,2.186747,1,0.526052,0.526052,0.407308,0.270360,-0.362576,0.001151,0.231619
1.285750,-0.130500,2.259000,1,0.531249,0.531249,0.415712,0.276604,-0.365984,0.001151,0.224329
1.285750,-0.087000,2.332027,1,0.536247,0.536247,0.424036,0.283261,-0.369071,0.001150,0.216898
1.285750,-0.043500,2.405686,1,0.541044,0.541044,0.432271,0.286190,-0.371833,0.001150,0.209340
1.285750,0.000000,2.479834,1,0.545636,0.545636,0.440406,0.289848,-0.374263,0.001150,0.201669
1.285750,0.043500,2.554327,1,0.550018,0.550018,0.448432,0.294219,-0.376357,0.001150,0.193899
1.285750,0.087000,2.629021,1,0.554189,0.554189,0.456339,0.299285,-0.378112,0.001150,0.186046
1.285750,0.130500,2.706200,1,0.558145,0.558145,0.464120,0.305028,-0.379523,0.001150,0.178124
1.285750,0.174000,2.797386,1,0.561882,0.561882,0.471766,0.308409,-0.380588,0.001150,0.170148
1.285750,0.217500,2.903967,1,0.565399,0.565399,0.479269,0.310709,-0.381306,0.001150,0.162133
1.285750,0.261000,3.025801,1,0.568693,0.568693,0.486622,0.313673,-0.381674,0.001150,0.154095
1.285750,0.304500,3.162745,1,0.571762,0.571762,0.493819,0.317284,-0.381693,0.001150,0.146048
1.285750,0.348000,3.314660,1,0.574602,0.574602,0.500852,0.321526,-0.381361,0.001150,0.138008
1.285750,0.391500,3.481407,1,0.577214,0.577214,0.507715,0.325983,-0.380681,0.001150,0.129990
1.285750,0.435000,3.662850,1,0.579593,0.579593,0.514403,0.326671,-0.379652,0.001150,0.122009
1.285750,0.478500,inf,0,inf,inf,inf,inf,0.000000,0.000000,0.000000
1.285750,0.522000,inf,0,inf,inf,inf,inf,0.000000,0.000000,0.000000
1.285750,0.565500,inf,0,inf,inf,inf,inf,0.000000,0.000000,0.000000
1.285750,0.609000,inf,0,inf,inf,inf,inf,0.000000,0.000000,0.000000
1.285750,0.652500,inf,0,inf,inf,inf,inf,0.000000,0.000000,0.000000
1.285750,0.696000,inf,0,inf,inf,inf,inf,0.000000,0.000000,0.000000
1.285750,0.739500,inf,0,inf,inf,inf,inf,0.000000,0.000000,0.000000
1.285750,0.783000,inf,0,inf,inf,inf,inf,0.000000,0.000000,0.000000
1.285750,0.826500,inf,0,inf,inf,inf,inf,0.000000,0.000000,0.000000
1.285750,0.870000,inf,0,inf,inf,inf,inf,0.000000,0.000000,0.000000
1.285750,0.913500,inf,0,inf,inf,inf,inf,0.000000,0.000000,0.000000
1.285750,0.957000,inf,0,inf,inf,inf,inf,0.000000,0.000000,0.000000
1.285750,1.000500,inf,0,inf,inf,inf,inf,0.000000,0.000000,0.000000
1.285750,1.044000,inf,0,inf,inf,inf,inf,0.000000,0.000000,0.000000
1.285750,1.087500,inf,0,inf,inf,inf,inf,0.000000,0.000000,0.000000
1.285750,1.131000,inf,0,inf,inf,inf,inf,0.000000,0.000000,0.000000
1.285750,1.174500,inf,0,inf,inf,inf,inf,0.000000,0.000000,0.000000
1.285750,1.218000,inf,0,inf,inf,inf,inf,0.000000,0.000000,0.000000
1.285750,1.261500,inf,0,inf,inf,inf,inf,0.000000,0.000000,0.000000
1.285750,1.305000,inf,0,inf,inf,inf,inf,0.000000,0.000000,0.000000
1.285750,1.348500,inf,0,inf,inf,inf,inf,0.000000,0.000000,0.000000
1.285750,1.392000,inf,0,inf,inf,inf,inf,0.000000,0.000000,0.000000
1.285750,1.435500,inf,0,inf,inf,inf,inf,0.000000,0.000000,0.000000
1.285750,1.479000,inf,0,inf,inf,inf,inf,0.000000,0.000000,0.000000
1.285750,1.522500,inf,0,inf,inf,inf,inf,0.000000,0.000000,0.000000
1.285750,1.566000,inf,0,inf,inf,inf,inf,0.000000,0.000000,0.000000
1.285750,1.609500,inf,0,inf,inf,inf,inf,0.000000,0.000000,0.000000
1.285750,1.653000,inf,0,inf,inf,inf,inf,0.000000,0.000000,0.000000
1.285750,1.696500,inf,0,inf,inf,inf,inf,0.000000,0.000000,0.000000
1.285750,1.740000,inf,0,inf,inf,inf,inf,0.000000,0.000000,0.000000
1.320500,-1.740000,1.338219,1,0.274678,0.274678,0.144974,0.082194,-0.123261,0.001151,0.311736
1.320500,-1.696500,1.231800,1,0.281367,0.281367,0.150479,0.084989,-0.130679,0.001151,0.314853
1.320500,-1.653000,1.137069,1,0.288306,0.288306,0.154383,0.087495,-0.138227,0.001151,0.317644
1.320500,-1.609500,1.061989,1,0.295465,0.295465,0.159329,0.091099,-0.145888,0.001151,0.320105
1.320500,-1.566000,1.007260,1,0.302817,0.302817,0.165435,0.095787,-0.153649,0.001151,0.322230
1.320500,-1.522500,0.971632,1,0.310333,0.310333,0.172220,0.101547,-0.161496,0.001151,0.324015
1.320500,-1.479000,0.948083,1,0.317989,0.317989,0.177642,0.106617,-0.169412,0.001151,0.325458
1.320500,-1.435500,0.944598,1,0.325761,0.325761,0.184010,0.109831,-0.177384,0.001151,0.326555
1.320500,-1.392000,0.961124,1,0.333626,0.333626,0.191217,0.114115,-0.185396,0.001151,0.327304
1.320500,-1.348500,0.989787,1,0.341564,0.341564,0.199159,0.119455,-0.193433,0.001151,0.327704
1.320500,-1.305000,1.014694,1,0.349555,0.349555,0.205800,0.125836,-0.201479,0.001151,0.327754
1.320500,-1.261500,1.042518,1,0.357580,0.357580,0.212840,0.132675,-0.209521,0.001151,0.327455
1.320500,-1.218000,1.074301,1,0.365624,0.365624,0.220478,0.136412,-0.217541,0.001151,0.326806
1.320500,-1.174500,1.109970,1,0.373670,0.373670,0.228642,0.141182,-0.225526,0.001151,0.325808
1.320500,-1.131000,1.149033,1,0.381703,0.381703,0.237175,0.146967,-0.233460,0.001151,0.324465
1.320500,-1.087500,1.183223,1,0.389710,0.389710,0.244357,0.153752,-0.241328,0.001151,0.322778
1.320500,-1.044000,1.220871,1,0.397676,0.397676,0.251963,0.161517,-0.249115,0.001151,0.320750
1.320500,-1.000500,1.261893,1,0.405591,0.405591,0.259943,0.165953,-0.256807,0.001151,0.318385
1.320500,-0.957000,1.306200,1,0.413441,0.413441,0.268249,0.170962,-0.264388,0.001151,0.315688
1.320500,-0.913500,1.353696,1,0.421218,0.421218,0.276838,0.176938,-0.271845,0.001151,0.312664
1.320500,-0.870000,1.399364,1,0.428909,0.428909,0.284805,0.183862,-0.279164,0.001151,0.309319
1.320500,-0.826500,1.443881,1,0.436506,0.436506,0.292320,0.191717,-0.286330,0.001151,0.305659
1.320500,-0.783000,1.491107,1,0.444000,0.444000,0.300063,0.197084,-0.293330,0.001151,0.301690
1.320500,-0.739500,1.540943,1,0.451381,0.451381,0.308003,0.202046,-0.300151,0.001151,0.297421
1.320500,-0.696000,1.593286,1,0.458642,0.458642,0.316110,0.207921,-0.306780,0.001151,0.292859
1.320500,-0.652500,1.648027,1,0.465774,0.465774,0.324357,0.214688,-0.313204,0.001151,0.288013
1.320500,-0.609000,1.705053,1,0.472771,0.472771,0.332719,0.222328,-0.319412,0.001151,0.282893
1.320500,-0.565500,1.764248,1,0.479625,0.479625,0.341172,0.228414,-0.325390,0.001151,0.277507
1.320500,-0.522000,1.825493,1,0.486329,0.486329,0.349694,0.233019,-0.331129,0.001151,0.271866
1.320500,-0.478500,1.888663,1,0.492878,0.492878,0.358264,0.238477,-0.336618,0.001151,0.265982
1.320500,-0.435000,1.953632,1,0.499266,0.499266,0.366864,0.244769,-0.341845,0.001151,0.259864
1.320500,-0.391500,2.020269,1,0.505485,0.505485,0.375475,0.251874,-0.346801,0.001151,0.253524
1.320500,-0.348000,2.088442,1,0.511532,0.511532,0.384081,0.258599,-0.351477,0.001151,0.246975
1.320500,-0.304500,2.158016,1,0.517401,0.517401,0.392668,0.262524,-0.355863,0.001151,0.240229
1.320500,-0.261000,2.228852,1,0.523087,0.523087,0.401219,0.267242,-0.359953,0.001151,0.233299
1.320500,-0.217500,2.300812,1,0.528585,0.528585,0.409723,0.272735,-0.363736,0.001151,0.226197
1.320500,-0.174000,2.373754,1,0.533891,0.533891,0.418166,0.278983,-0.367208,0.001150,0.218937
1.320500,-0.130500,2.447534,1,0.539001,0.539001,0.426535,0.285968,-0.370360,0.001150,0.211534
1.320500,-0.087000,2.522010,1,0.543910,0.543910,0.434821,0.289326,-0.373188,0.001150,0.204000
1.320500,-0.043500,2.597035,1,0.548616,0.548616,0.443013,0.292987,-0.375685,0.001150,0.196350
1.320500,0.000000,2.672464,1,0.553113,0.553113,0.451100,0.297367,-0.377847,0.001150,0.188600
1.320500,0.043500,2.748151,1,0.557400,0.557400,0.459074,0.302448,-0.379670,0.001150,0.180762
1.320500,0.087000,2.824941,1,0.561472,0.561472,0.466924,0.308211,-0.381151,0.001150,0.172852
1.320500,0.130500,2.914085,1,0.565327,0.565327,0.474644,0.312361,-0.382286,0.001150,0.164886
1.320500,0.174000,3.018673,1,0.568961,0.568961,0.482225,0.314671,-0.383074,0.001150,0.156878
1.320500,0.217500,3.138561,1,0.572373,0.572373,0.489659,0.317649,-0.383513,0.001150,0.148843
1.320500,0.261000,3.273604,1,0.575560,0.575560,0.496940,0.321279,-0.383601,0.001150,0.140797
1.320500,0.304500,3.423660,1,0.578520,0.578520,0.504060,0.325545,-0.383340,0.001150,0.132754
1.320500,0.348000,3.588587,1,0.581250,0.581250,0.511012,0.330431,-0.382730,0.001150,0.124730
1.320500,0.391500,3.768246,1,0.583748,0.583748,0.517792,0.331484,-0.381771,0.001150,0.116741
1.320500,0.435000,inf,0,inf,inf,inf,inf,0.000000,0.000000,0.000000
1.320500,0.478500,inf,0,inf,inf,inf,inf,0.000000,0.000000,0.000000
1.320500,0.522000,inf,0,inf,inf,inf,inf,0.000000,0.000000,0.000000
1.320500,0.565500,inf,0,inf,inf,inf,inf,0.000000,0.000000,0.000000
1.320500,0.609000,inf,0,inf,inf,inf,inf,0.000000,0.000000,0.000000
1.320500,0.652500,inf,0,inf,inf,inf,inf,0.000000,0.000000,0.000000
1.320500,0.696000,inf,0,inf,inf,inf,inf,0.000000,0.000000,0.000000
1.320500,0.739500,inf,0,inf,inf,inf,inf,0.000000,0.000000,0.000000
1.320500,0.783000,inf,0,inf,inf,inf,inf,0.000000,0.000000,0.000000
1.320500,0.826500,inf,0,inf,inf,inf,inf,0.000000,0.000000,0.000000
1.320500,0.870000,inf,0,inf,inf,inf,inf,0.000000,0.000000,0.000000
1.320500,0.913500,inf,0,inf,inf,inf,inf,0.000000,0.000000,0.000000
1.320500,0.957000,inf,0,inf,inf,inf,inf,0.000000,0.000000,0.000000
1.320500,1.000500,inf,0,inf,inf,inf,inf,0.000000,0.000000,0.000000
1.320500,1.044000,inf,0,inf,inf,inf,inf,0.000000,0.000000,0.000000
1.320500,1.087500,inf,0,inf,inf,inf,inf,0.000000,0.000000,0.000000
1.320500,1.131000,inf,0,inf,inf,inf,inf,0.000000,0.000000,0.000000
1.320500,1.174500,inf,0,inf,inf,inf,inf,0.000000,0.000000,0.000000
1.320500,1.218000,inf,0,inf,inf,inf,inf,0.000000,0.000000,0.000000
1.320500,1.261500,inf,0,inf,inf,inf,inf,0.000000,0.000000,0.000000
1.320500,1.305000,inf,0,inf,inf,inf,inf,0.000000,0.000000,0.000000
1.320500,1.348500,inf,0,inf,inf,inf,inf,0.000000,0.000000,0.000000
1.320500,1.392000,inf,0,inf,inf,inf,inf,0.000000,0.000000,0.000000
1.320500,1.435500,inf,0,inf,inf,inf,inf,0.000000,0.000000,0.000000
1.320500,1.479000,inf,0,inf,inf,inf,inf,0.000000,0.000000,0.000000
1.320500,1.522500,inf,0,inf,inf,inf,inf,0.000000,0.000000,0.000000
1.320500,1.566000,inf,0,inf,inf,inf,inf,0.000000,0.000000,0.000000
1.320500,1.609500,inf,0,inf,inf,inf,inf,0.000000,0.000000,0.000000
1.320500,1.653000,inf,0,inf,inf,inf,inf,0.000000,0.000000,0.000000
1.320500,1.696500,inf,0,inf,inf,inf,inf,0.000000,0.000000,0.000000
1.320500,1.740000,inf,0,inf,inf,inf,inf,0.000000,0.000000,0.000000
1.355250,-1.740000,1.475158,1,0.282979,0.282979,0.154163,0.086054,-0.130821,0.001151,0.307321
1.355250,-1.696500,1.367595,1,0.289773,0.289773,0.158937,0.088363,-0.138343,0.001151,0.310178
1.355250,-1.653000,1.275178,1,0.296805,0.296805,0.163296,0.091778,-0.145983,0.001151,0.312705
1.355250,-1.609500,1.203195,1,0.304045,0.304045,0.168848,0.096287,-0.153725,0.001151,0.314898
1.355250,-1.566000,1.151603,1,0.311465,0.311465,0.175470,0.101878,-0.161555,0.001151,0.316752
1.355250,-1.522500,1.114422,1,0.319040,0.319040,0.181407,0.107487,-0.169459,0.001151,0.318264
1.355250,-1.479000,1.093854,1,0.326743,0.326743,0.187316,0.110531,-0.177421,0.001151,0.319431
1.355250,-1.435500,1.093381,1,0.334554,0.334554,0.194101,0.114655,-0.185426,0.001151,0.320250
1.355250,-1.392000,1.112944,1,0.342449,0.342449,0.201661,0.119846,-0.193459,0.001151,0.320721
1.355250,-1.348500,1.141444,1,0.350410,0.350410,0.209131,0.126087,-0.201505,0.001151,0.320841
1.355250,-1.305000,1.168080,1,0.358416,0.358416,0.215831,0.133364,-0.209549,0.001151,0.320612
1.355250,-1.261500,1.198759,1,0.366451,0.366451,0.223161,0.137107,-0.217575,0.001151,0.320033
1.355250,-1.218000,1.233409,1,0.374497,0.374497,0.231047,0.141747,-0.225568,0.001151,0.319106
1.355250,-1.174500,1.271950,1,0.382540,0.382540,0.239421,0.147413,-0.233513,0.001151,0.317832
1.355250,-1.131000,1.309729,1,0.390564,0.390564,0.247296,0.154088,-0.241396,0.001151,0.316213
1.355250,-1.087500,1.346549,1,0.398557,0.398557,0.254682,0.161756,-0.249200,0.001151,0.314254
1.355250,-1.044000,1.386824,1,0.406505,0.406505,0.262466,0.166810,-0.256912,0.001151,0.311957
1.355250,-1.000500,1.430467,1,0.414396,0.414396,0.270598,0.171719,-0.264517,0.001151,0.309326
1.355250,-0.957000,1.477382,1,0.422219,0.422219,0.279035,0.177606,-0.272000,0.001151,0.306368
1.355250,-0.913500,1.527442,1,0.429964,0.429964,0.287728,0.184451,-0.279348,0.001151,0.303087
1.355250,-0.870000,1.571481,1,0.437619,0.437619,0.295108,0.192237,-0.286546,0.001151,0.299489
1.355250,-0.826500,1.618305,1,0.445177,0.445177,0.302732,0.198266,-0.293580,0.001151,0.295582
1.355250,-0.783000,1.667815,1,0.452627,0.452627,0.310569,0.203158,-0.300438,0.001151,0.291372
1.355250,-0.739500,1.719908,1,0.459961,0.459961,0.318588,0.208972,-0.307107,0.001151,0.286869
1.355250,-0.696000,1.774475,1,0.467171,0.467171,0.326761,0.215688,-0.313573,0.001151,0.282079
1.355250,-0.652500,1.831405,1,0.474250,0.474250,0.335062,0.223286,-0.319825,0.001151,0.277013
1.355250,-0.609000,1.890581,1,0.481189,0.481189,0.343467,0.230076,-0.325851,0.001151,0.271680
1.355250,-0.565500,1.951882,1,0.487983,0.487983,0.351953,0.234636,-0.331639,0.001151,0.266090
1.355250,-0.522000,2.015184,1,0.494624,0.494624,0.360498,0.240058,-0.337179,0.001151,0.260253
1.355250,-0.478500,2.080360,1,0.501106,0.501106,0.369084,0.246322,-0.342459,0.001151,0.254181
1.355250,-0.435000,2.147279,1,0.507424,0.507424,0.377690,0.253409,-0.347471,0.001151,0.247886
1.355250,-0.391500,2.215807,1,0.513572,0.513572,0.386302,0.260876,-0.352203,0.001151,0.241378
1.355250,-0.348000,2.285808,1,0.519544,0.519544,0.394901,0.264777,-0.356649,0.001151,0.234670
1.355250,-0.304500,2.357144,1,0.525335,0.525335,0.403474,0.269479,-0.360799,0.001151,0.227776
1.355250,-0.261000,2.429672,1,0.530940,0.530940,0.412006,0.274964,-0.364644,0.001150,0.220708
1.355250,-0.217500,2.503251,1,0.536355,0.536355,0.420484,0.281212,-0.368179,0.001150,0.213479
1.355250,-0.174000,2.577736,1,0.541575,0.541575,0.428896,0.288203,-0.371396,0.001150,0.206103
1.355250,-0.130500,2.652980,1,0.546597,0.546597,0.437230,0.292320,-0.374290,0.001150,0.198594
1.355250,-0.087000,2.728839,1,0.551415,0.551415,0.445475,0.295980,-0.376854,0.001150,0.190967
1.355250,-0.043500,2.805162,1,0.556027,0.556027,0.453621,0.300366,-0.379084,0.001150,0.183235
1.355250,0.000000,2.881803,1,0.560429,0.560429,0.461658,0.305458,-0.380975,0.001150,0.175414
1.355250,0.043500,2.958801,1,0.564618,0.564618,0.469577,0.311239,-0.382525,0.001150,0.167517
1.355250,0.087000,3.045868,1,0.568590,0.568590,0.477369,0.316173,-0.383730,0.001150,0.159561
1.355250,0.130500,3.148432,1,0.572343,0.572343,0.485026,0.318489,-0.384588,0.001150,0.151560
1.355250,0.174000,3.266346,1,0.575873,0.575873,0.492539,0.321479,-0.385097,0.001150,0.143529
1.355250,0.217500,3.399463,1,0.579179,0.579179,0.499902,0.325126,-0.385256,0.001150,0.135484
1.355250,0.261000,3.547637,1,0.582258,0.582258,0.507108,0.329413,-0.385065,0.001150,0.127440
1.355250,0.304500,3.710726,1,0.585107,0.585107,0.514149,0.334324,-0.384525,0.001150,0.119411
1.355250,0.348000,3.888585,1,0.587726,0.587726,0.521020,0.336162,-0.383636,0.001150,0.111413
1.355250,0.391500,inf,0,inf,inf,inf,inf,0.000000,0.000000,0.000000
1.355250,0.435000,inf,0,inf,inf,inf,inf,0.000000,0.000000,0.000000
1.355250,0.478500,inf,0,inf,inf,inf,inf,0.000000,0.000000,0.000000
1.355250,0.522000,inf,0,inf,inf,inf,inf,0.000000,0.000000,0.000000
1.355250,0.565500,inf,0,inf,inf,inf,inf,0.000000,0.000000,0.000000
1.355250,0.609000,inf,0,inf,inf,inf,inf,0.000000,0.000000,0.000000
1.355250,0.652500,inf,0,inf,inf,inf,inf,0.000000,0.000000,0.000000
1.355250,0.696000,inf,0,inf,inf,inf,inf,0.000000,0.000000,0.000000
1.355250,0.739500,inf,0,inf,inf,inf,inf,0.000000,0.000000,0.000000
1.355250,0.783000,inf,0,inf,inf,inf,inf,0.000000,0.000000,0.000000
1.355250,0.826500,inf,0,inf,inf,inf,inf,0.000000,0.000000,0.000000
1.355250,0.870000,inf,0,inf,inf,inf,inf,0.000000,0.000000,0.000000
1.355250,0.913500,inf,0,inf,inf,inf,inf,0.000000,0.000000,0.000000
1.355250,0.957000,inf,0,inf,inf,inf,inf,0.000000,0.000000,0.000000
1.355250,1.000500,inf,0,inf,inf,inf,inf,0.000000,0.000000,0.000000
1.355250,1.044000,inf,0,inf,inf,inf,inf,0.000000,0.000000,0.000000
1.355250,1.087500,inf,0,inf,inf,inf,inf,0.000000,0.000000,0.000000
1.355250,1.131000,inf,0,inf,inf,inf,inf,0.000000,0.000000,0.000000
1.355250,1.174500,inf,0,inf,inf,inf,inf,0.000000,0.000000,0.000000
1.355250,1.218000,inf,0,inf,inf,inf,inf,0.000000,0.000000,0.000000
1.355250,1.261500,inf,0,inf,inf,inf,inf,0.000000,0.000000,0.000000
1.355250,1.305000,inf,0,inf,inf,inf,inf,0.000000,0.000000,0.000000
1.355250,1.348500,inf,0,inf,inf,inf,inf,0.000000,0.000000,0.000000
1.355250,1.392000,inf,0,inf,inf,inf,inf,0.000000,0.000000,0.000000
1.355250,1.435500,inf,0,inf,inf,inf,inf,0.000000,0.000000,0.000000
1.355250,1.479000,inf,0,inf,inf,inf,inf,0.000000,0.000000,0.000000
1.355250,1.522500,inf,0,inf,inf,inf,inf,0.000000,0.000000,0.000000
1.355250,1.566000,inf,0,inf,inf,inf,inf,0.000000,0.000000,0.000000
1.355250,1.609500,inf,0,inf,inf,inf,inf,0.000000,0.000000,0.000000
1.355250,1.653000,inf,0,inf,inf,inf,inf,0.000000,0.000000,0.000000
1.355250,1.696500,inf,0,inf,inf,inf,inf,0.000000,0.000000,0.000000
1.355250,1.740000,inf,0,inf,inf,inf,inf,0.000000,0.000000,0.000000
1.390000,-1.740000,1.630337,1,0.291208,0.291208,0.163570,0.089243,-0.138223,0.001151,0.302646
1.390000,-1.696500,1.520765,1,0.298104,0.298104,0.167426,0.092460,-0.145840,0.001151,0.305240
1.390000,-1.653000,1.431437,1,0.305223,0.305223,0.172418,0.096781,-0.153563,0.001151,0.307500
1.390000,-1.609500,1.362583,1,0.312539,0.312539,0.178516,0.102194,-0.161376,0.001151,0.309423
1.390000,-1.566000,1.313010,1,0.320024,0.320024,0.185292,0.108350,-0.169267,0.001151,0.311004
1.390000,-1.522500,1.275269,1,0.327652,0.327652,0.190734,0.111214,-0.177218,0.001151,0.312240
1.390000,-1.479000,1.257707,1,0.335400,0.335400,0.197086,0.115169,-0.185215,0.001151,0.313129
1.390000,-1.435500,1.260267,1,0.343246,0.343246,0.204249,0.120201,-0.193244,0.001151,0.313670
1.390000,-1.392000,1.282884,1,0.351170,0.351170,0.212131,0.126294,-0.201289,0.001151,0.313861
1.390000,-1.348500,1.309937,1,0.359150,0.359150,0.218879,0.133432,-0.209334,0.001151,0.313702
1.390000,-1.305000,1.339425,1,0.367169,0.367169,0.225888,0.137756,-0.217365,0.001151,0.313194
1.390000,-1.261500,1.372969,1,0.375210,0.375210,0.233485,0.142257,-0.225366,0.001151,0.312336
1.390000,-1.218000,1.410490,1,0.383257,0.383257,0.241600,0.147795,-0.233322,0.001151,0.311132
1.390000,-1.174500,1.451905,1,0.391294,0.391294,0.250167,0.154353,-0.241218,0.001151,0.309583
1.390000,-1.131000,1.488205,1,0.399308,0.399308,0.257401,0.161913,-0.249040,0.001151,0.307691
1.390000,-1.087500,1.527653,1,0.407285,0.407285,0.264978,0.167594,-0.256772,0.001151,0.305462
1.390000,-1.044000,1.570550,1,0.415212,0.415212,0.272926,0.172395,-0.264399,0.001151,0.302898
1.390000,-1.000500,1.616804,1,0.423078,0.423078,0.281200,0.178184,-0.271908,0.001151,0.300005
1.390000,-0.957000,1.666315,1,0.430872,0.430872,0.289756,0.184943,-0.279284,0.001151,0.296788
1.390000,-0.913500,1.714772,1,0.438582,0.438582,0.297850,0.192651,-0.286513,0.001151,0.293254
1.390000,-0.870000,1.761122,1,0.446200,0.446200,0.305348,0.199352,-0.293581,0.001151,0.289408
1.390000,-0.826500,1.810234,1,0.453716,0.453716,0.313074,0.204166,-0.300476,0.001151,0.285259
1.390000,-0.783000,1.862007,1,0.461121,0.461121,0.320998,0.209911,-0.307184,0.001151,0.280814
1.390000,-0.739500,1.916331,1,0.468406,0.468406,0.329090,0.216567,-0.313692,0.001151,0.276081
1.390000,-0.696000,1.973096,1,0.475564,0.475564,0.337323,0.224117,-0.319988,0.001151,0.271070
1.390000,-0.652500,2.032184,1,0.482586,0.482586,0.345673,0.231622,-0.326060,0.001151,0.265790
1.390000,-0.609000,2.093474,1,0.489467,0.489467,0.354117,0.236130,-0.331897,0.001151,0.260250
1.390000,-0.565500,2.156843,1,0.496198,0.496198,0.362631,0.241509,-0.337487,0.001151,0.254463
1.390000,-0.522000,2.222161,1,0.502774,0.502774,0.371197,0.247739,-0.342821,0.001151,0.248437
1.390000,-0.478500,2.289299,1,0.509189,0.509189,0.379794,0.254801,-0.347887,0.001151,0.242185
1.390000,-0.435000,2.358121,1,0.515435,0.515435,0.388405,0.262675,-0.352677,0.001151,0.235719
1.390000,-0.391500,2.428490,1,0.521509,0.521509,0.397013,0.266893,-0.357181,0.001151,0.229051
1.390000,-0.348000,2.500266,1,0.527404,0.527404,0.405602,0.271574,-0.361390,0.001150,0.222193
1.390000,-0.304500,2.573308,1,0.533115,0.533115,0.414159,0.277046,-0.365298,0.001150,0.215159
1.390000,-0.261000,2.647470,1,0.538638,0.538638,0.422669,0.283288,-0.368896,0.001150,0.207961
1.390000,-0.217500,2.722608,1,0.543968,0.543968,0.431119,0.290281,-0.372177,0.001150,0.200614
1.390000,-0.174000,2.798573,1,0.549101,0.549101,0.439498,0.295171,-0.375136,0.001150,0.193131
1.390000,-0.130500,2.875217,1,0.554033,0.554033,0.447793,0.298826,-0.377767,0.001150,0.185526
1.390000,-0.087000,2.952391,1,0.558759,0.558759,0.455995,0.303212,-0.380065,0.001150,0.177814
1.390000,-0.043500,3.029943,1,0.563276,0.563276,0.464093,0.308312,-0.382025,0.001150,0.170009
1.390000,0.000000,3.107725,1,0.567581,0.567581,0.472077,0.314107,-0.383643,0.001150,0.162127
1.390000,0.043500,3.192695,1,0.571671,0.571671,0.479939,0.319841,-0.384918,0.001150,0.154182
1.390000,0.087000,3.293202,1,0.575542,0.575542,0.487670,0.322160,-0.385845,0.001150,0.146189
1.390000,0.130500,3.409111,1,0.579191,0.579191,0.495261,0.325159,-0.386425,0.001150,0.138163
1.390000,0.174000,3.540274,1,0.582616,0.582616,0.502706,0.328820,-0.386654,0.001150,0.130119
1.390000,0.217500,3.686542,1,0.585815,0.585815,0.509996,0.333126,-0.386534,0.001150,0.122073
1.390000,0.261000,3.847769,1,0.588784,0.588784,0.517124,0.338061,-0.386064,0.001150,0.114040
1.390000,0.304500,4.023810,1,0.591523,0.591523,0.524085,0.340700,-0.385245,0.001150,0.106035
1.390000,0.348000,4.214521,1,0.594028,0.594028,0.530871,0.342045,-0.384079,0.001150,0.098073
1.390000,0.391500,inf,0,inf,inf,inf,inf,0.000000,0.000000,0.000000
1.390000,0.435000,inf,0,inf,inf,inf,inf,0.000000,0.000000,0.000000
1.390000,0.478500,inf,0,inf,inf,inf,inf,0.000000,0.000000,0.000000
1.390000,0.522000,inf,0,inf,inf,inf,inf,0.000000,0.000000,0.000000
1.390000,0.565500,inf,0,inf,inf,inf,inf,0.000000,0.000000,0.000000
1.390000,0.609000,inf,0,inf,inf,inf,inf,0.000000,0.000000,0.000000
1.390000,0.652500,inf,0,inf,inf,inf,inf,0.000000,0.000000,0.000000
1.390000,0.696000,inf,0,inf,inf,inf,inf,0.000000,0.000000,0.000000
1.390000,0.739500,inf,0,inf,inf,inf,inf,0.000000,0.000000,0.000000
1.390000,0.783000,inf,0,inf,inf,inf,inf,0.000000,0.000000,0.000000
1.390000,0.826500,inf,0,inf,inf,inf,inf,0.000000,0.000000,0.000000
1.390000,0.870000,inf,0,inf,inf,inf,inf,0.000000,0.000000,0.000000
1.390000,0.913500,inf,0,inf,inf,inf,inf,0.000000,0.000000,0.000000
1.390000,0.957000,inf,0,inf,inf,inf,inf,0.000000,0.000000,0.000000
1.390000,1.000500,inf,0,inf,inf,inf,inf,0.000000,0.000000,0.000000
1.390000,1.044000,inf,0,inf,inf,inf,inf,0.000000,0.000000,0.000000
1.390000,1.087500,inf,0,inf,inf,inf,inf,0.000000,0.000000,0.000000
1.390000,1.131000,inf,0,inf,inf,inf,inf,0.000000,0.000000,0.000000
1.390000,1.174500,inf,0,inf,inf,inf,inf,0.000000,0.000000,0.000000
1.390000,1.218000,inf,0,inf,inf,inf,inf,0.000000,0.000000,0.000000
1.390000,1.261500,inf,0,inf,inf,inf,inf,0.000000,0.000000,0.000000
1.390000,1.305000,inf,0,inf,inf,inf,inf,0.000000,0.000000,0.000000
1.390000,1.348500,inf,0,inf,inf,inf,inf,0.000000,0.000000,0.000000
1.390000,1.392000,inf,0,inf,inf,inf,inf,0.000000,0.000000,0.000000
1.390000,1.435500,inf,0,inf,inf,inf,inf,0.000000,0.000000,0.000000
1.390000,1.479000,inf,0,inf,inf,inf,inf,0.000000,0.000000,0.000000
1.390000,1.522500,inf,0,inf,inf,inf,inf,0.000000,0.000000,0.000000
1.390000,1.566000,inf,0,inf,inf,inf,inf,0.000000,0.000000,0.000000
1.390000,1.609500,inf,0,inf,inf,inf,inf,0.000000,0.000000,0.000000
1.390000,1.653000,inf,0,inf,inf,inf,inf,0.000000,0.000000,0.000000
1.390000,1.696500,inf,0,inf,inf,inf,inf,0.000000,0.000000,0.000000
1.390000,1.740000,inf,0,inf,inf,inf,inf,0.000000,0.000000,0.000000
